2026-04-02 13:02:08.207 | INFO     | __main__:run_ingestion:27 - Loading qualifying data for 2023 Round 20
2026-04-02 13:02:21.114 | INFO     | __main__:run_ingestion:30 - Loaded 93 raw laps
2026-04-02 13:02:21.133 | INFO     | __main__:run_ingestion:33 - Validated 93 laps
2026-04-02 13:02:21.252 | INFO     | __main__:run_ingestion:36 - Saved validated qualifying data to DuckDB
2026-04-02 13:04:36.430 | INFO     | __main__:run_ingestion_multiple:19 - Loading qualifying data for years=[2019, 2020, 2021, 2022, 2023, 2026], rounds=[1, 2, 3, 4, 5, 6, 7, 8, 9, 10, 11, 12, 13, 14, 15, 16, 17, 18, 19, 20, 21, 22]
2026-04-02 13:15:17.005 | INFO     | __main__:run_ingestion_multiple:22 - Loaded 4289 raw laps across all sessions
2026-04-02 13:15:17.077 | INFO     | __main__:run_ingestion_multiple:25 - Validated 4289 laps
2026-04-02 13:15:17.245 | INFO     | __main__:run_ingestion_multiple:28 - Saved validated qualifying data to DuckDB
2026-04-02 13:40:16.835 | INFO     | __main__:run_ingestion_multiple:37 - Loading qualifying data for years=[2019, 2020, 2021, 2022, 2023, 2026], rounds=[1, 2, 3, 4, 5, 6, 7, 8, 9, 10, 11, 12, 13, 14, 15, 16, 17, 18, 19, 20, 21, 22]
2026-04-02 13:40:20.040 | INFO     | fastf1.core:load:1408 - Loading data for Australian Grand Prix - Qualifying [v3.8.2]
2026-04-02 13:40:20.051 | INFO     | fastf1.req:_cached_api_request:434 - Using cached data for session_info
2026-04-02 13:40:20.062 | INFO     | fastf1.req:_cached_api_request:434 - Using cached data for driver_info
2026-04-02 13:40:20.117 | INFO     | fastf1.req:_cached_api_request:434 - Using cached data for session_status_data
2026-04-02 13:40:20.128 | INFO     | fastf1.req:_cached_api_request:434 - Using cached data for track_status_data
2026-04-02 13:40:20.140 | INFO     | fastf1.req:_cached_api_request:434 - Using cached data for _extended_timing_data
2026-04-02 13:40:20.155 | INFO     | fastf1.req:_cached_api_request:434 - Using cached data for timing_app_data
2026-04-02 13:40:20.155 | INFO     | fastf1.core:_load_laps_data:1463 - Processing timing data...
2026-04-02 13:40:21.103 | INFO     | fastf1.req:_cached_api_request:434 - Using cached data for car_data
2026-04-02 13:40:21.275 | INFO     | fastf1.req:_cached_api_request:434 - Using cached data for position_data
2026-04-02 13:40:22.277 | INFO     | fastf1.req:_cached_api_request:434 - Using cached data for weather_data
2026-04-02 13:40:22.289 | INFO     | fastf1.req:_cached_api_request:434 - Using cached data for race_control_messages
2026-04-02 13:40:22.292 | INFO     | fastf1.core:load:1445 - Finished loading data for 20 drivers: ['44', '77', '5', '33', '16', '8', '20', '4', '7', '11', '27', '3', '23', '99', '26', '18', '10', '55', '63', '88']
2026-04-02 13:40:22.322 | INFO     | fastf1.core:load:1408 - Loading data for Bahrain Grand Prix - Qualifying [v3.8.2]
2026-04-02 13:40:22.336 | INFO     | fastf1.req:_cached_api_request:434 - Using cached data for session_info
2026-04-02 13:40:22.348 | INFO     | fastf1.req:_cached_api_request:434 - Using cached data for driver_info
2026-04-02 13:40:22.394 | INFO     | fastf1.req:_cached_api_request:434 - Using cached data for session_status_data
2026-04-02 13:40:22.403 | INFO     | fastf1.req:_cached_api_request:434 - Using cached data for track_status_data
2026-04-02 13:40:22.414 | INFO     | fastf1.req:_cached_api_request:434 - Using cached data for _extended_timing_data
2026-04-02 13:40:22.429 | INFO     | fastf1.req:_cached_api_request:434 - Using cached data for timing_app_data
2026-04-02 13:40:22.429 | INFO     | fastf1.core:_load_laps_data:1463 - Processing timing data...
2026-04-02 13:40:23.196 | INFO     | fastf1.req:_cached_api_request:434 - Using cached data for car_data
2026-04-02 13:40:23.319 | INFO     | fastf1.req:_cached_api_request:434 - Using cached data for position_data
2026-04-02 13:40:24.286 | INFO     | fastf1.req:_cached_api_request:434 - Using cached data for weather_data
2026-04-02 13:40:24.297 | INFO     | fastf1.req:_cached_api_request:434 - Using cached data for race_control_messages
2026-04-02 13:40:24.300 | INFO     | fastf1.core:load:1445 - Finished loading data for 20 drivers: ['16', '5', '44', '77', '33', '20', '55', '8', '7', '4', '3', '23', '10', '11', '26', '99', '27', '18', '63', '88']
2026-04-02 13:40:24.322 | INFO     | fastf1.core:load:1408 - Loading data for Chinese Grand Prix - Qualifying [v3.8.2]
2026-04-02 13:40:24.337 | INFO     | fastf1.req:_cached_api_request:434 - Using cached data for session_info
2026-04-02 13:40:24.349 | INFO     | fastf1.req:_cached_api_request:434 - Using cached data for driver_info
2026-04-02 13:40:24.396 | INFO     | fastf1.req:_cached_api_request:434 - Using cached data for session_status_data
2026-04-02 13:40:24.404 | INFO     | fastf1.req:_cached_api_request:434 - Using cached data for track_status_data
2026-04-02 13:40:24.418 | INFO     | fastf1.req:_cached_api_request:434 - Using cached data for _extended_timing_data
2026-04-02 13:40:24.431 | INFO     | fastf1.req:_cached_api_request:434 - Using cached data for timing_app_data
2026-04-02 13:40:24.432 | INFO     | fastf1.core:_load_laps_data:1463 - Processing timing data...
2026-04-02 13:40:24.799 | WARNING  | fastf1.core:_load_laps_data:1514 - No lap data for driver 23
2026-04-02 13:40:25.003 | WARNING  | fastf1.core:_check_lap_accuracy:2306 - Failed to perform lap accuracy check - all laps marked as inaccurate (driver 23)
2026-04-02 13:40:25.217 | INFO     | fastf1.req:_cached_api_request:434 - Using cached data for car_data
2026-04-02 13:40:25.334 | INFO     | fastf1.req:_cached_api_request:434 - Using cached data for position_data
2026-04-02 13:40:26.266 | INFO     | fastf1.req:_cached_api_request:434 - Using cached data for weather_data
2026-04-02 13:40:26.274 | INFO     | fastf1.req:_cached_api_request:434 - Using cached data for race_control_messages
2026-04-02 13:40:26.278 | INFO     | fastf1.core:load:1445 - Finished loading data for 20 drivers: ['77', '44', '5', '16', '33', '10', '3', '27', '20', '8', '26', '11', '7', '55', '4', '18', '63', '88', '23', '99']
2026-04-02 13:40:26.304 | INFO     | fastf1.core:load:1408 - Loading data for Azerbaijan Grand Prix - Qualifying [v3.8.2]
2026-04-02 13:40:26.317 | INFO     | fastf1.req:_cached_api_request:434 - Using cached data for session_info
2026-04-02 13:40:26.327 | INFO     | fastf1.req:_cached_api_request:434 - Using cached data for driver_info
2026-04-02 13:40:26.373 | INFO     | fastf1.req:_cached_api_request:434 - Using cached data for session_status_data
2026-04-02 13:40:26.383 | INFO     | fastf1.req:_cached_api_request:434 - Using cached data for track_status_data
2026-04-02 13:40:26.398 | INFO     | fastf1.req:_cached_api_request:434 - Using cached data for _extended_timing_data
2026-04-02 13:40:26.409 | INFO     | fastf1.req:_cached_api_request:434 - Using cached data for timing_app_data
2026-04-02 13:40:26.409 | INFO     | fastf1.core:_load_laps_data:1463 - Processing timing data...
2026-04-02 13:40:27.446 | INFO     | fastf1.req:_cached_api_request:434 - Using cached data for car_data
2026-04-02 13:40:27.640 | INFO     | fastf1.req:_cached_api_request:434 - Using cached data for position_data
2026-04-02 13:40:29.252 | INFO     | fastf1.req:_cached_api_request:434 - Using cached data for weather_data
2026-04-02 13:40:29.260 | INFO     | fastf1.req:_cached_api_request:434 - Using cached data for race_control_messages
2026-04-02 13:40:29.267 | INFO     | fastf1.core:load:1445 - Finished loading data for 20 drivers: ['77', '44', '5', '33', '11', '26', '4', '99', '16', '55', '3', '23', '20', '18', '8', '27', '63', '88', '7', '10']
2026-04-02 13:40:29.297 | INFO     | fastf1.core:load:1408 - Loading data for Spanish Grand Prix - Qualifying [v3.8.2]
2026-04-02 13:40:29.306 | INFO     | fastf1.req:_cached_api_request:434 - Using cached data for session_info
2026-04-02 13:40:29.314 | INFO     | fastf1.req:_cached_api_request:434 - Using cached data for driver_info
2026-04-02 13:40:29.359 | INFO     | fastf1.req:_cached_api_request:434 - Using cached data for session_status_data
2026-04-02 13:40:29.369 | INFO     | fastf1.req:_cached_api_request:434 - Using cached data for track_status_data
2026-04-02 13:40:29.379 | INFO     | fastf1.req:_cached_api_request:434 - Using cached data for _extended_timing_data
2026-04-02 13:40:29.392 | INFO     | fastf1.req:_cached_api_request:434 - Using cached data for timing_app_data
2026-04-02 13:40:29.392 | INFO     | fastf1.core:_load_laps_data:1463 - Processing timing data...
2026-04-02 13:40:30.215 | INFO     | fastf1.req:_cached_api_request:434 - Using cached data for car_data
2026-04-02 13:40:30.339 | INFO     | fastf1.req:_cached_api_request:434 - Using cached data for position_data
2026-04-02 13:40:31.303 | INFO     | fastf1.req:_cached_api_request:434 - Using cached data for weather_data
2026-04-02 13:40:31.313 | INFO     | fastf1.req:_cached_api_request:434 - Using cached data for race_control_messages
2026-04-02 13:40:31.318 | INFO     | fastf1.core:load:1445 - Finished loading data for 20 drivers: ['77', '44', '5', '33', '16', '10', '8', '20', '26', '3', '4', '23', '55', '7', '11', '27', '18', '99', '63', '88']
2026-04-02 13:40:31.346 | INFO     | fastf1.core:load:1408 - Loading data for Monaco Grand Prix - Qualifying [v3.8.2]
2026-04-02 13:40:31.356 | INFO     | fastf1.req:_cached_api_request:434 - Using cached data for session_info
2026-04-02 13:40:31.367 | INFO     | fastf1.req:_cached_api_request:434 - Using cached data for driver_info
2026-04-02 13:40:31.409 | INFO     | fastf1.req:_cached_api_request:434 - Using cached data for session_status_data
2026-04-02 13:40:31.418 | INFO     | fastf1.req:_cached_api_request:434 - Using cached data for track_status_data
2026-04-02 13:40:31.431 | INFO     | fastf1.req:_cached_api_request:434 - Using cached data for _extended_timing_data
2026-04-02 13:40:31.441 | INFO     | fastf1.req:_cached_api_request:434 - Using cached data for timing_app_data
2026-04-02 13:40:31.441 | INFO     | fastf1.core:_load_laps_data:1463 - Processing timing data...
2026-04-02 13:40:32.363 | INFO     | fastf1.req:_cached_api_request:434 - Using cached data for car_data
2026-04-02 13:40:32.484 | INFO     | fastf1.req:_cached_api_request:434 - Using cached data for position_data
2026-04-02 13:40:33.394 | INFO     | fastf1.req:_cached_api_request:434 - Using cached data for weather_data
2026-04-02 13:40:33.404 | INFO     | fastf1.req:_cached_api_request:434 - Using cached data for race_control_messages
2026-04-02 13:40:33.407 | INFO     | fastf1.core:load:1445 - Finished loading data for 20 drivers: ['44', '77', '33', '5', '10', '20', '3', '26', '55', '23', '27', '4', '8', '7', '99', '16', '11', '18', '63', '88']
2026-04-02 13:40:33.435 | INFO     | fastf1.core:load:1408 - Loading data for Canadian Grand Prix - Qualifying [v3.8.2]
2026-04-02 13:40:33.448 | INFO     | fastf1.req:_cached_api_request:434 - Using cached data for session_info
2026-04-02 13:40:33.459 | INFO     | fastf1.req:_cached_api_request:434 - Using cached data for driver_info
2026-04-02 13:40:33.503 | INFO     | fastf1.req:_cached_api_request:434 - Using cached data for session_status_data
2026-04-02 13:40:33.513 | INFO     | fastf1.req:_cached_api_request:434 - Using cached data for track_status_data
2026-04-02 13:40:33.529 | INFO     | fastf1.req:_cached_api_request:434 - Using cached data for _extended_timing_data
2026-04-02 13:40:33.542 | INFO     | fastf1.req:_cached_api_request:434 - Using cached data for timing_app_data
2026-04-02 13:40:33.542 | INFO     | fastf1.core:_load_laps_data:1463 - Processing timing data...
2026-04-02 13:40:34.411 | INFO     | fastf1.req:_cached_api_request:434 - Using cached data for car_data
2026-04-02 13:40:34.568 | INFO     | fastf1.req:_cached_api_request:434 - Using cached data for position_data
2026-04-02 13:40:35.693 | INFO     | fastf1.req:_cached_api_request:434 - Using cached data for weather_data
2026-04-02 13:40:35.705 | INFO     | fastf1.req:_cached_api_request:434 - Using cached data for race_control_messages
2026-04-02 13:40:35.710 | INFO     | fastf1.core:load:1445 - Finished loading data for 20 drivers: ['5', '44', '16', '3', '10', '77', '27', '4', '55', '20', '33', '26', '99', '23', '8', '11', '7', '18', '63', '88']
2026-04-02 13:40:35.741 | INFO     | fastf1.core:load:1408 - Loading data for French Grand Prix - Qualifying [v3.8.2]
2026-04-02 13:40:35.754 | INFO     | fastf1.req:_cached_api_request:434 - Using cached data for session_info
2026-04-02 13:40:35.764 | INFO     | fastf1.req:_cached_api_request:434 - Using cached data for driver_info
2026-04-02 13:40:35.808 | INFO     | fastf1.req:_cached_api_request:434 - Using cached data for session_status_data
2026-04-02 13:40:35.818 | INFO     | fastf1.req:_cached_api_request:434 - Using cached data for track_status_data
2026-04-02 13:40:35.830 | INFO     | fastf1.req:_cached_api_request:434 - Using cached data for _extended_timing_data
2026-04-02 13:40:35.843 | INFO     | fastf1.req:_cached_api_request:434 - Using cached data for timing_app_data
2026-04-02 13:40:35.843 | INFO     | fastf1.core:_load_laps_data:1463 - Processing timing data...
2026-04-02 13:40:36.716 | INFO     | fastf1.req:_cached_api_request:434 - Using cached data for car_data
2026-04-02 13:40:36.834 | INFO     | fastf1.req:_cached_api_request:434 - Using cached data for position_data
2026-04-02 13:40:37.858 | INFO     | fastf1.req:_cached_api_request:434 - Using cached data for weather_data
2026-04-02 13:40:37.869 | INFO     | fastf1.req:_cached_api_request:434 - Using cached data for race_control_messages
2026-04-02 13:40:37.873 | INFO     | fastf1.core:load:1445 - Finished loading data for 20 drivers: ['44', '77', '16', '33', '4', '55', '5', '3', '10', '99', '23', '7', '27', '11', '20', '26', '8', '18', '63', '88']
2026-04-02 13:40:37.902 | INFO     | fastf1.core:load:1408 - Loading data for Austrian Grand Prix - Qualifying [v3.8.2]
2026-04-02 13:40:37.914 | INFO     | fastf1.req:_cached_api_request:434 - Using cached data for session_info
2026-04-02 13:40:37.925 | INFO     | fastf1.req:_cached_api_request:434 - Using cached data for driver_info
2026-04-02 13:40:37.972 | INFO     | fastf1.req:_cached_api_request:434 - Using cached data for session_status_data
2026-04-02 13:40:37.982 | INFO     | fastf1.req:_cached_api_request:434 - Using cached data for track_status_data
2026-04-02 13:40:37.997 | INFO     | fastf1.req:_cached_api_request:434 - Using cached data for _extended_timing_data
2026-04-02 13:40:38.011 | INFO     | fastf1.req:_cached_api_request:434 - Using cached data for timing_app_data
2026-04-02 13:40:38.012 | INFO     | fastf1.core:_load_laps_data:1463 - Processing timing data...
2026-04-02 13:40:38.951 | INFO     | fastf1.req:_cached_api_request:434 - Using cached data for car_data
2026-04-02 13:40:39.095 | INFO     | fastf1.req:_cached_api_request:434 - Using cached data for position_data
2026-04-02 13:40:40.149 | INFO     | fastf1.req:_cached_api_request:434 - Using cached data for weather_data
2026-04-02 13:40:40.158 | INFO     | fastf1.req:_cached_api_request:434 - Using cached data for race_control_messages
2026-04-02 13:40:40.163 | INFO     | fastf1.core:load:1445 - Finished loading data for 20 drivers: ['16', '44', '33', '77', '20', '4', '7', '99', '10', '5', '8', '27', '23', '3', '55', '11', '18', '26', '63', '88']
2026-04-02 13:40:40.195 | INFO     | fastf1.core:load:1408 - Loading data for British Grand Prix - Qualifying [v3.8.2]
2026-04-02 13:40:40.208 | INFO     | fastf1.req:_cached_api_request:434 - Using cached data for session_info
2026-04-02 13:40:40.219 | INFO     | fastf1.req:_cached_api_request:434 - Using cached data for driver_info
2026-04-02 13:40:40.267 | INFO     | fastf1.req:_cached_api_request:434 - Using cached data for session_status_data
2026-04-02 13:40:40.278 | INFO     | fastf1.req:_cached_api_request:434 - Using cached data for track_status_data
2026-04-02 13:40:40.294 | INFO     | fastf1.req:_cached_api_request:434 - Using cached data for _extended_timing_data
2026-04-02 13:40:40.308 | INFO     | fastf1.req:_cached_api_request:434 - Using cached data for timing_app_data
2026-04-02 13:40:40.309 | INFO     | fastf1.core:_load_laps_data:1463 - Processing timing data...
2026-04-02 13:40:41.270 | INFO     | fastf1.req:_cached_api_request:434 - Using cached data for car_data
2026-04-02 13:40:41.405 | INFO     | fastf1.req:_cached_api_request:434 - Using cached data for position_data
2026-04-02 13:40:42.445 | INFO     | fastf1.req:_cached_api_request:434 - Using cached data for weather_data
2026-04-02 13:40:42.456 | INFO     | fastf1.req:_cached_api_request:434 - Using cached data for race_control_messages
2026-04-02 13:40:42.459 | INFO     | fastf1.core:load:1445 - Finished loading data for 20 drivers: ['77', '44', '16', '33', '10', '5', '3', '4', '23', '27', '99', '7', '55', '8', '11', '20', '26', '18', '63', '88']
2026-04-02 13:40:42.483 | INFO     | fastf1.core:load:1408 - Loading data for German Grand Prix - Qualifying [v3.8.2]
2026-04-02 13:40:42.497 | INFO     | fastf1.req:_cached_api_request:434 - Using cached data for session_info
2026-04-02 13:40:42.508 | INFO     | fastf1.req:_cached_api_request:434 - Using cached data for driver_info
2026-04-02 13:40:42.553 | INFO     | fastf1.req:_cached_api_request:434 - Using cached data for session_status_data
2026-04-02 13:40:42.564 | INFO     | fastf1.req:_cached_api_request:434 - Using cached data for track_status_data
2026-04-02 13:40:42.577 | INFO     | fastf1.req:_cached_api_request:434 - Using cached data for _extended_timing_data
2026-04-02 13:40:42.617 | INFO     | fastf1.req:_cached_api_request:434 - Using cached data for timing_app_data
2026-04-02 13:40:42.627 | INFO     | fastf1.core:_load_laps_data:1463 - Processing timing data...
2026-04-02 13:40:43.767 | INFO     | fastf1.req:_cached_api_request:434 - Using cached data for car_data
2026-04-02 13:40:43.906 | INFO     | fastf1.req:_cached_api_request:434 - Using cached data for position_data
2026-04-02 13:40:45.018 | INFO     | fastf1.req:_cached_api_request:434 - Using cached data for weather_data
2026-04-02 13:40:45.028 | INFO     | fastf1.req:_cached_api_request:434 - Using cached data for race_control_messages
2026-04-02 13:40:45.046 | INFO     | fastf1.core:load:1445 - Finished loading data for 20 drivers: ['44', '33', '77', '10', '7', '8', '55', '11', '27', '16', '99', '20', '3', '26', '18', '4', '23', '63', '88', '5']
2026-04-02 13:40:45.074 | INFO     | fastf1.core:load:1408 - Loading data for Hungarian Grand Prix - Qualifying [v3.8.2]
2026-04-02 13:40:45.087 | INFO     | fastf1.req:_cached_api_request:434 - Using cached data for session_info
2026-04-02 13:40:45.097 | INFO     | fastf1.req:_cached_api_request:434 - Using cached data for driver_info
2026-04-02 13:40:45.164 | INFO     | fastf1.req:_cached_api_request:434 - Using cached data for session_status_data
2026-04-02 13:40:45.174 | INFO     | fastf1.req:_cached_api_request:434 - Using cached data for track_status_data
2026-04-02 13:40:45.187 | INFO     | fastf1.req:_cached_api_request:434 - Using cached data for _extended_timing_data
2026-04-02 13:40:45.197 | INFO     | fastf1.req:_cached_api_request:434 - Using cached data for timing_app_data
2026-04-02 13:40:45.198 | INFO     | fastf1.core:_load_laps_data:1463 - Processing timing data...
2026-04-02 13:40:46.162 | INFO     | fastf1.req:_cached_api_request:434 - Using cached data for car_data
2026-04-02 13:40:46.299 | INFO     | fastf1.req:_cached_api_request:434 - Using cached data for position_data
2026-04-02 13:40:47.442 | INFO     | fastf1.req:_cached_api_request:434 - Using cached data for weather_data
2026-04-02 13:40:47.453 | INFO     | fastf1.req:_cached_api_request:434 - Using cached data for race_control_messages
2026-04-02 13:40:47.456 | INFO     | fastf1.core:load:1445 - Finished loading data for 20 drivers: ['33', '77', '44', '16', '5', '10', '4', '55', '8', '7', '27', '23', '26', '99', '20', '63', '11', '3', '18', '88']
2026-04-02 13:40:47.485 | INFO     | fastf1.core:load:1408 - Loading data for Belgian Grand Prix - Qualifying [v3.8.2]
2026-04-02 13:40:47.498 | INFO     | fastf1.req:_cached_api_request:434 - Using cached data for session_info
2026-04-02 13:40:47.508 | INFO     | fastf1.req:_cached_api_request:434 - Using cached data for driver_info
2026-04-02 13:40:47.554 | INFO     | fastf1.req:_cached_api_request:434 - Using cached data for session_status_data
2026-04-02 13:40:47.564 | INFO     | fastf1.req:_cached_api_request:434 - Using cached data for track_status_data
2026-04-02 13:40:47.575 | INFO     | fastf1.req:_cached_api_request:434 - Using cached data for _extended_timing_data
2026-04-02 13:40:47.588 | INFO     | fastf1.req:_cached_api_request:434 - Using cached data for timing_app_data
2026-04-02 13:40:47.588 | INFO     | fastf1.core:_load_laps_data:1463 - Processing timing data...
2026-04-02 13:40:48.589 | INFO     | fastf1.req:_cached_api_request:434 - Using cached data for car_data
2026-04-02 13:40:48.759 | INFO     | fastf1.req:_cached_api_request:434 - Using cached data for position_data
2026-04-02 13:40:49.937 | INFO     | fastf1.req:_cached_api_request:434 - Using cached data for weather_data
2026-04-02 13:40:49.947 | INFO     | fastf1.req:_cached_api_request:434 - Using cached data for race_control_messages
2026-04-02 13:40:49.951 | INFO     | fastf1.core:load:1445 - Finished loading data for 20 drivers: ['16', '5', '44', '77', '33', '3', '27', '7', '11', '20', '8', '4', '18', '23', '99', '10', '55', '26', '63', '88']
2026-04-02 13:40:49.980 | INFO     | fastf1.core:load:1408 - Loading data for Italian Grand Prix - Qualifying [v3.8.2]
2026-04-02 13:40:49.993 | INFO     | fastf1.req:_cached_api_request:434 - Using cached data for session_info
2026-04-02 13:40:50.005 | INFO     | fastf1.req:_cached_api_request:434 - Using cached data for driver_info
2026-04-02 13:40:50.051 | INFO     | fastf1.req:_cached_api_request:434 - Using cached data for session_status_data
2026-04-02 13:40:50.061 | INFO     | fastf1.req:_cached_api_request:434 - Using cached data for track_status_data
2026-04-02 13:40:50.075 | INFO     | fastf1.req:_cached_api_request:434 - Using cached data for _extended_timing_data
2026-04-02 13:40:50.088 | INFO     | fastf1.req:_cached_api_request:434 - Using cached data for timing_app_data
2026-04-02 13:40:50.089 | INFO     | fastf1.core:_load_laps_data:1463 - Processing timing data...
2026-04-02 13:40:51.067 | INFO     | fastf1.req:_cached_api_request:434 - Using cached data for car_data
2026-04-02 13:40:51.230 | INFO     | fastf1.req:_cached_api_request:434 - Using cached data for position_data
2026-04-02 13:40:52.409 | INFO     | fastf1.req:_cached_api_request:434 - Using cached data for weather_data
2026-04-02 13:40:52.417 | INFO     | fastf1.req:_cached_api_request:434 - Using cached data for race_control_messages
2026-04-02 13:40:52.427 | INFO     | fastf1.core:load:1445 - Finished loading data for 20 drivers: ['16', '44', '77', '5', '3', '27', '55', '23', '18', '7', '99', '20', '26', '4', '10', '8', '11', '63', '88', '33']
2026-04-02 13:40:52.453 | INFO     | fastf1.core:load:1408 - Loading data for Singapore Grand Prix - Qualifying [v3.8.2]
2026-04-02 13:40:52.467 | INFO     | fastf1.req:_cached_api_request:434 - Using cached data for session_info
2026-04-02 13:40:52.479 | INFO     | fastf1.req:_cached_api_request:434 - Using cached data for driver_info
2026-04-02 13:40:52.524 | INFO     | fastf1.req:_cached_api_request:434 - Using cached data for session_status_data
2026-04-02 13:40:52.536 | INFO     | fastf1.req:_cached_api_request:434 - Using cached data for track_status_data
2026-04-02 13:40:52.550 | INFO     | fastf1.req:_cached_api_request:434 - Using cached data for _extended_timing_data
2026-04-02 13:40:52.562 | INFO     | fastf1.req:_cached_api_request:434 - Using cached data for timing_app_data
2026-04-02 13:40:52.563 | INFO     | fastf1.core:_load_laps_data:1463 - Processing timing data...
2026-04-02 13:40:53.437 | INFO     | fastf1.req:_cached_api_request:434 - Using cached data for car_data
2026-04-02 13:40:53.579 | INFO     | fastf1.req:_cached_api_request:434 - Using cached data for position_data
2026-04-02 13:40:54.619 | INFO     | fastf1.req:_cached_api_request:434 - Using cached data for weather_data
2026-04-02 13:40:54.628 | INFO     | fastf1.req:_cached_api_request:434 - Using cached data for race_control_messages
2026-04-02 13:40:54.632 | INFO     | fastf1.core:load:1445 - Finished loading data for 20 drivers: ['16', '44', '5', '33', '77', '23', '55', '27', '4', '11', '99', '10', '7', '20', '26', '18', '8', '63', '88', '3']
2026-04-02 13:40:54.661 | INFO     | fastf1.core:load:1408 - Loading data for Russian Grand Prix - Qualifying [v3.8.2]
2026-04-02 13:40:54.672 | INFO     | fastf1.req:_cached_api_request:434 - Using cached data for session_info
2026-04-02 13:40:54.685 | INFO     | fastf1.req:_cached_api_request:434 - Using cached data for driver_info
2026-04-02 13:40:54.729 | INFO     | fastf1.req:_cached_api_request:434 - Using cached data for session_status_data
2026-04-02 13:40:54.737 | INFO     | fastf1.req:_cached_api_request:434 - Using cached data for track_status_data
2026-04-02 13:40:54.750 | INFO     | fastf1.req:_cached_api_request:434 - Using cached data for _extended_timing_data
2026-04-02 13:40:54.763 | INFO     | fastf1.req:_cached_api_request:434 - Using cached data for timing_app_data
2026-04-02 13:40:54.763 | INFO     | fastf1.core:_load_laps_data:1463 - Processing timing data...
2026-04-02 13:40:55.194 | WARNING  | fastf1.core:__fix_tyre_info:2181 - Fixed incorrect tyre stint information for driver '88'
2026-04-02 13:40:55.226 | WARNING  | fastf1.core:_load_laps_data:1514 - No lap data for driver 26
2026-04-02 13:40:55.454 | WARNING  | fastf1.core:_check_lap_accuracy:2306 - Failed to perform lap accuracy check - all laps marked as inaccurate (driver 26)
2026-04-02 13:40:55.697 | INFO     | fastf1.req:_cached_api_request:434 - Using cached data for car_data
2026-04-02 13:40:55.836 | INFO     | fastf1.req:_cached_api_request:434 - Using cached data for position_data
2026-04-02 13:40:57.059 | INFO     | fastf1.req:_cached_api_request:434 - Using cached data for weather_data
2026-04-02 13:40:57.071 | INFO     | fastf1.req:_cached_api_request:434 - Using cached data for race_control_messages
2026-04-02 13:40:57.076 | INFO     | fastf1.core:load:1445 - Finished loading data for 20 drivers: ['16', '44', '5', '33', '77', '55', '27', '4', '8', '3', '10', '11', '99', '20', '18', '7', '63', '88', '23', '26']
2026-04-02 13:40:57.105 | INFO     | fastf1.core:load:1408 - Loading data for Japanese Grand Prix - Qualifying [v3.8.2]
2026-04-02 13:40:57.117 | INFO     | fastf1.req:_cached_api_request:434 - Using cached data for session_info
2026-04-02 13:40:57.128 | INFO     | fastf1.req:_cached_api_request:434 - Using cached data for driver_info
2026-04-02 13:40:57.175 | INFO     | fastf1.req:_cached_api_request:434 - Using cached data for session_status_data
2026-04-02 13:40:57.187 | INFO     | fastf1.req:_cached_api_request:434 - Using cached data for track_status_data
2026-04-02 13:40:57.202 | INFO     | fastf1.req:_cached_api_request:434 - Using cached data for _extended_timing_data
2026-04-02 13:40:57.216 | INFO     | fastf1.req:_cached_api_request:434 - Using cached data for timing_app_data
2026-04-02 13:40:57.217 | INFO     | fastf1.core:_load_laps_data:1463 - Processing timing data...
2026-04-02 13:40:58.222 | INFO     | fastf1.req:_cached_api_request:434 - Using cached data for car_data
2026-04-02 13:40:58.394 | INFO     | fastf1.req:_cached_api_request:434 - Using cached data for position_data
2026-04-02 13:40:59.666 | INFO     | fastf1.req:_cached_api_request:434 - Using cached data for weather_data
2026-04-02 13:40:59.677 | INFO     | fastf1.req:_cached_api_request:434 - Using cached data for race_control_messages
2026-04-02 13:40:59.686 | INFO     | fastf1.core:load:1445 - Finished loading data for 20 drivers: ['5', '16', '77', '44', '33', '23', '55', '4', '10', '8', '99', '18', '7', '26', '27', '3', '11', '63', '20', '88']
2026-04-02 13:40:59.716 | INFO     | fastf1.core:load:1408 - Loading data for Mexican Grand Prix - Qualifying [v3.8.2]
2026-04-02 13:40:59.728 | INFO     | fastf1.req:_cached_api_request:434 - Using cached data for session_info
2026-04-02 13:40:59.740 | INFO     | fastf1.req:_cached_api_request:434 - Using cached data for driver_info
2026-04-02 13:40:59.784 | INFO     | fastf1.req:_cached_api_request:434 - Using cached data for session_status_data
2026-04-02 13:40:59.795 | INFO     | fastf1.req:_cached_api_request:434 - Using cached data for track_status_data
2026-04-02 13:40:59.808 | INFO     | fastf1.req:_cached_api_request:434 - Using cached data for _extended_timing_data
2026-04-02 13:40:59.819 | INFO     | fastf1.req:_cached_api_request:434 - Using cached data for timing_app_data
2026-04-02 13:40:59.820 | INFO     | fastf1.core:_load_laps_data:1463 - Processing timing data...
2026-04-02 13:41:00.766 | INFO     | fastf1.req:_cached_api_request:434 - Using cached data for car_data
2026-04-02 13:41:00.897 | INFO     | fastf1.req:_cached_api_request:434 - Using cached data for position_data
2026-04-02 13:41:01.966 | INFO     | fastf1.req:_cached_api_request:434 - Using cached data for weather_data
2026-04-02 13:41:01.976 | INFO     | fastf1.req:_cached_api_request:434 - Using cached data for race_control_messages
2026-04-02 13:41:01.980 | INFO     | fastf1.core:load:1445 - Finished loading data for 20 drivers: ['33', '16', '5', '44', '23', '77', '55', '4', '26', '10', '11', '27', '3', '7', '99', '18', '20', '8', '63', '88']
2026-04-02 13:41:02.012 | INFO     | fastf1.core:load:1408 - Loading data for United States Grand Prix - Qualifying [v3.8.2]
2026-04-02 13:41:02.023 | INFO     | fastf1.req:_cached_api_request:434 - Using cached data for session_info
2026-04-02 13:41:02.035 | INFO     | fastf1.req:_cached_api_request:434 - Using cached data for driver_info
2026-04-02 13:41:02.081 | INFO     | fastf1.req:_cached_api_request:434 - Using cached data for session_status_data
2026-04-02 13:41:02.091 | INFO     | fastf1.req:_cached_api_request:434 - Using cached data for track_status_data
2026-04-02 13:41:02.104 | INFO     | fastf1.req:_cached_api_request:434 - Using cached data for _extended_timing_data
2026-04-02 13:41:02.123 | INFO     | fastf1.req:_cached_api_request:434 - Using cached data for timing_app_data
2026-04-02 13:41:02.124 | INFO     | fastf1.core:_load_laps_data:1463 - Processing timing data...
2026-04-02 13:41:03.028 | INFO     | fastf1.req:_cached_api_request:434 - Using cached data for car_data
2026-04-02 13:41:03.167 | INFO     | fastf1.req:_cached_api_request:434 - Using cached data for position_data
2026-04-02 13:41:04.172 | INFO     | fastf1.req:_cached_api_request:434 - Using cached data for weather_data
2026-04-02 13:41:04.181 | INFO     | fastf1.req:_cached_api_request:434 - Using cached data for race_control_messages
2026-04-02 13:41:04.188 | INFO     | fastf1.core:load:1445 - Finished loading data for 20 drivers: ['77', '5', '33', '16', '44', '23', '55', '4', '3', '10', '27', '20', '26', '18', '8', '99', '7', '63', '11', '88']
2026-04-02 13:41:04.218 | INFO     | fastf1.core:load:1408 - Loading data for Brazilian Grand Prix - Qualifying [v3.8.2]
2026-04-02 13:41:04.231 | INFO     | fastf1.req:_cached_api_request:434 - Using cached data for session_info
2026-04-02 13:41:04.243 | INFO     | fastf1.req:_cached_api_request:434 - Using cached data for driver_info
2026-04-02 13:41:04.290 | INFO     | fastf1.req:_cached_api_request:434 - Using cached data for session_status_data
2026-04-02 13:41:04.301 | INFO     | fastf1.req:_cached_api_request:434 - Using cached data for track_status_data
2026-04-02 13:41:04.317 | INFO     | fastf1.req:_cached_api_request:434 - Using cached data for _extended_timing_data
2026-04-02 13:41:04.331 | INFO     | fastf1.req:_cached_api_request:434 - Using cached data for timing_app_data
2026-04-02 13:41:04.331 | INFO     | fastf1.core:_load_laps_data:1463 - Processing timing data...
2026-04-02 13:41:05.248 | INFO     | fastf1.req:_cached_api_request:434 - Using cached data for car_data
2026-04-02 13:41:05.474 | INFO     | fastf1.req:_cached_api_request:434 - Using cached data for position_data
2026-04-02 13:41:06.530 | INFO     | fastf1.req:_cached_api_request:434 - Using cached data for weather_data
2026-04-02 13:41:06.543 | INFO     | fastf1.req:_cached_api_request:434 - Using cached data for race_control_messages
2026-04-02 13:41:06.547 | INFO     | fastf1.core:load:1445 - Finished loading data for 20 drivers: ['33', '5', '44', '16', '77', '23', '10', '8', '7', '20', '4', '3', '99', '27', '11', '26', '18', '63', '88', '55']
2026-04-02 13:41:06.612 | INFO     | fastf1.core:load:1408 - Loading data for Abu Dhabi Grand Prix - Qualifying [v3.8.2]
2026-04-02 13:41:06.664 | INFO     | fastf1.req:_cached_api_request:434 - Using cached data for session_info
2026-04-02 13:41:06.677 | INFO     | fastf1.req:_cached_api_request:434 - Using cached data for driver_info
2026-04-02 13:41:06.722 | INFO     | fastf1.req:_cached_api_request:434 - Using cached data for session_status_data
2026-04-02 13:41:06.731 | INFO     | fastf1.req:_cached_api_request:434 - Using cached data for track_status_data
2026-04-02 13:41:06.745 | INFO     | fastf1.req:_cached_api_request:434 - Using cached data for _extended_timing_data
2026-04-02 13:41:06.756 | INFO     | fastf1.req:_cached_api_request:434 - Using cached data for timing_app_data
2026-04-02 13:41:06.756 | INFO     | fastf1.core:_load_laps_data:1463 - Processing timing data...
2026-04-02 13:41:07.698 | INFO     | fastf1.req:_cached_api_request:434 - Using cached data for car_data
2026-04-02 13:41:07.968 | INFO     | fastf1.req:_cached_api_request:434 - Using cached data for position_data
2026-04-02 13:41:09.037 | INFO     | fastf1.req:_cached_api_request:434 - Using cached data for weather_data
2026-04-02 13:41:09.046 | INFO     | fastf1.req:_cached_api_request:434 - Using cached data for race_control_messages
2026-04-02 13:41:09.049 | INFO     | fastf1.core:load:1445 - Finished loading data for 20 drivers: ['44', '77', '33', '16', '5', '23', '4', '3', '55', '27', '11', '10', '18', '26', '20', '8', '99', '7', '63', '88']
2026-04-02 13:41:09.327 | INFO     | fastf1.core:load:1408 - Loading data for Austrian Grand Prix - Qualifying [v3.8.2]
2026-04-02 13:41:09.339 | INFO     | fastf1.req:_cached_api_request:434 - Using cached data for session_info
2026-04-02 13:41:09.350 | INFO     | fastf1.req:_cached_api_request:434 - Using cached data for driver_info
2026-04-02 13:41:09.391 | INFO     | fastf1.req:_cached_api_request:434 - Using cached data for session_status_data
2026-04-02 13:41:09.400 | INFO     | fastf1.req:_cached_api_request:434 - Using cached data for track_status_data
2026-04-02 13:41:09.414 | INFO     | fastf1.req:_cached_api_request:434 - Using cached data for _extended_timing_data
2026-04-02 13:41:09.426 | INFO     | fastf1.req:_cached_api_request:434 - Using cached data for timing_app_data
2026-04-02 13:41:09.426 | INFO     | fastf1.core:_load_laps_data:1463 - Processing timing data...
2026-04-02 13:41:10.304 | INFO     | fastf1.req:_cached_api_request:434 - Using cached data for car_data
2026-04-02 13:41:10.573 | INFO     | fastf1.req:_cached_api_request:434 - Using cached data for position_data
2026-04-02 13:41:11.715 | INFO     | fastf1.req:_cached_api_request:434 - Using cached data for weather_data
2026-04-02 13:41:11.726 | INFO     | fastf1.req:_cached_api_request:434 - Using cached data for race_control_messages
2026-04-02 13:41:11.729 | INFO     | fastf1.core:load:1445 - Finished loading data for 20 drivers: ['77', '44', '33', '4', '23', '11', '16', '55', '18', '3', '5', '10', '26', '31', '8', '20', '63', '99', '7', '6']
2026-04-02 13:41:11.756 | INFO     | fastf1.core:load:1408 - Loading data for Styrian Grand Prix - Qualifying [v3.8.2]
2026-04-02 13:41:11.769 | INFO     | fastf1.req:_cached_api_request:434 - Using cached data for session_info
2026-04-02 13:41:11.779 | INFO     | fastf1.req:_cached_api_request:434 - Using cached data for driver_info
2026-04-02 13:41:11.824 | INFO     | fastf1.req:_cached_api_request:434 - Using cached data for session_status_data
2026-04-02 13:41:11.834 | INFO     | fastf1.req:_cached_api_request:434 - Using cached data for track_status_data
2026-04-02 13:41:11.846 | INFO     | fastf1.req:_cached_api_request:434 - Using cached data for _extended_timing_data
2026-04-02 13:41:11.858 | INFO     | fastf1.req:_cached_api_request:434 - Using cached data for timing_app_data
2026-04-02 13:41:11.858 | INFO     | fastf1.core:_load_laps_data:1463 - Processing timing data...
2026-04-02 13:41:13.011 | INFO     | fastf1.req:_cached_api_request:434 - Using cached data for car_data
2026-04-02 13:41:13.520 | INFO     | fastf1.req:_cached_api_request:434 - Using cached data for position_data
2026-04-02 13:41:15.352 | INFO     | fastf1.req:_cached_api_request:434 - Using cached data for weather_data
2026-04-02 13:41:15.363 | INFO     | fastf1.req:_cached_api_request:434 - Using cached data for race_control_messages
2026-04-02 13:41:15.378 | INFO     | fastf1.core:load:1445 - Finished loading data for 20 drivers: ['44', '33', '55', '77', '31', '4', '23', '10', '3', '5', '16', '63', '18', '26', '20', '7', '11', '6', '99', '8']
2026-04-02 13:41:15.408 | INFO     | fastf1.core:load:1408 - Loading data for Hungarian Grand Prix - Qualifying [v3.8.2]
2026-04-02 13:41:15.422 | INFO     | fastf1.req:_cached_api_request:434 - Using cached data for session_info
2026-04-02 13:41:15.434 | INFO     | fastf1.req:_cached_api_request:434 - Using cached data for driver_info
2026-04-02 13:41:15.483 | INFO     | fastf1.req:_cached_api_request:434 - Using cached data for session_status_data
2026-04-02 13:41:15.494 | INFO     | fastf1.req:_cached_api_request:434 - Using cached data for track_status_data
2026-04-02 13:41:15.508 | INFO     | fastf1.req:_cached_api_request:434 - Using cached data for _extended_timing_data
2026-04-02 13:41:15.523 | INFO     | fastf1.req:_cached_api_request:434 - Using cached data for timing_app_data
2026-04-02 13:41:15.523 | INFO     | fastf1.core:_load_laps_data:1463 - Processing timing data...
2026-04-02 13:41:16.753 | INFO     | fastf1.req:_cached_api_request:434 - Using cached data for car_data
2026-04-02 13:41:17.067 | INFO     | fastf1.req:_cached_api_request:434 - Using cached data for position_data
2026-04-02 13:41:18.360 | INFO     | fastf1.req:_cached_api_request:434 - Using cached data for weather_data
2026-04-02 13:41:18.369 | INFO     | fastf1.req:_cached_api_request:434 - Using cached data for race_control_messages
2026-04-02 13:41:18.376 | INFO     | fastf1.core:load:1445 - Finished loading data for 20 drivers: ['44', '77', '18', '11', '5', '16', '33', '4', '55', '10', '3', '63', '23', '31', '6', '20', '26', '8', '99', '7']
2026-04-02 13:41:18.407 | INFO     | fastf1.core:load:1408 - Loading data for British Grand Prix - Qualifying [v3.8.2]
2026-04-02 13:41:18.418 | INFO     | fastf1.req:_cached_api_request:434 - Using cached data for session_info
2026-04-02 13:41:18.429 | INFO     | fastf1.req:_cached_api_request:434 - Using cached data for driver_info
2026-04-02 13:41:18.472 | INFO     | fastf1.req:_cached_api_request:434 - Using cached data for session_status_data
2026-04-02 13:41:18.483 | INFO     | fastf1.req:_cached_api_request:434 - Using cached data for track_status_data
2026-04-02 13:41:18.497 | INFO     | fastf1.req:_cached_api_request:434 - Using cached data for _extended_timing_data
2026-04-02 13:41:18.512 | INFO     | fastf1.req:_cached_api_request:434 - Using cached data for timing_app_data
2026-04-02 13:41:18.513 | INFO     | fastf1.core:_load_laps_data:1463 - Processing timing data...
2026-04-02 13:41:19.484 | INFO     | fastf1.req:_cached_api_request:434 - Using cached data for car_data
2026-04-02 13:41:19.774 | INFO     | fastf1.req:_cached_api_request:434 - Using cached data for position_data
2026-04-02 13:41:21.029 | INFO     | fastf1.req:_cached_api_request:434 - Using cached data for weather_data
2026-04-02 13:41:21.040 | INFO     | fastf1.req:_cached_api_request:434 - Using cached data for race_control_messages
2026-04-02 13:41:21.050 | INFO     | fastf1.core:load:1445 - Finished loading data for 20 drivers: ['44', '77', '33', '16', '4', '18', '55', '3', '31', '5', '10', '23', '27', '26', '63', '20', '99', '7', '8', '6']
2026-04-02 13:41:21.085 | INFO     | fastf1.core:load:1408 - Loading data for 70th Anniversary Grand Prix - Qualifying [v3.8.2]
2026-04-02 13:41:21.097 | INFO     | fastf1.req:_cached_api_request:434 - Using cached data for session_info
2026-04-02 13:41:21.110 | INFO     | fastf1.req:_cached_api_request:434 - Using cached data for driver_info
2026-04-02 13:41:21.158 | INFO     | fastf1.req:_cached_api_request:434 - Using cached data for session_status_data
2026-04-02 13:41:21.170 | INFO     | fastf1.req:_cached_api_request:434 - Using cached data for track_status_data
2026-04-02 13:41:21.182 | INFO     | fastf1.req:_cached_api_request:434 - Using cached data for _extended_timing_data
2026-04-02 13:41:21.196 | INFO     | fastf1.req:_cached_api_request:434 - Using cached data for timing_app_data
2026-04-02 13:41:21.197 | INFO     | fastf1.core:_load_laps_data:1463 - Processing timing data...
2026-04-02 13:41:22.287 | INFO     | fastf1.req:_cached_api_request:434 - Using cached data for car_data
2026-04-02 13:41:22.592 | INFO     | fastf1.req:_cached_api_request:434 - Using cached data for position_data
2026-04-02 13:41:23.796 | INFO     | fastf1.req:_cached_api_request:434 - Using cached data for weather_data
2026-04-02 13:41:23.806 | INFO     | fastf1.req:_cached_api_request:434 - Using cached data for race_control_messages
2026-04-02 13:41:23.811 | INFO     | fastf1.core:load:1445 - Finished loading data for 20 drivers: ['77', '44', '27', '33', '3', '18', '10', '16', '23', '4', '31', '5', '55', '8', '63', '26', '20', '6', '99', '7']
2026-04-02 13:41:23.839 | INFO     | fastf1.core:load:1408 - Loading data for Spanish Grand Prix - Qualifying [v3.8.2]
2026-04-02 13:41:23.851 | INFO     | fastf1.req:_cached_api_request:434 - Using cached data for session_info
2026-04-02 13:41:23.862 | INFO     | fastf1.req:_cached_api_request:434 - Using cached data for driver_info
2026-04-02 13:41:23.906 | INFO     | fastf1.req:_cached_api_request:434 - Using cached data for session_status_data
2026-04-02 13:41:23.918 | INFO     | fastf1.req:_cached_api_request:434 - Using cached data for track_status_data
2026-04-02 13:41:23.931 | INFO     | fastf1.req:_cached_api_request:434 - Using cached data for _extended_timing_data
2026-04-02 13:41:23.942 | INFO     | fastf1.req:_cached_api_request:434 - Using cached data for timing_app_data
2026-04-02 13:41:23.943 | INFO     | fastf1.core:_load_laps_data:1463 - Processing timing data...
2026-04-02 13:41:25.015 | INFO     | fastf1.req:_cached_api_request:434 - Using cached data for car_data
2026-04-02 13:41:25.272 | INFO     | fastf1.req:_cached_api_request:434 - Using cached data for position_data
2026-04-02 13:41:26.530 | INFO     | fastf1.req:_cached_api_request:434 - Using cached data for weather_data
2026-04-02 13:41:26.540 | INFO     | fastf1.req:_cached_api_request:434 - Using cached data for race_control_messages
2026-04-02 13:41:26.543 | INFO     | fastf1.core:load:1445 - Finished loading data for 20 drivers: ['44', '77', '33', '11', '18', '23', '55', '4', '16', '10', '5', '26', '3', '7', '31', '20', '8', '63', '6', '99']
2026-04-02 13:41:26.593 | INFO     | fastf1.core:load:1408 - Loading data for Belgian Grand Prix - Qualifying [v3.8.2]
2026-04-02 13:41:26.606 | INFO     | fastf1.req:_cached_api_request:434 - Using cached data for session_info
2026-04-02 13:41:26.623 | INFO     | fastf1.req:_cached_api_request:434 - Using cached data for driver_info
2026-04-02 13:41:26.721 | INFO     | fastf1.req:_cached_api_request:434 - Using cached data for session_status_data
2026-04-02 13:41:26.730 | INFO     | fastf1.req:_cached_api_request:434 - Using cached data for track_status_data
2026-04-02 13:41:26.744 | INFO     | fastf1.req:_cached_api_request:434 - Using cached data for _extended_timing_data
2026-04-02 13:41:26.755 | INFO     | fastf1.req:_cached_api_request:434 - Using cached data for timing_app_data
2026-04-02 13:41:26.756 | INFO     | fastf1.core:_load_laps_data:1463 - Processing timing data...
2026-04-02 13:41:27.890 | INFO     | fastf1.req:_cached_api_request:434 - Using cached data for car_data
2026-04-02 13:41:28.154 | INFO     | fastf1.req:_cached_api_request:434 - Using cached data for position_data
2026-04-02 13:41:29.483 | INFO     | fastf1.req:_cached_api_request:434 - Using cached data for weather_data
2026-04-02 13:41:29.493 | INFO     | fastf1.req:_cached_api_request:434 - Using cached data for race_control_messages
2026-04-02 13:41:29.497 | INFO     | fastf1.core:load:1445 - Finished loading data for 20 drivers: ['44', '77', '33', '3', '23', '31', '55', '11', '18', '4', '26', '10', '16', '5', '63', '7', '8', '99', '6', '20']
2026-04-02 13:41:29.527 | INFO     | fastf1.core:load:1408 - Loading data for Italian Grand Prix - Qualifying [v3.8.2]
2026-04-02 13:41:29.537 | INFO     | fastf1.req:_cached_api_request:434 - Using cached data for session_info
2026-04-02 13:41:29.547 | INFO     | fastf1.req:_cached_api_request:434 - Using cached data for driver_info
2026-04-02 13:41:29.593 | INFO     | fastf1.req:_cached_api_request:434 - Using cached data for session_status_data
2026-04-02 13:41:29.603 | INFO     | fastf1.req:_cached_api_request:434 - Using cached data for track_status_data
2026-04-02 13:41:29.618 | INFO     | fastf1.req:_cached_api_request:434 - Using cached data for _extended_timing_data
2026-04-02 13:41:29.632 | INFO     | fastf1.req:_cached_api_request:434 - Using cached data for timing_app_data
2026-04-02 13:41:29.633 | INFO     | fastf1.core:_load_laps_data:1463 - Processing timing data...
2026-04-02 13:41:30.547 | INFO     | fastf1.req:_cached_api_request:434 - Using cached data for car_data
2026-04-02 13:41:30.789 | INFO     | fastf1.req:_cached_api_request:434 - Using cached data for position_data
2026-04-02 13:41:31.913 | INFO     | fastf1.req:_cached_api_request:434 - Using cached data for weather_data
2026-04-02 13:41:31.925 | INFO     | fastf1.req:_cached_api_request:434 - Using cached data for race_control_messages
2026-04-02 13:41:31.949 | INFO     | fastf1.core:load:1445 - Finished loading data for 20 drivers: ['44', '77', '55', '11', '33', '4', '3', '18', '23', '10', '26', '31', '16', '7', '20', '8', '5', '99', '63', '6']
2026-04-02 13:41:31.977 | INFO     | fastf1.core:load:1408 - Loading data for Tuscan Grand Prix - Qualifying [v3.8.2]
2026-04-02 13:41:31.989 | INFO     | fastf1.req:_cached_api_request:434 - Using cached data for session_info
2026-04-02 13:41:32.000 | INFO     | fastf1.req:_cached_api_request:434 - Using cached data for driver_info
2026-04-02 13:41:32.089 | INFO     | fastf1.req:_cached_api_request:434 - Using cached data for session_status_data
2026-04-02 13:41:32.099 | INFO     | fastf1.req:_cached_api_request:434 - Using cached data for track_status_data
2026-04-02 13:41:32.113 | INFO     | fastf1.req:_cached_api_request:434 - Using cached data for _extended_timing_data
2026-04-02 13:41:32.126 | INFO     | fastf1.req:_cached_api_request:434 - Using cached data for timing_app_data
2026-04-02 13:41:32.126 | INFO     | fastf1.core:_load_laps_data:1463 - Processing timing data...
2026-04-02 13:41:32.945 | INFO     | fastf1.req:_cached_api_request:434 - Using cached data for car_data
2026-04-02 13:41:33.188 | INFO     | fastf1.req:_cached_api_request:434 - Using cached data for position_data
2026-04-02 13:41:34.338 | INFO     | fastf1.req:_cached_api_request:434 - Using cached data for weather_data
2026-04-02 13:41:34.348 | INFO     | fastf1.req:_cached_api_request:434 - Using cached data for race_control_messages
2026-04-02 13:41:34.351 | INFO     | fastf1.core:load:1445 - Finished loading data for 20 drivers: ['44', '77', '33', '23', '16', '11', '18', '3', '55', '31', '4', '26', '7', '5', '8', '10', '99', '63', '6', '20']
2026-04-02 13:41:34.379 | INFO     | fastf1.core:load:1408 - Loading data for Russian Grand Prix - Qualifying [v3.8.2]
2026-04-02 13:41:34.392 | INFO     | fastf1.req:_cached_api_request:434 - Using cached data for session_info
2026-04-02 13:41:34.403 | INFO     | fastf1.req:_cached_api_request:434 - Using cached data for driver_info
2026-04-02 13:41:34.449 | INFO     | fastf1.req:_cached_api_request:434 - Using cached data for session_status_data
2026-04-02 13:41:34.460 | INFO     | fastf1.req:_cached_api_request:434 - Using cached data for track_status_data
2026-04-02 13:41:34.471 | INFO     | fastf1.req:_cached_api_request:434 - Using cached data for _extended_timing_data
2026-04-02 13:41:34.482 | INFO     | fastf1.req:_cached_api_request:434 - Using cached data for timing_app_data
2026-04-02 13:41:34.483 | INFO     | fastf1.core:_load_laps_data:1463 - Processing timing data...
2026-04-02 13:41:35.434 | INFO     | fastf1.req:_cached_api_request:434 - Using cached data for car_data
2026-04-02 13:41:35.726 | INFO     | fastf1.req:_cached_api_request:434 - Using cached data for position_data
2026-04-02 13:41:37.169 | INFO     | fastf1.req:_cached_api_request:434 - Using cached data for weather_data
2026-04-02 13:41:37.181 | INFO     | fastf1.req:_cached_api_request:434 - Using cached data for race_control_messages
2026-04-02 13:41:37.201 | INFO     | fastf1.core:load:1445 - Finished loading data for 20 drivers: ['44', '33', '77', '11', '3', '55', '31', '4', '10', '23', '16', '26', '18', '63', '5', '8', '99', '20', '6', '7']
2026-04-02 13:41:37.231 | INFO     | fastf1.core:load:1408 - Loading data for Eifel Grand Prix - Qualifying [v3.8.2]
2026-04-02 13:41:37.245 | INFO     | fastf1.req:_cached_api_request:434 - Using cached data for session_info
2026-04-02 13:41:37.258 | INFO     | fastf1.req:_cached_api_request:434 - Using cached data for driver_info
2026-04-02 13:41:37.304 | INFO     | fastf1.req:_cached_api_request:434 - Using cached data for session_status_data
2026-04-02 13:41:37.315 | INFO     | fastf1.req:_cached_api_request:434 - Using cached data for track_status_data
2026-04-02 13:41:37.328 | INFO     | fastf1.req:_cached_api_request:434 - Using cached data for _extended_timing_data
2026-04-02 13:41:37.340 | INFO     | fastf1.req:_cached_api_request:434 - Using cached data for timing_app_data
2026-04-02 13:41:37.341 | INFO     | fastf1.core:_load_laps_data:1463 - Processing timing data...
2026-04-02 13:41:38.271 | INFO     | fastf1.req:_cached_api_request:434 - Using cached data for car_data
2026-04-02 13:41:38.507 | INFO     | fastf1.req:_cached_api_request:434 - Using cached data for position_data
2026-04-02 13:41:39.672 | INFO     | fastf1.req:_cached_api_request:434 - Using cached data for weather_data
2026-04-02 13:41:39.682 | INFO     | fastf1.req:_cached_api_request:434 - Using cached data for race_control_messages
2026-04-02 13:41:39.692 | INFO     | fastf1.core:load:1445 - Finished loading data for 20 drivers: ['77', '44', '33', '16', '23', '3', '31', '4', '11', '55', '5', '10', '26', '99', '20', '8', '63', '6', '7', '27']
2026-04-02 13:41:39.722 | INFO     | fastf1.core:load:1408 - Loading data for Portuguese Grand Prix - Qualifying [v3.8.2]
2026-04-02 13:41:39.733 | INFO     | fastf1.req:_cached_api_request:434 - Using cached data for session_info
2026-04-02 13:41:39.745 | INFO     | fastf1.req:_cached_api_request:434 - Using cached data for driver_info
2026-04-02 13:41:39.792 | INFO     | fastf1.req:_cached_api_request:434 - Using cached data for session_status_data
2026-04-02 13:41:39.804 | INFO     | fastf1.req:_cached_api_request:434 - Using cached data for track_status_data
2026-04-02 13:41:39.820 | INFO     | fastf1.req:_cached_api_request:434 - Using cached data for _extended_timing_data
2026-04-02 13:41:39.831 | INFO     | fastf1.req:_cached_api_request:434 - Using cached data for timing_app_data
2026-04-02 13:41:39.832 | INFO     | fastf1.core:_load_laps_data:1463 - Processing timing data...
2026-04-02 13:41:40.877 | INFO     | fastf1.req:_cached_api_request:434 - Using cached data for car_data
2026-04-02 13:41:41.233 | INFO     | fastf1.req:_cached_api_request:434 - Using cached data for position_data
2026-04-02 13:41:42.757 | INFO     | fastf1.req:_cached_api_request:434 - Using cached data for weather_data
2026-04-02 13:41:42.767 | INFO     | fastf1.req:_cached_api_request:434 - Using cached data for race_control_messages
2026-04-02 13:41:42.784 | INFO     | fastf1.core:load:1445 - Finished loading data for 20 drivers: ['44', '77', '33', '16', '11', '23', '55', '4', '10', '3', '31', '18', '26', '63', '5', '7', '99', '8', '20', '6']
2026-04-02 13:41:42.814 | INFO     | fastf1.core:load:1408 - Loading data for Emilia Romagna Grand Prix - Qualifying [v3.8.2]
2026-04-02 13:41:42.826 | INFO     | fastf1.req:_cached_api_request:434 - Using cached data for session_info
2026-04-02 13:41:42.837 | INFO     | fastf1.req:_cached_api_request:434 - Using cached data for driver_info
2026-04-02 13:41:42.878 | INFO     | fastf1.req:_cached_api_request:434 - Using cached data for session_status_data
2026-04-02 13:41:42.888 | INFO     | fastf1.req:_cached_api_request:434 - Using cached data for track_status_data
2026-04-02 13:41:42.900 | INFO     | fastf1.req:_cached_api_request:434 - Using cached data for _extended_timing_data
2026-04-02 13:41:42.913 | INFO     | fastf1.req:_cached_api_request:434 - Using cached data for timing_app_data
2026-04-02 13:41:42.914 | INFO     | fastf1.core:_load_laps_data:1463 - Processing timing data...
2026-04-02 13:41:43.832 | INFO     | fastf1.req:_cached_api_request:434 - Using cached data for car_data
2026-04-02 13:41:44.101 | INFO     | fastf1.req:_cached_api_request:434 - Using cached data for position_data
2026-04-02 13:41:45.305 | INFO     | fastf1.req:_cached_api_request:434 - Using cached data for weather_data
2026-04-02 13:41:45.315 | INFO     | fastf1.req:_cached_api_request:434 - Using cached data for race_control_messages
2026-04-02 13:41:45.342 | INFO     | fastf1.core:load:1445 - Finished loading data for 20 drivers: ['77', '44', '33', '10', '3', '23', '16', '26', '4', '55', '11', '31', '63', '5', '18', '8', '20', '7', '6', '99']
2026-04-02 13:41:45.367 | INFO     | fastf1.core:load:1408 - Loading data for Turkish Grand Prix - Qualifying [v3.8.2]
2026-04-02 13:41:45.377 | INFO     | fastf1.req:_cached_api_request:434 - Using cached data for session_info
2026-04-02 13:41:45.388 | INFO     | fastf1.req:_cached_api_request:434 - Using cached data for driver_info
2026-04-02 13:41:45.435 | INFO     | fastf1.req:_cached_api_request:434 - Using cached data for session_status_data
2026-04-02 13:41:45.444 | INFO     | fastf1.req:_cached_api_request:434 - Using cached data for track_status_data
2026-04-02 13:41:45.456 | INFO     | fastf1.req:_cached_api_request:434 - Using cached data for _extended_timing_data
2026-04-02 13:41:45.470 | INFO     | fastf1.req:_cached_api_request:434 - Using cached data for timing_app_data
2026-04-02 13:41:45.470 | INFO     | fastf1.core:_load_laps_data:1463 - Processing timing data...
2026-04-02 13:41:46.749 | INFO     | fastf1.req:_cached_api_request:434 - Using cached data for car_data
2026-04-02 13:41:47.211 | INFO     | fastf1.req:_cached_api_request:434 - Using cached data for position_data
2026-04-02 13:41:49.115 | INFO     | fastf1.req:_cached_api_request:434 - Using cached data for weather_data
2026-04-02 13:41:49.127 | INFO     | fastf1.req:_cached_api_request:434 - Using cached data for race_control_messages
2026-04-02 13:41:49.164 | INFO     | fastf1.core:load:1445 - Finished loading data for 20 drivers: ['18', '33', '11', '23', '3', '44', '31', '7', '77', '99', '4', '5', '55', '16', '10', '20', '26', '63', '8', '6']
2026-04-02 13:41:49.189 | INFO     | fastf1.core:load:1408 - Loading data for Bahrain Grand Prix - Qualifying [v3.8.2]
2026-04-02 13:41:49.202 | INFO     | fastf1.req:_cached_api_request:434 - Using cached data for session_info
2026-04-02 13:41:49.214 | INFO     | fastf1.req:_cached_api_request:434 - Using cached data for driver_info
2026-04-02 13:41:49.261 | INFO     | fastf1.req:_cached_api_request:434 - Using cached data for session_status_data
2026-04-02 13:41:49.271 | INFO     | fastf1.req:_cached_api_request:434 - Using cached data for track_status_data
2026-04-02 13:41:49.284 | INFO     | fastf1.req:_cached_api_request:434 - Using cached data for _extended_timing_data
2026-04-02 13:41:49.297 | INFO     | fastf1.req:_cached_api_request:434 - Using cached data for timing_app_data
2026-04-02 13:41:49.297 | INFO     | fastf1.core:_load_laps_data:1463 - Processing timing data...
2026-04-02 13:41:50.200 | INFO     | fastf1.req:_cached_api_request:434 - Using cached data for car_data
2026-04-02 13:41:50.482 | INFO     | fastf1.req:_cached_api_request:434 - Using cached data for position_data
2026-04-02 13:41:51.760 | INFO     | fastf1.req:_cached_api_request:434 - Using cached data for weather_data
2026-04-02 13:41:51.770 | INFO     | fastf1.req:_cached_api_request:434 - Using cached data for race_control_messages
2026-04-02 13:41:51.782 | INFO     | fastf1.core:load:1445 - Finished loading data for 20 drivers: ['44', '77', '33', '23', '11', '3', '31', '10', '4', '26', '5', '16', '18', '63', '55', '99', '7', '20', '8', '6']
2026-04-02 13:41:51.857 | INFO     | fastf1.core:load:1408 - Loading data for Sakhir Grand Prix - Qualifying [v3.8.2]
2026-04-02 13:41:51.870 | INFO     | fastf1.req:_cached_api_request:434 - Using cached data for session_info
2026-04-02 13:41:51.881 | INFO     | fastf1.req:_cached_api_request:434 - Using cached data for driver_info
2026-04-02 13:41:51.922 | INFO     | fastf1.req:_cached_api_request:434 - Using cached data for session_status_data
2026-04-02 13:41:51.934 | INFO     | fastf1.req:_cached_api_request:434 - Using cached data for track_status_data
2026-04-02 13:41:51.949 | INFO     | fastf1.req:_cached_api_request:434 - Using cached data for _extended_timing_data
2026-04-02 13:41:51.961 | INFO     | fastf1.req:_cached_api_request:434 - Using cached data for timing_app_data
2026-04-02 13:41:51.961 | INFO     | fastf1.core:_load_laps_data:1463 - Processing timing data...
2026-04-02 13:41:53.089 | INFO     | fastf1.req:_cached_api_request:434 - Using cached data for car_data
2026-04-02 13:41:53.580 | INFO     | fastf1.req:_cached_api_request:434 - Using cached data for position_data
2026-04-02 13:41:54.773 | INFO     | fastf1.req:_cached_api_request:434 - Using cached data for weather_data
2026-04-02 13:41:54.782 | INFO     | fastf1.req:_cached_api_request:434 - Using cached data for race_control_messages
2026-04-02 13:41:54.792 | INFO     | fastf1.core:load:1445 - Finished loading data for 20 drivers: ['77', '63', '33', '16', '11', '26', '3', '55', '10', '18', '31', '23', '5', '99', '4', '20', '6', '89', '7', '51']
2026-04-02 13:41:54.819 | INFO     | fastf1.core:load:1408 - Loading data for Abu Dhabi Grand Prix - Qualifying [v3.8.2]
2026-04-02 13:41:54.830 | INFO     | fastf1.req:_cached_api_request:434 - Using cached data for session_info
2026-04-02 13:41:54.840 | INFO     | fastf1.req:_cached_api_request:434 - Using cached data for driver_info
2026-04-02 13:41:54.886 | INFO     | fastf1.req:_cached_api_request:434 - Using cached data for session_status_data
2026-04-02 13:41:54.895 | INFO     | fastf1.req:_cached_api_request:434 - Using cached data for track_status_data
2026-04-02 13:41:54.908 | INFO     | fastf1.req:_cached_api_request:434 - Using cached data for _extended_timing_data
2026-04-02 13:41:54.920 | INFO     | fastf1.req:_cached_api_request:434 - Using cached data for timing_app_data
2026-04-02 13:41:54.921 | INFO     | fastf1.core:_load_laps_data:1463 - Processing timing data...
2026-04-02 13:41:55.773 | INFO     | fastf1.req:_cached_api_request:434 - Using cached data for car_data
2026-04-02 13:41:56.022 | INFO     | fastf1.req:_cached_api_request:434 - Using cached data for position_data
2026-04-02 13:41:57.283 | INFO     | fastf1.req:_cached_api_request:434 - Using cached data for weather_data
2026-04-02 13:41:57.294 | INFO     | fastf1.req:_cached_api_request:434 - Using cached data for race_control_messages
2026-04-02 13:41:57.310 | INFO     | fastf1.core:load:1445 - Finished loading data for 20 drivers: ['33', '77', '44', '4', '23', '55', '26', '18', '16', '10', '31', '3', '5', '99', '11', '7', '20', '63', '51', '6']
2026-04-02 13:41:57.588 | INFO     | fastf1.core:load:1408 - Loading data for Bahrain Grand Prix - Qualifying [v3.8.2]
2026-04-02 13:41:57.598 | INFO     | fastf1.req:_cached_api_request:434 - Using cached data for session_info
2026-04-02 13:41:57.609 | INFO     | fastf1.req:_cached_api_request:434 - Using cached data for driver_info
2026-04-02 13:41:57.651 | INFO     | fastf1.req:_cached_api_request:434 - Using cached data for session_status_data
2026-04-02 13:41:57.659 | INFO     | fastf1.req:_cached_api_request:434 - Using cached data for track_status_data
2026-04-02 13:41:57.673 | INFO     | fastf1.req:_cached_api_request:434 - Using cached data for _extended_timing_data
2026-04-02 13:41:57.689 | INFO     | fastf1.req:_cached_api_request:434 - Using cached data for timing_app_data
2026-04-02 13:41:57.690 | INFO     | fastf1.core:_load_laps_data:1463 - Processing timing data...
2026-04-02 13:41:58.758 | INFO     | fastf1.req:_cached_api_request:434 - Using cached data for car_data
2026-04-02 13:41:59.040 | INFO     | fastf1.req:_cached_api_request:434 - Using cached data for position_data
2026-04-02 13:42:00.171 | INFO     | fastf1.req:_cached_api_request:434 - Using cached data for weather_data
2026-04-02 13:42:00.181 | INFO     | fastf1.req:_cached_api_request:434 - Using cached data for race_control_messages
2026-04-02 13:42:00.191 | INFO     | fastf1.core:load:1445 - Finished loading data for 20 drivers: ['33', '44', '77', '16', '10', '3', '4', '55', '14', '18', '11', '99', '22', '7', '63', '31', '6', '5', '47', '9']
2026-04-02 13:42:00.223 | INFO     | fastf1.core:load:1408 - Loading data for Emilia Romagna Grand Prix - Qualifying [v3.8.2]
2026-04-02 13:42:00.235 | INFO     | fastf1.req:_cached_api_request:434 - Using cached data for session_info
2026-04-02 13:42:00.249 | INFO     | fastf1.req:_cached_api_request:434 - Using cached data for driver_info
2026-04-02 13:42:00.296 | INFO     | fastf1.req:_cached_api_request:434 - Using cached data for session_status_data
2026-04-02 13:42:00.306 | INFO     | fastf1.req:_cached_api_request:434 - Using cached data for track_status_data
2026-04-02 13:42:00.319 | INFO     | fastf1.req:_cached_api_request:434 - Using cached data for _extended_timing_data
2026-04-02 13:42:00.331 | INFO     | fastf1.req:_cached_api_request:434 - Using cached data for timing_app_data
2026-04-02 13:42:00.332 | INFO     | fastf1.core:_load_laps_data:1463 - Processing timing data...
2026-04-02 13:42:00.344 | WARNING  | fastf1.core:__fix_tyre_info:2181 - Fixed incorrect tyre stint information for driver '44'
2026-04-02 13:42:00.552 | WARNING  | fastf1.core:__fix_tyre_info:2181 - Fixed incorrect tyre stint information for driver '77'
2026-04-02 13:42:01.337 | INFO     | fastf1.req:_cached_api_request:434 - Using cached data for car_data
2026-04-02 13:42:01.595 | INFO     | fastf1.req:_cached_api_request:434 - Using cached data for position_data
2026-04-02 13:42:02.816 | INFO     | fastf1.req:_cached_api_request:434 - Using cached data for weather_data
2026-04-02 13:42:02.825 | INFO     | fastf1.req:_cached_api_request:434 - Using cached data for race_control_messages
2026-04-02 13:42:02.855 | INFO     | fastf1.core:load:1445 - Finished loading data for 20 drivers: ['44', '11', '33', '16', '10', '3', '4', '77', '31', '18', '55', '63', '5', '6', '14', '7', '99', '47', '9', '22']
2026-04-02 13:42:02.879 | INFO     | fastf1.core:load:1408 - Loading data for Portuguese Grand Prix - Qualifying [v3.8.2]
2026-04-02 13:42:02.891 | INFO     | fastf1.req:_cached_api_request:434 - Using cached data for session_info
2026-04-02 13:42:02.900 | INFO     | fastf1.req:_cached_api_request:434 - Using cached data for driver_info
2026-04-02 13:42:02.946 | INFO     | fastf1.req:_cached_api_request:434 - Using cached data for session_status_data
2026-04-02 13:42:02.958 | INFO     | fastf1.req:_cached_api_request:434 - Using cached data for track_status_data
2026-04-02 13:42:02.974 | INFO     | fastf1.req:_cached_api_request:434 - Using cached data for _extended_timing_data
2026-04-02 13:42:02.986 | INFO     | fastf1.req:_cached_api_request:434 - Using cached data for timing_app_data
2026-04-02 13:42:02.986 | INFO     | fastf1.core:_load_laps_data:1463 - Processing timing data...
2026-04-02 13:42:03.916 | INFO     | fastf1.req:_cached_api_request:434 - Using cached data for car_data
2026-04-02 13:42:04.141 | INFO     | fastf1.req:_cached_api_request:434 - Using cached data for position_data
2026-04-02 13:42:05.242 | INFO     | fastf1.req:_cached_api_request:434 - Using cached data for weather_data
2026-04-02 13:42:05.252 | INFO     | fastf1.req:_cached_api_request:434 - Using cached data for race_control_messages
2026-04-02 13:42:05.273 | INFO     | fastf1.core:load:1445 - Finished loading data for 20 drivers: ['77', '44', '33', '11', '55', '31', '4', '16', '10', '5', '63', '99', '14', '22', '7', '3', '18', '6', '47', '9']
2026-04-02 13:42:05.298 | INFO     | fastf1.core:load:1408 - Loading data for Spanish Grand Prix - Qualifying [v3.8.2]
2026-04-02 13:42:05.309 | INFO     | fastf1.req:_cached_api_request:434 - Using cached data for session_info
2026-04-02 13:42:05.319 | INFO     | fastf1.req:_cached_api_request:434 - Using cached data for driver_info
2026-04-02 13:42:05.363 | INFO     | fastf1.req:_cached_api_request:434 - Using cached data for session_status_data
2026-04-02 13:42:05.371 | INFO     | fastf1.req:_cached_api_request:434 - Using cached data for track_status_data
2026-04-02 13:42:05.387 | INFO     | fastf1.req:_cached_api_request:434 - Using cached data for _extended_timing_data
2026-04-02 13:42:05.401 | INFO     | fastf1.req:_cached_api_request:434 - Using cached data for timing_app_data
2026-04-02 13:42:05.402 | INFO     | fastf1.core:_load_laps_data:1463 - Processing timing data...
2026-04-02 13:42:06.264 | INFO     | fastf1.req:_cached_api_request:434 - Using cached data for car_data
2026-04-02 13:42:06.529 | INFO     | fastf1.req:_cached_api_request:434 - Using cached data for position_data
2026-04-02 13:42:07.905 | INFO     | fastf1.req:_cached_api_request:434 - Using cached data for weather_data
2026-04-02 13:42:07.916 | INFO     | fastf1.req:_cached_api_request:434 - Using cached data for race_control_messages
2026-04-02 13:42:07.920 | INFO     | fastf1.core:load:1445 - Finished loading data for 20 drivers: ['44', '33', '77', '16', '31', '55', '3', '11', '4', '14', '18', '10', '5', '99', '63', '22', '7', '47', '6', '9']
2026-04-02 13:42:07.948 | INFO     | fastf1.core:load:1408 - Loading data for Monaco Grand Prix - Qualifying [v3.8.2]
2026-04-02 13:42:07.959 | INFO     | fastf1.req:_cached_api_request:434 - Using cached data for session_info
2026-04-02 13:42:07.970 | INFO     | fastf1.req:_cached_api_request:434 - Using cached data for driver_info
2026-04-02 13:42:08.013 | INFO     | fastf1.req:_cached_api_request:434 - Using cached data for session_status_data
2026-04-02 13:42:08.024 | INFO     | fastf1.req:_cached_api_request:434 - Using cached data for track_status_data
2026-04-02 13:42:08.037 | INFO     | fastf1.req:_cached_api_request:434 - Using cached data for _extended_timing_data
2026-04-02 13:42:08.048 | INFO     | fastf1.req:_cached_api_request:434 - Using cached data for timing_app_data
2026-04-02 13:42:08.049 | INFO     | fastf1.core:_load_laps_data:1463 - Processing timing data...
2026-04-02 13:42:08.532 | WARNING  | fastf1.core:_load_laps_data:1514 - No lap data for driver 47
2026-04-02 13:42:08.816 | WARNING  | fastf1.core:_check_lap_accuracy:2306 - Failed to perform lap accuracy check - all laps marked as inaccurate (driver 47)
2026-04-02 13:42:09.082 | INFO     | fastf1.req:_cached_api_request:434 - Using cached data for car_data
2026-04-02 13:42:09.322 | INFO     | fastf1.req:_cached_api_request:434 - Using cached data for position_data
2026-04-02 13:42:10.425 | INFO     | fastf1.req:_cached_api_request:434 - Using cached data for weather_data
2026-04-02 13:42:10.433 | INFO     | fastf1.req:_cached_api_request:434 - Using cached data for race_control_messages
2026-04-02 13:42:10.460 | INFO     | fastf1.core:load:1445 - Finished loading data for 20 drivers: ['16', '33', '77', '55', '4', '10', '44', '5', '11', '99', '31', '3', '18', '7', '63', '22', '14', '6', '9', '47']
2026-04-02 13:42:10.491 | INFO     | fastf1.core:load:1408 - Loading data for Azerbaijan Grand Prix - Qualifying [v3.8.2]
2026-04-02 13:42:10.507 | INFO     | fastf1.req:_cached_api_request:434 - Using cached data for session_info
2026-04-02 13:42:10.519 | INFO     | fastf1.req:_cached_api_request:434 - Using cached data for driver_info
2026-04-02 13:42:10.567 | INFO     | fastf1.req:_cached_api_request:434 - Using cached data for session_status_data
2026-04-02 13:42:10.579 | INFO     | fastf1.req:_cached_api_request:434 - Using cached data for track_status_data
2026-04-02 13:42:10.592 | INFO     | fastf1.req:_cached_api_request:434 - Using cached data for _extended_timing_data
2026-04-02 13:42:10.606 | INFO     | fastf1.req:_cached_api_request:434 - Using cached data for timing_app_data
2026-04-02 13:42:10.607 | INFO     | fastf1.core:_load_laps_data:1463 - Processing timing data...
2026-04-02 13:42:11.571 | INFO     | fastf1.req:_cached_api_request:434 - Using cached data for car_data
2026-04-02 13:42:11.860 | INFO     | fastf1.req:_cached_api_request:434 - Using cached data for position_data
2026-04-02 13:42:13.265 | INFO     | fastf1.req:_cached_api_request:434 - Using cached data for weather_data
2026-04-02 13:42:13.275 | INFO     | fastf1.req:_cached_api_request:434 - Using cached data for race_control_messages
2026-04-02 13:42:13.287 | INFO     | fastf1.core:load:1445 - Finished loading data for 20 drivers: ['16', '44', '33', '10', '55', '4', '11', '22', '14', '77', '5', '31', '3', '7', '63', '6', '47', '9', '18', '99']
2026-04-02 13:42:13.312 | INFO     | fastf1.core:load:1408 - Loading data for French Grand Prix - Qualifying [v3.8.2]
2026-04-02 13:42:13.324 | INFO     | fastf1.req:_cached_api_request:434 - Using cached data for session_info
2026-04-02 13:42:13.335 | INFO     | fastf1.req:_cached_api_request:434 - Using cached data for driver_info
2026-04-02 13:42:13.379 | INFO     | fastf1.req:_cached_api_request:434 - Using cached data for session_status_data
2026-04-02 13:42:13.389 | INFO     | fastf1.req:_cached_api_request:434 - Using cached data for track_status_data
2026-04-02 13:42:13.402 | INFO     | fastf1.req:_cached_api_request:434 - Using cached data for _extended_timing_data
2026-04-02 13:42:13.416 | INFO     | fastf1.req:_cached_api_request:434 - Using cached data for timing_app_data
2026-04-02 13:42:13.416 | INFO     | fastf1.core:_load_laps_data:1463 - Processing timing data...
2026-04-02 13:42:14.347 | INFO     | fastf1.req:_cached_api_request:434 - Using cached data for car_data
2026-04-02 13:42:14.601 | INFO     | fastf1.req:_cached_api_request:434 - Using cached data for position_data
2026-04-02 13:42:15.893 | INFO     | fastf1.req:_cached_api_request:434 - Using cached data for weather_data
2026-04-02 13:42:15.898 | INFO     | fastf1.req:_cached_api_request:457 - No cached data found for race_control_messages. Loading data...
2026-04-02 13:42:15.899 | INFO     | fastf1._api:race_control_messages:1430 - Fetching race control messages...
2026-04-02 13:42:16.074 | INFO     | fastf1.req:_cached_api_request:462 - Data has been written to cache!
2026-04-02 13:42:16.090 | INFO     | fastf1.core:load:1445 - Finished loading data for 20 drivers: ['33', '44', '77', '11', '55', '10', '16', '4', '14', '3', '31', '5', '99', '63', '47', '6', '7', '9', '18', '22']
2026-04-02 13:42:16.116 | INFO     | fastf1.core:load:1408 - Loading data for Styrian Grand Prix - Qualifying [v3.8.2]
2026-04-02 13:42:16.123 | INFO     | fastf1.req:_cached_api_request:457 - No cached data found for session_info. Loading data...
2026-04-02 13:42:16.123 | INFO     | fastf1._api:session_info:1728 - Fetching session info data...
2026-04-02 13:42:16.320 | INFO     | fastf1.req:_cached_api_request:462 - Data has been written to cache!
2026-04-02 13:42:16.326 | INFO     | fastf1.req:_cached_api_request:457 - No cached data found for driver_info. Loading data...
2026-04-02 13:42:16.326 | INFO     | fastf1._api:driver_info:1561 - Fetching driver list...
2026-04-02 13:42:16.584 | INFO     | fastf1.req:_cached_api_request:462 - Data has been written to cache!
2026-04-02 13:42:16.872 | INFO     | fastf1.req:_cached_api_request:457 - No cached data found for session_status_data. Loading data...
2026-04-02 13:42:16.873 | INFO     | fastf1._api:session_status_data:1359 - Fetching session status data...
2026-04-02 13:42:17.112 | INFO     | fastf1.req:_cached_api_request:462 - Data has been written to cache!
2026-04-02 13:42:17.122 | INFO     | fastf1.req:_cached_api_request:457 - No cached data found for track_status_data. Loading data...
2026-04-02 13:42:17.123 | INFO     | fastf1._api:track_status_data:1303 - Fetching track status data...
2026-04-02 13:42:17.379 | INFO     | fastf1.req:_cached_api_request:462 - Data has been written to cache!
2026-04-02 13:42:17.387 | INFO     | fastf1.req:_cached_api_request:457 - No cached data found for _extended_timing_data. Loading data...
2026-04-02 13:42:17.387 | INFO     | fastf1._api:_extended_timing_data:198 - Fetching timing data...
2026-04-02 13:42:17.795 | INFO     | fastf1._api:_extended_timing_data:205 - Parsing timing data...
2026-04-02 13:42:18.001 | INFO     | fastf1.req:_cached_api_request:462 - Data has been written to cache!
2026-04-02 13:42:18.005 | INFO     | fastf1.req:_cached_api_request:457 - No cached data found for timing_app_data. Loading data...
2026-04-02 13:42:18.005 | INFO     | fastf1._api:timing_app_data:876 - Fetching timing app data...
2026-04-02 13:42:18.205 | INFO     | fastf1.req:_cached_api_request:462 - Data has been written to cache!
2026-04-02 13:42:18.206 | INFO     | fastf1.core:_load_laps_data:1463 - Processing timing data...
2026-04-02 13:42:18.923 | INFO     | fastf1.req:_cached_api_request:457 - No cached data found for car_data. Loading data...
2026-04-02 13:42:18.924 | INFO     | fastf1._api:car_data:975 - Fetching car data...
2026-04-02 13:42:19.461 | INFO     | fastf1._api:car_data:983 - Parsing car data...
2026-04-02 13:42:22.895 | INFO     | fastf1.req:_cached_api_request:462 - Data has been written to cache!
2026-04-02 13:42:22.899 | INFO     | fastf1.req:_cached_api_request:457 - No cached data found for position_data. Loading data...
2026-04-02 13:42:22.900 | INFO     | fastf1._api:position_data:1140 - Fetching position data...
2026-04-02 13:42:23.456 | INFO     | fastf1._api:position_data:1148 - Parsing position data...
2026-04-02 13:42:27.523 | INFO     | fastf1.req:_cached_api_request:462 - Data has been written to cache!
2026-04-02 13:42:28.748 | INFO     | fastf1.req:_cached_api_request:457 - No cached data found for weather_data. Loading data...
2026-04-02 13:42:28.749 | INFO     | fastf1._api:weather_data:1654 - Fetching weather data...
2026-04-02 13:42:28.949 | INFO     | fastf1.req:_cached_api_request:462 - Data has been written to cache!
2026-04-02 13:42:28.957 | INFO     | fastf1.req:_cached_api_request:457 - No cached data found for race_control_messages. Loading data...
2026-04-02 13:42:28.958 | INFO     | fastf1._api:race_control_messages:1430 - Fetching race control messages...
2026-04-02 13:42:29.180 | INFO     | fastf1.req:_cached_api_request:462 - Data has been written to cache!
2026-04-02 13:42:29.203 | INFO     | fastf1.core:load:1445 - Finished loading data for 20 drivers: ['33', '77', '44', '4', '11', '10', '16', '22', '14', '18', '63', '55', '3', '5', '99', '6', '31', '7', '47', '9']
2026-04-02 13:42:29.228 | INFO     | fastf1.core:load:1408 - Loading data for Austrian Grand Prix - Qualifying [v3.8.2]
2026-04-02 13:42:29.235 | INFO     | fastf1.req:_cached_api_request:457 - No cached data found for session_info. Loading data...
2026-04-02 13:42:29.236 | INFO     | fastf1._api:session_info:1728 - Fetching session info data...
2026-04-02 13:42:29.439 | INFO     | fastf1.req:_cached_api_request:462 - Data has been written to cache!
2026-04-02 13:42:29.446 | INFO     | fastf1.req:_cached_api_request:457 - No cached data found for driver_info. Loading data...
2026-04-02 13:42:29.447 | INFO     | fastf1._api:driver_info:1561 - Fetching driver list...
2026-04-02 13:42:29.720 | INFO     | fastf1.req:_cached_api_request:462 - Data has been written to cache!
2026-04-02 13:42:29.845 | INFO     | fastf1.req:_cached_api_request:457 - No cached data found for session_status_data. Loading data...
2026-04-02 13:42:29.845 | INFO     | fastf1._api:session_status_data:1359 - Fetching session status data...
2026-04-02 13:42:30.165 | INFO     | fastf1.req:_cached_api_request:462 - Data has been written to cache!
2026-04-02 13:42:30.171 | INFO     | fastf1.req:_cached_api_request:457 - No cached data found for track_status_data. Loading data...
2026-04-02 13:42:30.171 | INFO     | fastf1._api:track_status_data:1303 - Fetching track status data...
2026-04-02 13:42:30.427 | INFO     | fastf1.req:_cached_api_request:462 - Data has been written to cache!
2026-04-02 13:42:30.435 | INFO     | fastf1.req:_cached_api_request:457 - No cached data found for _extended_timing_data. Loading data...
2026-04-02 13:42:30.436 | INFO     | fastf1._api:_extended_timing_data:198 - Fetching timing data...
2026-04-02 13:42:30.937 | INFO     | fastf1._api:_extended_timing_data:205 - Parsing timing data...
2026-04-02 13:42:31.141 | INFO     | fastf1.req:_cached_api_request:462 - Data has been written to cache!
2026-04-02 13:42:31.146 | INFO     | fastf1.req:_cached_api_request:457 - No cached data found for timing_app_data. Loading data...
2026-04-02 13:42:31.146 | INFO     | fastf1._api:timing_app_data:876 - Fetching timing app data...
2026-04-02 13:42:31.392 | INFO     | fastf1.req:_cached_api_request:462 - Data has been written to cache!
2026-04-02 13:42:31.393 | INFO     | fastf1.core:_load_laps_data:1463 - Processing timing data...
2026-04-02 13:42:32.004 | INFO     | fastf1.req:_cached_api_request:457 - No cached data found for car_data. Loading data...
2026-04-02 13:42:32.005 | INFO     | fastf1._api:car_data:975 - Fetching car data...
2026-04-02 13:42:32.636 | INFO     | fastf1._api:car_data:983 - Parsing car data...
2026-04-02 13:42:35.967 | INFO     | fastf1.req:_cached_api_request:462 - Data has been written to cache!
2026-04-02 13:42:35.970 | INFO     | fastf1.req:_cached_api_request:457 - No cached data found for position_data. Loading data...
2026-04-02 13:42:35.970 | INFO     | fastf1._api:position_data:1140 - Fetching position data...
2026-04-02 13:42:36.696 | INFO     | fastf1._api:position_data:1148 - Parsing position data...
2026-04-02 13:42:40.603 | INFO     | fastf1.req:_cached_api_request:462 - Data has been written to cache!
2026-04-02 13:42:41.806 | INFO     | fastf1.req:_cached_api_request:457 - No cached data found for weather_data. Loading data...
2026-04-02 13:42:41.806 | INFO     | fastf1._api:weather_data:1654 - Fetching weather data...
2026-04-02 13:42:41.997 | INFO     | fastf1.req:_cached_api_request:462 - Data has been written to cache!
2026-04-02 13:42:42.003 | INFO     | fastf1.req:_cached_api_request:457 - No cached data found for race_control_messages. Loading data...
2026-04-02 13:42:42.003 | INFO     | fastf1._api:race_control_messages:1430 - Fetching race control messages...
2026-04-02 13:42:42.259 | INFO     | fastf1.req:_cached_api_request:462 - Data has been written to cache!
2026-04-02 13:42:42.275 | INFO     | fastf1.core:load:1445 - Finished loading data for 20 drivers: ['33', '4', '11', '44', '77', '10', '22', '5', '63', '18', '55', '16', '3', '14', '99', '7', '31', '6', '47', '9']
2026-04-02 13:42:42.302 | INFO     | fastf1.core:load:1408 - Loading data for British Grand Prix - Qualifying [v3.8.2]
2026-04-02 13:42:42.309 | INFO     | fastf1.req:_cached_api_request:457 - No cached data found for session_info. Loading data...
2026-04-02 13:42:42.310 | INFO     | fastf1._api:session_info:1728 - Fetching session info data...
2026-04-02 13:42:42.521 | INFO     | fastf1.req:_cached_api_request:462 - Data has been written to cache!
2026-04-02 13:42:42.526 | INFO     | fastf1.req:_cached_api_request:457 - No cached data found for driver_info. Loading data...
2026-04-02 13:42:42.527 | INFO     | fastf1._api:driver_info:1561 - Fetching driver list...
2026-04-02 13:42:42.813 | INFO     | fastf1.req:_cached_api_request:462 - Data has been written to cache!
2026-04-02 13:42:42.889 | INFO     | fastf1.req:_cached_api_request:457 - No cached data found for session_status_data. Loading data...
2026-04-02 13:42:42.889 | INFO     | fastf1._api:session_status_data:1359 - Fetching session status data...
2026-04-02 13:42:43.260 | INFO     | fastf1.req:_cached_api_request:462 - Data has been written to cache!
2026-04-02 13:42:43.268 | INFO     | fastf1.req:_cached_api_request:457 - No cached data found for track_status_data. Loading data...
2026-04-02 13:42:43.269 | INFO     | fastf1._api:track_status_data:1303 - Fetching track status data...
2026-04-02 13:42:43.489 | INFO     | fastf1.req:_cached_api_request:462 - Data has been written to cache!
2026-04-02 13:42:43.495 | INFO     | fastf1.req:_cached_api_request:457 - No cached data found for _extended_timing_data. Loading data...
2026-04-02 13:42:43.495 | INFO     | fastf1._api:_extended_timing_data:198 - Fetching timing data...
2026-04-02 13:42:43.938 | INFO     | fastf1._api:_extended_timing_data:205 - Parsing timing data...
2026-04-02 13:42:44.166 | INFO     | fastf1.req:_cached_api_request:462 - Data has been written to cache!
2026-04-02 13:42:44.172 | INFO     | fastf1.req:_cached_api_request:457 - No cached data found for timing_app_data. Loading data...
2026-04-02 13:42:44.173 | INFO     | fastf1._api:timing_app_data:876 - Fetching timing app data...
2026-04-02 13:42:44.366 | INFO     | fastf1.req:_cached_api_request:462 - Data has been written to cache!
2026-04-02 13:42:44.367 | INFO     | fastf1.core:_load_laps_data:1463 - Processing timing data...
2026-04-02 13:42:45.136 | INFO     | fastf1.req:_cached_api_request:457 - No cached data found for car_data. Loading data...
2026-04-02 13:42:45.137 | INFO     | fastf1._api:car_data:975 - Fetching car data...
2026-04-02 13:42:45.782 | INFO     | fastf1._api:car_data:983 - Parsing car data...
2026-04-02 13:42:49.639 | INFO     | fastf1.req:_cached_api_request:462 - Data has been written to cache!
2026-04-02 13:42:49.645 | INFO     | fastf1.req:_cached_api_request:457 - No cached data found for position_data. Loading data...
2026-04-02 13:42:49.646 | INFO     | fastf1._api:position_data:1140 - Fetching position data...
2026-04-02 13:42:50.434 | INFO     | fastf1._api:position_data:1148 - Parsing position data...
2026-04-02 13:42:54.892 | INFO     | fastf1.req:_cached_api_request:462 - Data has been written to cache!
2026-04-02 13:42:56.278 | INFO     | fastf1.req:_cached_api_request:457 - No cached data found for weather_data. Loading data...
2026-04-02 13:42:56.279 | INFO     | fastf1._api:weather_data:1654 - Fetching weather data...
2026-04-02 13:42:56.476 | INFO     | fastf1.req:_cached_api_request:462 - Data has been written to cache!
2026-04-02 13:42:56.484 | INFO     | fastf1.req:_cached_api_request:457 - No cached data found for race_control_messages. Loading data...
2026-04-02 13:42:56.485 | INFO     | fastf1._api:race_control_messages:1430 - Fetching race control messages...
2026-04-02 13:42:56.764 | INFO     | fastf1.req:_cached_api_request:462 - Data has been written to cache!
2026-04-02 13:42:56.778 | INFO     | fastf1.core:load:1445 - Finished loading data for 20 drivers: ['44', '33', '77', '16', '11', '4', '3', '63', '55', '5', '14', '10', '31', '99', '18', '22', '7', '6', '47', '9']
2026-04-02 13:42:56.809 | INFO     | fastf1.core:load:1408 - Loading data for Hungarian Grand Prix - Qualifying [v3.8.2]
2026-04-02 13:42:56.815 | INFO     | fastf1.req:_cached_api_request:457 - No cached data found for session_info. Loading data...
2026-04-02 13:42:56.815 | INFO     | fastf1._api:session_info:1728 - Fetching session info data...
2026-04-02 13:42:56.981 | INFO     | fastf1.req:_cached_api_request:462 - Data has been written to cache!
2026-04-02 13:42:56.986 | INFO     | fastf1.req:_cached_api_request:457 - No cached data found for driver_info. Loading data...
2026-04-02 13:42:56.987 | INFO     | fastf1._api:driver_info:1561 - Fetching driver list...
2026-04-02 13:42:57.377 | INFO     | fastf1.req:_cached_api_request:462 - Data has been written to cache!
2026-04-02 13:42:57.486 | INFO     | fastf1.req:_cached_api_request:457 - No cached data found for session_status_data. Loading data...
2026-04-02 13:42:57.487 | INFO     | fastf1._api:session_status_data:1359 - Fetching session status data...
2026-04-02 13:42:57.808 | INFO     | fastf1.req:_cached_api_request:462 - Data has been written to cache!
2026-04-02 13:42:57.815 | INFO     | fastf1.req:_cached_api_request:457 - No cached data found for track_status_data. Loading data...
2026-04-02 13:42:57.815 | INFO     | fastf1._api:track_status_data:1303 - Fetching track status data...
2026-04-02 13:42:58.097 | INFO     | fastf1.req:_cached_api_request:462 - Data has been written to cache!
2026-04-02 13:42:58.109 | INFO     | fastf1.req:_cached_api_request:457 - No cached data found for _extended_timing_data. Loading data...
2026-04-02 13:42:58.110 | INFO     | fastf1._api:_extended_timing_data:198 - Fetching timing data...
2026-04-02 13:42:58.590 | INFO     | fastf1._api:_extended_timing_data:205 - Parsing timing data...
2026-04-02 13:42:58.621 | WARNING  | fastf1._api:_laps_data_driver:406 - Driver 77: Ignoring late data for a previously processed lap.The data may contain errors (previous: 17; current 18)
2026-04-02 13:42:58.691 | WARNING  | fastf1._api:_laps_data_driver:406 - Driver 10: Ignoring late data for a previously processed lap.The data may contain errors (previous: 7; current 8)
2026-04-02 13:42:58.799 | INFO     | fastf1.req:_cached_api_request:462 - Data has been written to cache!
2026-04-02 13:42:58.803 | INFO     | fastf1.req:_cached_api_request:457 - No cached data found for timing_app_data. Loading data...
2026-04-02 13:42:58.804 | INFO     | fastf1._api:timing_app_data:876 - Fetching timing app data...
2026-04-02 13:42:59.056 | INFO     | fastf1.req:_cached_api_request:462 - Data has been written to cache!
2026-04-02 13:42:59.056 | INFO     | fastf1.core:_load_laps_data:1463 - Processing timing data...
2026-04-02 13:42:59.506 | WARNING  | fastf1.core:_load_laps_data:1514 - No lap data for driver 47
2026-04-02 13:42:59.748 | WARNING  | fastf1.core:_check_lap_accuracy:2306 - Failed to perform lap accuracy check - all laps marked as inaccurate (driver 47)
2026-04-02 13:42:59.802 | INFO     | fastf1.req:_cached_api_request:457 - No cached data found for car_data. Loading data...
2026-04-02 13:42:59.803 | INFO     | fastf1._api:car_data:975 - Fetching car data...
2026-04-02 13:43:00.423 | INFO     | fastf1._api:car_data:983 - Parsing car data...
2026-04-02 13:43:04.550 | INFO     | fastf1.req:_cached_api_request:462 - Data has been written to cache!
2026-04-02 13:43:04.554 | INFO     | fastf1.req:_cached_api_request:457 - No cached data found for position_data. Loading data...
2026-04-02 13:43:04.555 | INFO     | fastf1._api:position_data:1140 - Fetching position data...
2026-04-02 13:43:05.148 | INFO     | fastf1._api:position_data:1148 - Parsing position data...
2026-04-02 13:43:09.639 | INFO     | fastf1.req:_cached_api_request:462 - Data has been written to cache!
2026-04-02 13:43:10.987 | INFO     | fastf1.req:_cached_api_request:457 - No cached data found for weather_data. Loading data...
2026-04-02 13:43:10.987 | INFO     | fastf1._api:weather_data:1654 - Fetching weather data...
2026-04-02 13:43:11.169 | INFO     | fastf1.req:_cached_api_request:462 - Data has been written to cache!
2026-04-02 13:43:11.175 | INFO     | fastf1.req:_cached_api_request:457 - No cached data found for race_control_messages. Loading data...
2026-04-02 13:43:11.176 | INFO     | fastf1._api:race_control_messages:1430 - Fetching race control messages...
2026-04-02 13:43:11.424 | INFO     | fastf1.req:_cached_api_request:462 - Data has been written to cache!
2026-04-02 13:43:11.429 | INFO     | fastf1.core:load:1445 - Finished loading data for 20 drivers: ['44', '77', '33', '11', '10', '4', '16', '31', '14', '5', '3', '18', '7', '99', '55', '22', '63', '6', '9', '47']
2026-04-02 13:43:11.455 | INFO     | fastf1.core:load:1408 - Loading data for Belgian Grand Prix - Qualifying [v3.8.2]
2026-04-02 13:43:11.461 | INFO     | fastf1.req:_cached_api_request:457 - No cached data found for session_info. Loading data...
2026-04-02 13:43:11.462 | INFO     | fastf1._api:session_info:1728 - Fetching session info data...
2026-04-02 13:43:11.686 | INFO     | fastf1.req:_cached_api_request:462 - Data has been written to cache!
2026-04-02 13:43:11.694 | INFO     | fastf1.req:_cached_api_request:457 - No cached data found for driver_info. Loading data...
2026-04-02 13:43:11.694 | INFO     | fastf1._api:driver_info:1561 - Fetching driver list...
2026-04-02 13:43:11.947 | INFO     | fastf1.req:_cached_api_request:462 - Data has been written to cache!
2026-04-02 13:43:12.064 | INFO     | fastf1.req:_cached_api_request:457 - No cached data found for session_status_data. Loading data...
2026-04-02 13:43:12.064 | INFO     | fastf1._api:session_status_data:1359 - Fetching session status data...
2026-04-02 13:43:12.405 | INFO     | fastf1.req:_cached_api_request:462 - Data has been written to cache!
2026-04-02 13:43:12.411 | INFO     | fastf1.req:_cached_api_request:457 - No cached data found for track_status_data. Loading data...
2026-04-02 13:43:12.411 | INFO     | fastf1._api:track_status_data:1303 - Fetching track status data...
2026-04-02 13:43:12.675 | INFO     | fastf1.req:_cached_api_request:462 - Data has been written to cache!
2026-04-02 13:43:12.682 | INFO     | fastf1.req:_cached_api_request:457 - No cached data found for _extended_timing_data. Loading data...
2026-04-02 13:43:12.683 | INFO     | fastf1._api:_extended_timing_data:198 - Fetching timing data...
2026-04-02 13:43:13.192 | INFO     | fastf1._api:_extended_timing_data:205 - Parsing timing data...
2026-04-02 13:43:13.461 | INFO     | fastf1.req:_cached_api_request:462 - Data has been written to cache!
2026-04-02 13:43:13.467 | INFO     | fastf1.req:_cached_api_request:457 - No cached data found for timing_app_data. Loading data...
2026-04-02 13:43:13.467 | INFO     | fastf1._api:timing_app_data:876 - Fetching timing app data...
2026-04-02 13:43:13.742 | INFO     | fastf1.req:_cached_api_request:462 - Data has been written to cache!
2026-04-02 13:43:13.743 | INFO     | fastf1.core:_load_laps_data:1463 - Processing timing data...
2026-04-02 13:43:14.435 | INFO     | fastf1.req:_cached_api_request:457 - No cached data found for car_data. Loading data...
2026-04-02 13:43:14.435 | INFO     | fastf1._api:car_data:975 - Fetching car data...
2026-04-02 13:43:15.287 | INFO     | fastf1._api:car_data:983 - Parsing car data...
2026-04-02 13:43:21.276 | INFO     | fastf1.req:_cached_api_request:462 - Data has been written to cache!
2026-04-02 13:43:21.281 | INFO     | fastf1.req:_cached_api_request:457 - No cached data found for position_data. Loading data...
2026-04-02 13:43:21.281 | INFO     | fastf1._api:position_data:1140 - Fetching position data...
2026-04-02 13:43:22.299 | INFO     | fastf1._api:position_data:1148 - Parsing position data...
2026-04-02 13:43:29.058 | INFO     | fastf1.req:_cached_api_request:462 - Data has been written to cache!
2026-04-02 13:43:31.102 | INFO     | fastf1.req:_cached_api_request:457 - No cached data found for weather_data. Loading data...
2026-04-02 13:43:31.103 | INFO     | fastf1._api:weather_data:1654 - Fetching weather data...
2026-04-02 13:43:31.327 | INFO     | fastf1.req:_cached_api_request:462 - Data has been written to cache!
2026-04-02 13:43:31.335 | INFO     | fastf1.req:_cached_api_request:457 - No cached data found for race_control_messages. Loading data...
2026-04-02 13:43:31.335 | INFO     | fastf1._api:race_control_messages:1430 - Fetching race control messages...
2026-04-02 13:43:31.570 | INFO     | fastf1.req:_cached_api_request:462 - Data has been written to cache!
2026-04-02 13:43:31.576 | INFO     | fastf1.core:load:1445 - Finished loading data for 20 drivers: ['33', '63', '44', '3', '5', '10', '11', '77', '31', '4', '16', '6', '55', '14', '18', '99', '22', '47', '7', '9']
2026-04-02 13:43:31.606 | INFO     | fastf1.core:load:1408 - Loading data for Dutch Grand Prix - Qualifying [v3.8.2]
2026-04-02 13:43:31.613 | INFO     | fastf1.req:_cached_api_request:457 - No cached data found for session_info. Loading data...
2026-04-02 13:43:31.614 | INFO     | fastf1._api:session_info:1728 - Fetching session info data...
2026-04-02 13:43:31.769 | INFO     | fastf1.req:_cached_api_request:462 - Data has been written to cache!
2026-04-02 13:43:31.774 | INFO     | fastf1.req:_cached_api_request:457 - No cached data found for driver_info. Loading data...
2026-04-02 13:43:31.775 | INFO     | fastf1._api:driver_info:1561 - Fetching driver list...
2026-04-02 13:43:32.033 | INFO     | fastf1.req:_cached_api_request:462 - Data has been written to cache!
2026-04-02 13:43:32.198 | INFO     | fastf1.req:_cached_api_request:457 - No cached data found for session_status_data. Loading data...
2026-04-02 13:43:32.198 | INFO     | fastf1._api:session_status_data:1359 - Fetching session status data...
2026-04-02 13:43:32.538 | INFO     | fastf1.req:_cached_api_request:462 - Data has been written to cache!
2026-04-02 13:43:32.544 | INFO     | fastf1.req:_cached_api_request:457 - No cached data found for track_status_data. Loading data...
2026-04-02 13:43:32.544 | INFO     | fastf1._api:track_status_data:1303 - Fetching track status data...
2026-04-02 13:43:32.787 | INFO     | fastf1.req:_cached_api_request:462 - Data has been written to cache!
2026-04-02 13:43:32.793 | INFO     | fastf1.req:_cached_api_request:457 - No cached data found for _extended_timing_data. Loading data...
2026-04-02 13:43:32.793 | INFO     | fastf1._api:_extended_timing_data:198 - Fetching timing data...
2026-04-02 13:43:33.307 | INFO     | fastf1._api:_extended_timing_data:205 - Parsing timing data...
2026-04-02 13:43:33.505 | INFO     | fastf1.req:_cached_api_request:462 - Data has been written to cache!
2026-04-02 13:43:33.511 | INFO     | fastf1.req:_cached_api_request:457 - No cached data found for timing_app_data. Loading data...
2026-04-02 13:43:33.511 | INFO     | fastf1._api:timing_app_data:876 - Fetching timing app data...
2026-04-02 13:43:33.714 | INFO     | fastf1.req:_cached_api_request:462 - Data has been written to cache!
2026-04-02 13:43:33.714 | INFO     | fastf1.core:_load_laps_data:1463 - Processing timing data...
2026-04-02 13:43:34.401 | INFO     | fastf1.req:_cached_api_request:457 - No cached data found for car_data. Loading data...
2026-04-02 13:43:34.402 | INFO     | fastf1._api:car_data:975 - Fetching car data...
2026-04-02 13:43:35.173 | INFO     | fastf1._api:car_data:983 - Parsing car data...
2026-04-02 13:43:40.939 | INFO     | fastf1.req:_cached_api_request:462 - Data has been written to cache!
2026-04-02 13:43:40.947 | INFO     | fastf1.req:_cached_api_request:457 - No cached data found for position_data. Loading data...
2026-04-02 13:43:40.947 | INFO     | fastf1._api:position_data:1140 - Fetching position data...
2026-04-02 13:43:41.986 | INFO     | fastf1._api:position_data:1148 - Parsing position data...
2026-04-02 13:43:48.480 | INFO     | fastf1.req:_cached_api_request:462 - Data has been written to cache!
2026-04-02 13:43:50.240 | INFO     | fastf1.req:_cached_api_request:457 - No cached data found for weather_data. Loading data...
2026-04-02 13:43:50.241 | INFO     | fastf1._api:weather_data:1654 - Fetching weather data...
2026-04-02 13:43:50.452 | INFO     | fastf1.req:_cached_api_request:462 - Data has been written to cache!
2026-04-02 13:43:50.459 | INFO     | fastf1.req:_cached_api_request:457 - No cached data found for race_control_messages. Loading data...
2026-04-02 13:43:50.459 | INFO     | fastf1._api:race_control_messages:1430 - Fetching race control messages...
2026-04-02 13:43:50.686 | INFO     | fastf1.req:_cached_api_request:462 - Data has been written to cache!
2026-04-02 13:43:50.690 | INFO     | fastf1.core:load:1445 - Finished loading data for 20 drivers: ['33', '44', '77', '10', '16', '55', '99', '31', '14', '3', '63', '18', '4', '6', '22', '11', '5', '88', '47', '9']
2026-04-02 13:43:50.720 | INFO     | fastf1.core:load:1408 - Loading data for Italian Grand Prix - Qualifying [v3.8.2]
2026-04-02 13:43:50.726 | INFO     | fastf1.req:_cached_api_request:457 - No cached data found for session_info. Loading data...
2026-04-02 13:43:50.726 | INFO     | fastf1._api:session_info:1728 - Fetching session info data...
2026-04-02 13:43:50.955 | INFO     | fastf1.req:_cached_api_request:462 - Data has been written to cache!
2026-04-02 13:43:50.961 | INFO     | fastf1.req:_cached_api_request:457 - No cached data found for driver_info. Loading data...
2026-04-02 13:43:50.961 | INFO     | fastf1._api:driver_info:1561 - Fetching driver list...
2026-04-02 13:43:51.255 | INFO     | fastf1.req:_cached_api_request:462 - Data has been written to cache!
2026-04-02 13:43:51.332 | INFO     | fastf1.req:_cached_api_request:457 - No cached data found for session_status_data. Loading data...
2026-04-02 13:43:51.333 | INFO     | fastf1._api:session_status_data:1359 - Fetching session status data...
2026-04-02 13:43:51.726 | INFO     | fastf1.req:_cached_api_request:462 - Data has been written to cache!
2026-04-02 13:43:51.732 | INFO     | fastf1.req:_cached_api_request:457 - No cached data found for track_status_data. Loading data...
2026-04-02 13:43:51.732 | INFO     | fastf1._api:track_status_data:1303 - Fetching track status data...
2026-04-02 13:43:51.904 | INFO     | fastf1.req:_cached_api_request:462 - Data has been written to cache!
2026-04-02 13:43:51.909 | INFO     | fastf1.req:_cached_api_request:457 - No cached data found for _extended_timing_data. Loading data...
2026-04-02 13:43:51.910 | INFO     | fastf1._api:_extended_timing_data:198 - Fetching timing data...
2026-04-02 13:43:52.426 | INFO     | fastf1._api:_extended_timing_data:205 - Parsing timing data...
2026-04-02 13:43:52.685 | INFO     | fastf1.req:_cached_api_request:462 - Data has been written to cache!
2026-04-02 13:43:52.691 | INFO     | fastf1.req:_cached_api_request:457 - No cached data found for timing_app_data. Loading data...
2026-04-02 13:43:52.691 | INFO     | fastf1._api:timing_app_data:876 - Fetching timing app data...
2026-04-02 13:43:52.920 | INFO     | fastf1.req:_cached_api_request:462 - Data has been written to cache!
2026-04-02 13:43:52.921 | INFO     | fastf1.core:_load_laps_data:1463 - Processing timing data...
2026-04-02 13:43:53.646 | INFO     | fastf1.req:_cached_api_request:457 - No cached data found for car_data. Loading data...
2026-04-02 13:43:53.647 | INFO     | fastf1._api:car_data:975 - Fetching car data...
2026-04-02 13:43:54.577 | INFO     | fastf1._api:car_data:983 - Parsing car data...
2026-04-02 13:44:01.786 | INFO     | fastf1.req:_cached_api_request:462 - Data has been written to cache!
2026-04-02 13:44:01.795 | INFO     | fastf1.req:_cached_api_request:457 - No cached data found for position_data. Loading data...
2026-04-02 13:44:01.796 | INFO     | fastf1._api:position_data:1140 - Fetching position data...
2026-04-02 13:44:02.981 | INFO     | fastf1._api:position_data:1148 - Parsing position data...
2026-04-02 13:44:08.006 | INFO     | fastf1.req:_cached_api_request:462 - Data has been written to cache!
2026-04-02 13:44:10.010 | INFO     | fastf1.req:_cached_api_request:457 - No cached data found for weather_data. Loading data...
2026-04-02 13:44:10.011 | INFO     | fastf1._api:weather_data:1654 - Fetching weather data...
2026-04-02 13:44:10.299 | INFO     | fastf1.req:_cached_api_request:462 - Data has been written to cache!
2026-04-02 13:44:10.311 | INFO     | fastf1.req:_cached_api_request:457 - No cached data found for race_control_messages. Loading data...
2026-04-02 13:44:10.311 | INFO     | fastf1._api:race_control_messages:1430 - Fetching race control messages...
2026-04-02 13:44:10.559 | INFO     | fastf1.req:_cached_api_request:462 - Data has been written to cache!
2026-04-02 13:44:10.612 | INFO     | fastf1.core:load:1445 - Finished loading data for 20 drivers: ['77', '44', '33', '4', '3', '10', '55', '16', '11', '99', '5', '18', '14', '31', '63', '6', '22', '47', '88', '9']
2026-04-02 13:44:10.679 | INFO     | fastf1.core:load:1408 - Loading data for Russian Grand Prix - Qualifying [v3.8.2]
2026-04-02 13:44:10.691 | INFO     | fastf1.req:_cached_api_request:457 - No cached data found for session_info. Loading data...
2026-04-02 13:44:10.691 | INFO     | fastf1._api:session_info:1728 - Fetching session info data...
2026-04-02 13:44:10.904 | INFO     | fastf1.req:_cached_api_request:462 - Data has been written to cache!
2026-04-02 13:44:10.911 | INFO     | fastf1.req:_cached_api_request:457 - No cached data found for driver_info. Loading data...
2026-04-02 13:44:10.912 | INFO     | fastf1._api:driver_info:1561 - Fetching driver list...
2026-04-02 13:44:11.190 | INFO     | fastf1.req:_cached_api_request:462 - Data has been written to cache!
2026-04-02 13:44:11.314 | INFO     | fastf1.req:_cached_api_request:457 - No cached data found for session_status_data. Loading data...
2026-04-02 13:44:11.315 | INFO     | fastf1._api:session_status_data:1359 - Fetching session status data...
2026-04-02 13:44:11.791 | INFO     | fastf1.req:_cached_api_request:462 - Data has been written to cache!
2026-04-02 13:44:11.802 | INFO     | fastf1.req:_cached_api_request:457 - No cached data found for track_status_data. Loading data...
2026-04-02 13:44:11.803 | INFO     | fastf1._api:track_status_data:1303 - Fetching track status data...
2026-04-02 13:44:12.019 | INFO     | fastf1.req:_cached_api_request:462 - Data has been written to cache!
2026-04-02 13:44:12.027 | INFO     | fastf1.req:_cached_api_request:457 - No cached data found for _extended_timing_data. Loading data...
2026-04-02 13:44:12.028 | INFO     | fastf1._api:_extended_timing_data:198 - Fetching timing data...
2026-04-02 13:44:12.653 | INFO     | fastf1._api:_extended_timing_data:205 - Parsing timing data...
2026-04-02 13:44:13.160 | INFO     | fastf1.req:_cached_api_request:462 - Data has been written to cache!
2026-04-02 13:44:13.169 | INFO     | fastf1.req:_cached_api_request:457 - No cached data found for timing_app_data. Loading data...
2026-04-02 13:44:13.170 | INFO     | fastf1._api:timing_app_data:876 - Fetching timing app data...
2026-04-02 13:44:13.541 | INFO     | fastf1.req:_cached_api_request:462 - Data has been written to cache!
2026-04-02 13:44:13.542 | INFO     | fastf1.core:_load_laps_data:1463 - Processing timing data...
2026-04-02 13:44:14.624 | INFO     | fastf1.req:_cached_api_request:457 - No cached data found for car_data. Loading data...
2026-04-02 13:44:14.625 | INFO     | fastf1._api:car_data:975 - Fetching car data...
2026-04-02 13:44:15.590 | INFO     | fastf1._api:car_data:983 - Parsing car data...
2026-04-02 13:44:20.517 | INFO     | fastf1.req:_cached_api_request:462 - Data has been written to cache!
2026-04-02 13:44:20.523 | INFO     | fastf1.req:_cached_api_request:457 - No cached data found for position_data. Loading data...
2026-04-02 13:44:20.524 | INFO     | fastf1._api:position_data:1140 - Fetching position data...
2026-04-02 13:44:21.407 | INFO     | fastf1._api:position_data:1148 - Parsing position data...
2026-04-02 13:44:26.340 | INFO     | fastf1.req:_cached_api_request:462 - Data has been written to cache!
2026-04-02 13:44:28.233 | INFO     | fastf1.req:_cached_api_request:457 - No cached data found for weather_data. Loading data...
2026-04-02 13:44:28.233 | INFO     | fastf1._api:weather_data:1654 - Fetching weather data...
2026-04-02 13:44:28.469 | INFO     | fastf1.req:_cached_api_request:462 - Data has been written to cache!
2026-04-02 13:44:28.479 | INFO     | fastf1.req:_cached_api_request:457 - No cached data found for race_control_messages. Loading data...
2026-04-02 13:44:28.479 | INFO     | fastf1._api:race_control_messages:1430 - Fetching race control messages...
2026-04-02 13:44:28.776 | INFO     | fastf1.req:_cached_api_request:462 - Data has been written to cache!
2026-04-02 13:44:28.827 | INFO     | fastf1.core:load:1445 - Finished loading data for 20 drivers: ['4', '55', '63', '44', '3', '14', '77', '18', '11', '31', '5', '10', '22', '6', '16', '7', '47', '99', '9', '33']
2026-04-02 13:44:28.862 | INFO     | fastf1.core:load:1408 - Loading data for Turkish Grand Prix - Qualifying [v3.8.2]
2026-04-02 13:44:28.865 | INFO     | fastf1.req:_cached_api_request:457 - No cached data found for session_info. Loading data...
2026-04-02 13:44:28.866 | INFO     | fastf1._api:session_info:1728 - Fetching session info data...
2026-04-02 13:44:29.084 | INFO     | fastf1.req:_cached_api_request:462 - Data has been written to cache!
2026-04-02 13:44:29.092 | INFO     | fastf1.req:_cached_api_request:457 - No cached data found for driver_info. Loading data...
2026-04-02 13:44:29.092 | INFO     | fastf1._api:driver_info:1561 - Fetching driver list...
2026-04-02 13:44:29.371 | INFO     | fastf1.req:_cached_api_request:462 - Data has been written to cache!
2026-04-02 13:44:29.472 | INFO     | fastf1.req:_cached_api_request:457 - No cached data found for session_status_data. Loading data...
2026-04-02 13:44:29.472 | INFO     | fastf1._api:session_status_data:1359 - Fetching session status data...
2026-04-02 13:44:29.843 | INFO     | fastf1.req:_cached_api_request:462 - Data has been written to cache!
2026-04-02 13:44:29.850 | INFO     | fastf1.req:_cached_api_request:457 - No cached data found for track_status_data. Loading data...
2026-04-02 13:44:29.851 | INFO     | fastf1._api:track_status_data:1303 - Fetching track status data...
2026-04-02 13:44:30.067 | INFO     | fastf1.req:_cached_api_request:462 - Data has been written to cache!
2026-04-02 13:44:30.077 | INFO     | fastf1.req:_cached_api_request:457 - No cached data found for _extended_timing_data. Loading data...
2026-04-02 13:44:30.078 | INFO     | fastf1._api:_extended_timing_data:198 - Fetching timing data...
2026-04-02 13:44:30.586 | INFO     | fastf1._api:_extended_timing_data:205 - Parsing timing data...
2026-04-02 13:44:30.948 | INFO     | fastf1.req:_cached_api_request:462 - Data has been written to cache!
2026-04-02 13:44:30.957 | INFO     | fastf1.req:_cached_api_request:457 - No cached data found for timing_app_data. Loading data...
2026-04-02 13:44:30.958 | INFO     | fastf1._api:timing_app_data:876 - Fetching timing app data...
2026-04-02 13:44:31.305 | INFO     | fastf1.req:_cached_api_request:462 - Data has been written to cache!
2026-04-02 13:44:31.306 | INFO     | fastf1.core:_load_laps_data:1463 - Processing timing data...
2026-04-02 13:44:31.315 | WARNING  | fastf1.core:__fix_tyre_info:2181 - Fixed incorrect tyre stint information for driver '44'
2026-04-02 13:44:31.362 | WARNING  | fastf1.core:__fix_tyre_info:2181 - Fixed incorrect tyre stint information for driver '77'
2026-04-02 13:44:31.409 | WARNING  | fastf1.core:__fix_tyre_info:2181 - Fixed incorrect tyre stint information for driver '33'
2026-04-02 13:44:31.455 | WARNING  | fastf1.core:__fix_tyre_info:2181 - Fixed incorrect tyre stint information for driver '16'
2026-04-02 13:44:31.509 | WARNING  | fastf1.core:__fix_tyre_info:2181 - Fixed incorrect tyre stint information for driver '10'
2026-04-02 13:44:31.596 | WARNING  | fastf1.core:__fix_tyre_info:2181 - Fixed incorrect tyre stint information for driver '14'
2026-04-02 13:44:31.664 | WARNING  | fastf1.core:__fix_tyre_info:2181 - Fixed incorrect tyre stint information for driver '11'
2026-04-02 13:44:31.717 | WARNING  | fastf1.core:__fix_tyre_info:2181 - Fixed incorrect tyre stint information for driver '4'
2026-04-02 13:44:31.781 | WARNING  | fastf1.core:__fix_tyre_info:2181 - Fixed incorrect tyre stint information for driver '18'
2026-04-02 13:44:31.849 | WARNING  | fastf1.core:__fix_tyre_info:2181 - Fixed incorrect tyre stint information for driver '22'
2026-04-02 13:44:31.908 | WARNING  | fastf1.core:__fix_tyre_info:2181 - Fixed incorrect tyre stint information for driver '5'
2026-04-02 13:44:31.947 | WARNING  | fastf1.core:__fix_tyre_info:2181 - Fixed incorrect tyre stint information for driver '31'
2026-04-02 13:44:31.993 | WARNING  | fastf1.core:__fix_tyre_info:2181 - Fixed incorrect tyre stint information for driver '63'
2026-04-02 13:44:32.031 | WARNING  | fastf1.core:__fix_tyre_info:2181 - Fixed incorrect tyre stint information for driver '47'
2026-04-02 13:44:32.076 | WARNING  | fastf1.core:__fix_tyre_info:2181 - Fixed incorrect tyre stint information for driver '55'
2026-04-02 13:44:32.720 | INFO     | fastf1.req:_cached_api_request:457 - No cached data found for car_data. Loading data...
2026-04-02 13:44:32.720 | INFO     | fastf1._api:car_data:975 - Fetching car data...
2026-04-02 13:44:33.689 | INFO     | fastf1._api:car_data:983 - Parsing car data...
2026-04-02 13:44:38.295 | INFO     | fastf1.req:_cached_api_request:462 - Data has been written to cache!
2026-04-02 13:44:38.305 | INFO     | fastf1.req:_cached_api_request:457 - No cached data found for position_data. Loading data...
2026-04-02 13:44:38.305 | INFO     | fastf1._api:position_data:1140 - Fetching position data...
2026-04-02 13:44:39.200 | INFO     | fastf1._api:position_data:1148 - Parsing position data...
2026-04-02 13:44:43.912 | INFO     | fastf1.req:_cached_api_request:462 - Data has been written to cache!
2026-04-02 13:44:45.667 | INFO     | fastf1.req:_cached_api_request:457 - No cached data found for weather_data. Loading data...
2026-04-02 13:44:45.668 | INFO     | fastf1._api:weather_data:1654 - Fetching weather data...
2026-04-02 13:44:45.884 | INFO     | fastf1.req:_cached_api_request:462 - Data has been written to cache!
2026-04-02 13:44:45.895 | INFO     | fastf1.req:_cached_api_request:457 - No cached data found for race_control_messages. Loading data...
2026-04-02 13:44:45.896 | INFO     | fastf1._api:race_control_messages:1430 - Fetching race control messages...
2026-04-02 13:44:46.144 | INFO     | fastf1.req:_cached_api_request:462 - Data has been written to cache!
2026-04-02 13:44:46.228 | INFO     | fastf1.core:load:1445 - Finished loading data for 20 drivers: ['44', '77', '33', '16', '10', '14', '11', '4', '18', '22', '5', '31', '63', '47', '55', '3', '6', '99', '7', '9']
2026-04-02 13:44:46.267 | INFO     | fastf1.core:load:1408 - Loading data for United States Grand Prix - Qualifying [v3.8.2]
2026-04-02 13:44:46.277 | INFO     | fastf1.req:_cached_api_request:457 - No cached data found for session_info. Loading data...
2026-04-02 13:44:46.278 | INFO     | fastf1._api:session_info:1728 - Fetching session info data...
2026-04-02 13:44:46.482 | INFO     | fastf1.req:_cached_api_request:462 - Data has been written to cache!
2026-04-02 13:44:46.489 | INFO     | fastf1.req:_cached_api_request:457 - No cached data found for driver_info. Loading data...
2026-04-02 13:44:46.490 | INFO     | fastf1._api:driver_info:1561 - Fetching driver list...
2026-04-02 13:44:46.767 | INFO     | fastf1.req:_cached_api_request:462 - Data has been written to cache!
2026-04-02 13:44:46.926 | INFO     | fastf1.req:_cached_api_request:457 - No cached data found for session_status_data. Loading data...
2026-04-02 13:44:46.928 | INFO     | fastf1._api:session_status_data:1359 - Fetching session status data...
2026-04-02 13:44:47.280 | INFO     | fastf1.req:_cached_api_request:462 - Data has been written to cache!
2026-04-02 13:44:47.293 | INFO     | fastf1.req:_cached_api_request:457 - No cached data found for track_status_data. Loading data...
2026-04-02 13:44:47.294 | INFO     | fastf1._api:track_status_data:1303 - Fetching track status data...
2026-04-02 13:44:47.489 | INFO     | fastf1.req:_cached_api_request:462 - Data has been written to cache!
2026-04-02 13:44:47.496 | INFO     | fastf1.req:_cached_api_request:457 - No cached data found for _extended_timing_data. Loading data...
2026-04-02 13:44:47.499 | INFO     | fastf1._api:_extended_timing_data:198 - Fetching timing data...
2026-04-02 13:44:47.960 | INFO     | fastf1._api:_extended_timing_data:205 - Parsing timing data...
2026-04-02 13:44:48.165 | WARNING  | fastf1._api:_laps_data_driver:406 - Driver 22: Ignoring late data for a previously processed lap.The data may contain errors (previous: 10; current 11)
2026-04-02 13:44:48.229 | INFO     | fastf1.req:_cached_api_request:462 - Data has been written to cache!
2026-04-02 13:44:48.239 | INFO     | fastf1.req:_cached_api_request:457 - No cached data found for timing_app_data. Loading data...
2026-04-02 13:44:48.240 | INFO     | fastf1._api:timing_app_data:876 - Fetching timing app data...
2026-04-02 13:44:48.577 | INFO     | fastf1.req:_cached_api_request:462 - Data has been written to cache!
2026-04-02 13:44:48.578 | INFO     | fastf1.core:_load_laps_data:1463 - Processing timing data...
2026-04-02 13:44:49.468 | INFO     | fastf1.req:_cached_api_request:457 - No cached data found for car_data. Loading data...
2026-04-02 13:44:49.469 | INFO     | fastf1._api:car_data:975 - Fetching car data...
2026-04-02 13:44:50.191 | INFO     | fastf1._api:car_data:983 - Parsing car data...
2026-04-02 13:44:54.562 | INFO     | fastf1.req:_cached_api_request:462 - Data has been written to cache!
2026-04-02 13:44:54.571 | INFO     | fastf1.req:_cached_api_request:457 - No cached data found for position_data. Loading data...
2026-04-02 13:44:54.572 | INFO     | fastf1._api:position_data:1140 - Fetching position data...
2026-04-02 13:44:55.471 | INFO     | fastf1._api:position_data:1148 - Parsing position data...
2026-04-02 13:45:00.507 | INFO     | fastf1.req:_cached_api_request:462 - Data has been written to cache!
2026-04-02 13:45:02.224 | INFO     | fastf1.req:_cached_api_request:457 - No cached data found for weather_data. Loading data...
2026-04-02 13:45:02.225 | INFO     | fastf1._api:weather_data:1654 - Fetching weather data...
2026-04-02 13:45:02.475 | INFO     | fastf1.req:_cached_api_request:462 - Data has been written to cache!
2026-04-02 13:45:02.483 | INFO     | fastf1.req:_cached_api_request:457 - No cached data found for race_control_messages. Loading data...
2026-04-02 13:45:02.484 | INFO     | fastf1._api:race_control_messages:1430 - Fetching race control messages...
2026-04-02 13:45:02.748 | INFO     | fastf1.req:_cached_api_request:462 - Data has been written to cache!
2026-04-02 13:45:02.776 | INFO     | fastf1.core:load:1445 - Finished loading data for 20 drivers: ['33', '44', '11', '77', '16', '55', '3', '4', '10', '22', '31', '5', '99', '14', '63', '18', '6', '7', '47', '9']
2026-04-02 13:45:02.809 | INFO     | fastf1.core:load:1408 - Loading data for Mexico City Grand Prix - Qualifying [v3.8.2]
2026-04-02 13:45:02.819 | INFO     | fastf1.req:_cached_api_request:457 - No cached data found for session_info. Loading data...
2026-04-02 13:45:02.819 | INFO     | fastf1._api:session_info:1728 - Fetching session info data...
2026-04-02 13:45:03.018 | INFO     | fastf1.req:_cached_api_request:462 - Data has been written to cache!
2026-04-02 13:45:03.025 | INFO     | fastf1.req:_cached_api_request:457 - No cached data found for driver_info. Loading data...
2026-04-02 13:45:03.025 | INFO     | fastf1._api:driver_info:1561 - Fetching driver list...
2026-04-02 13:45:03.293 | INFO     | fastf1.req:_cached_api_request:462 - Data has been written to cache!
2026-04-02 13:45:03.407 | INFO     | fastf1.req:_cached_api_request:457 - No cached data found for session_status_data. Loading data...
2026-04-02 13:45:03.408 | INFO     | fastf1._api:session_status_data:1359 - Fetching session status data...
2026-04-02 13:45:03.804 | INFO     | fastf1.req:_cached_api_request:462 - Data has been written to cache!
2026-04-02 13:45:03.811 | INFO     | fastf1.req:_cached_api_request:457 - No cached data found for track_status_data. Loading data...
2026-04-02 13:45:03.812 | INFO     | fastf1._api:track_status_data:1303 - Fetching track status data...
2026-04-02 13:45:04.007 | INFO     | fastf1.req:_cached_api_request:462 - Data has been written to cache!
2026-04-02 13:45:04.017 | INFO     | fastf1.req:_cached_api_request:457 - No cached data found for _extended_timing_data. Loading data...
2026-04-02 13:45:04.018 | INFO     | fastf1._api:_extended_timing_data:198 - Fetching timing data...
2026-04-02 13:45:04.614 | INFO     | fastf1._api:_extended_timing_data:205 - Parsing timing data...
2026-04-02 13:45:04.925 | INFO     | fastf1.req:_cached_api_request:462 - Data has been written to cache!
2026-04-02 13:45:04.933 | INFO     | fastf1.req:_cached_api_request:457 - No cached data found for timing_app_data. Loading data...
2026-04-02 13:45:04.935 | INFO     | fastf1._api:timing_app_data:876 - Fetching timing app data...
2026-04-02 13:45:05.209 | INFO     | fastf1.req:_cached_api_request:462 - Data has been written to cache!
2026-04-02 13:45:05.210 | INFO     | fastf1.core:_load_laps_data:1463 - Processing timing data...
2026-04-02 13:45:06.253 | INFO     | fastf1.req:_cached_api_request:457 - No cached data found for car_data. Loading data...
2026-04-02 13:45:06.253 | INFO     | fastf1._api:car_data:975 - Fetching car data...
2026-04-02 13:45:07.404 | INFO     | fastf1._api:car_data:983 - Parsing car data...
2026-04-02 13:45:13.097 | INFO     | fastf1.req:_cached_api_request:462 - Data has been written to cache!
2026-04-02 13:45:13.103 | INFO     | fastf1.req:_cached_api_request:457 - No cached data found for position_data. Loading data...
2026-04-02 13:45:13.105 | INFO     | fastf1._api:position_data:1140 - Fetching position data...
2026-04-02 13:45:14.036 | INFO     | fastf1._api:position_data:1148 - Parsing position data...
2026-04-02 13:45:20.377 | INFO     | fastf1.req:_cached_api_request:462 - Data has been written to cache!
2026-04-02 13:45:22.450 | INFO     | fastf1.req:_cached_api_request:457 - No cached data found for weather_data. Loading data...
2026-04-02 13:45:22.451 | INFO     | fastf1._api:weather_data:1654 - Fetching weather data...
2026-04-02 13:45:22.654 | INFO     | fastf1.req:_cached_api_request:462 - Data has been written to cache!
2026-04-02 13:45:22.665 | INFO     | fastf1.req:_cached_api_request:457 - No cached data found for race_control_messages. Loading data...
2026-04-02 13:45:22.666 | INFO     | fastf1._api:race_control_messages:1430 - Fetching race control messages...
2026-04-02 13:45:22.914 | INFO     | fastf1.req:_cached_api_request:462 - Data has been written to cache!
2026-04-02 13:45:22.928 | INFO     | fastf1.core:load:1445 - Finished loading data for 20 drivers: ['77', '44', '33', '11', '10', '55', '3', '16', '22', '4', '5', '7', '63', '99', '31', '14', '6', '47', '9', '18']
2026-04-02 13:45:22.967 | INFO     | fastf1.core:load:1408 - Loading data for São Paulo Grand Prix - Qualifying [v3.8.2]
2026-04-02 13:45:22.974 | INFO     | fastf1.req:_cached_api_request:457 - No cached data found for session_info. Loading data...
2026-04-02 13:45:22.975 | INFO     | fastf1._api:session_info:1728 - Fetching session info data...
2026-04-02 13:45:23.225 | INFO     | fastf1.req:_cached_api_request:462 - Data has been written to cache!
2026-04-02 13:45:23.233 | INFO     | fastf1.req:_cached_api_request:457 - No cached data found for driver_info. Loading data...
2026-04-02 13:45:23.234 | INFO     | fastf1._api:driver_info:1561 - Fetching driver list...
2026-04-02 13:45:23.485 | INFO     | fastf1.req:_cached_api_request:462 - Data has been written to cache!
2026-04-02 13:45:23.588 | INFO     | fastf1.req:_cached_api_request:457 - No cached data found for session_status_data. Loading data...
2026-04-02 13:45:23.589 | INFO     | fastf1._api:session_status_data:1359 - Fetching session status data...
2026-04-02 13:45:23.982 | INFO     | fastf1.req:_cached_api_request:462 - Data has been written to cache!
2026-04-02 13:45:23.989 | INFO     | fastf1.req:_cached_api_request:457 - No cached data found for track_status_data. Loading data...
2026-04-02 13:45:23.989 | INFO     | fastf1._api:track_status_data:1303 - Fetching track status data...
2026-04-02 13:45:24.226 | INFO     | fastf1.req:_cached_api_request:462 - Data has been written to cache!
2026-04-02 13:45:24.236 | INFO     | fastf1.req:_cached_api_request:457 - No cached data found for _extended_timing_data. Loading data...
2026-04-02 13:45:24.237 | INFO     | fastf1._api:_extended_timing_data:198 - Fetching timing data...
2026-04-02 13:45:24.756 | INFO     | fastf1._api:_extended_timing_data:205 - Parsing timing data...
2026-04-02 13:45:24.840 | WARNING  | fastf1._api:_laps_data_driver:406 - Driver  9: Ignoring late data for a previously processed lap.The data may contain errors (previous: 9; current 10)
2026-04-02 13:45:24.848 | WARNING  | fastf1._api:_laps_data_driver:406 - Driver 10: Ignoring late data for a previously processed lap.The data may contain errors (previous: 16; current 17)
2026-04-02 13:45:25.081 | INFO     | fastf1.req:_cached_api_request:462 - Data has been written to cache!
2026-04-02 13:45:25.089 | INFO     | fastf1.req:_cached_api_request:457 - No cached data found for timing_app_data. Loading data...
2026-04-02 13:45:25.090 | INFO     | fastf1._api:timing_app_data:876 - Fetching timing app data...
2026-04-02 13:45:25.336 | INFO     | fastf1.req:_cached_api_request:462 - Data has been written to cache!
2026-04-02 13:45:25.336 | INFO     | fastf1.core:_load_laps_data:1463 - Processing timing data...
2026-04-02 13:45:26.416 | INFO     | fastf1.req:_cached_api_request:457 - No cached data found for car_data. Loading data...
2026-04-02 13:45:26.417 | INFO     | fastf1._api:car_data:975 - Fetching car data...
2026-04-02 13:45:27.305 | INFO     | fastf1._api:car_data:983 - Parsing car data...
2026-04-02 13:45:31.799 | INFO     | fastf1.req:_cached_api_request:462 - Data has been written to cache!
2026-04-02 13:45:31.806 | INFO     | fastf1.req:_cached_api_request:457 - No cached data found for position_data. Loading data...
2026-04-02 13:45:31.806 | INFO     | fastf1._api:position_data:1140 - Fetching position data...
2026-04-02 13:45:32.702 | INFO     | fastf1._api:position_data:1148 - Parsing position data...
2026-04-02 13:45:37.738 | INFO     | fastf1.req:_cached_api_request:462 - Data has been written to cache!
2026-04-02 13:45:39.392 | INFO     | fastf1.req:_cached_api_request:457 - No cached data found for weather_data. Loading data...
2026-04-02 13:45:39.392 | INFO     | fastf1._api:weather_data:1654 - Fetching weather data...
2026-04-02 13:45:39.616 | INFO     | fastf1.req:_cached_api_request:462 - Data has been written to cache!
2026-04-02 13:45:39.624 | INFO     | fastf1.req:_cached_api_request:457 - No cached data found for race_control_messages. Loading data...
2026-04-02 13:45:39.625 | INFO     | fastf1._api:race_control_messages:1430 - Fetching race control messages...
2026-04-02 13:45:39.831 | INFO     | fastf1.req:_cached_api_request:462 - Data has been written to cache!
2026-04-02 13:45:39.849 | INFO     | fastf1.core:load:1445 - Finished loading data for 20 drivers: ['44', '33', '77', '11', '10', '55', '16', '4', '3', '14', '31', '5', '22', '7', '99', '18', '6', '63', '47', '9']
2026-04-02 13:45:39.890 | INFO     | fastf1.core:load:1408 - Loading data for Qatar Grand Prix - Qualifying [v3.8.2]
2026-04-02 13:45:39.897 | INFO     | fastf1.req:_cached_api_request:457 - No cached data found for session_info. Loading data...
2026-04-02 13:45:39.898 | INFO     | fastf1._api:session_info:1728 - Fetching session info data...
2026-04-02 13:45:40.084 | INFO     | fastf1.req:_cached_api_request:462 - Data has been written to cache!
2026-04-02 13:45:40.092 | INFO     | fastf1.req:_cached_api_request:457 - No cached data found for driver_info. Loading data...
2026-04-02 13:45:40.093 | INFO     | fastf1._api:driver_info:1561 - Fetching driver list...
2026-04-02 13:45:40.339 | INFO     | fastf1.req:_cached_api_request:462 - Data has been written to cache!
2026-04-02 13:45:40.495 | INFO     | fastf1.req:_cached_api_request:457 - No cached data found for session_status_data. Loading data...
2026-04-02 13:45:40.496 | INFO     | fastf1._api:session_status_data:1359 - Fetching session status data...
2026-04-02 13:45:40.860 | INFO     | fastf1.req:_cached_api_request:462 - Data has been written to cache!
2026-04-02 13:45:40.866 | INFO     | fastf1.req:_cached_api_request:457 - No cached data found for track_status_data. Loading data...
2026-04-02 13:45:40.867 | INFO     | fastf1._api:track_status_data:1303 - Fetching track status data...
2026-04-02 13:45:41.069 | INFO     | fastf1.req:_cached_api_request:462 - Data has been written to cache!
2026-04-02 13:45:41.078 | INFO     | fastf1.req:_cached_api_request:457 - No cached data found for _extended_timing_data. Loading data...
2026-04-02 13:45:41.079 | INFO     | fastf1._api:_extended_timing_data:198 - Fetching timing data...
2026-04-02 13:45:41.709 | INFO     | fastf1._api:_extended_timing_data:205 - Parsing timing data...
2026-04-02 13:45:42.007 | INFO     | fastf1.req:_cached_api_request:462 - Data has been written to cache!
2026-04-02 13:45:42.013 | INFO     | fastf1.req:_cached_api_request:457 - No cached data found for timing_app_data. Loading data...
2026-04-02 13:45:42.013 | INFO     | fastf1._api:timing_app_data:876 - Fetching timing app data...
2026-04-02 13:45:42.295 | INFO     | fastf1.req:_cached_api_request:462 - Data has been written to cache!
2026-04-02 13:45:42.296 | INFO     | fastf1.core:_load_laps_data:1463 - Processing timing data...
2026-04-02 13:45:43.196 | INFO     | fastf1.req:_cached_api_request:457 - No cached data found for car_data. Loading data...
2026-04-02 13:45:43.197 | INFO     | fastf1._api:car_data:975 - Fetching car data...
2026-04-02 13:45:43.947 | INFO     | fastf1._api:car_data:983 - Parsing car data...
2026-04-02 13:45:48.593 | INFO     | fastf1.req:_cached_api_request:462 - Data has been written to cache!
2026-04-02 13:45:48.602 | INFO     | fastf1.req:_cached_api_request:457 - No cached data found for position_data. Loading data...
2026-04-02 13:45:48.602 | INFO     | fastf1._api:position_data:1140 - Fetching position data...
2026-04-02 13:45:49.730 | INFO     | fastf1._api:position_data:1148 - Parsing position data...
2026-04-02 13:45:54.499 | INFO     | fastf1.req:_cached_api_request:462 - Data has been written to cache!
2026-04-02 13:45:56.212 | INFO     | fastf1.req:_cached_api_request:457 - No cached data found for weather_data. Loading data...
2026-04-02 13:45:56.213 | INFO     | fastf1._api:weather_data:1654 - Fetching weather data...
2026-04-02 13:45:56.462 | INFO     | fastf1.req:_cached_api_request:462 - Data has been written to cache!
2026-04-02 13:45:56.471 | INFO     | fastf1.req:_cached_api_request:457 - No cached data found for race_control_messages. Loading data...
2026-04-02 13:45:56.471 | INFO     | fastf1._api:race_control_messages:1430 - Fetching race control messages...
2026-04-02 13:45:56.716 | INFO     | fastf1.req:_cached_api_request:462 - Data has been written to cache!
2026-04-02 13:45:56.735 | INFO     | fastf1.core:load:1445 - Finished loading data for 20 drivers: ['44', '33', '77', '10', '14', '4', '55', '22', '31', '5', '11', '18', '16', '3', '63', '7', '6', '99', '47', '9']
2026-04-02 13:45:56.806 | INFO     | fastf1.core:load:1408 - Loading data for Saudi Arabian Grand Prix - Qualifying [v3.8.2]
2026-04-02 13:45:56.817 | INFO     | fastf1.req:_cached_api_request:457 - No cached data found for session_info. Loading data...
2026-04-02 13:45:56.818 | INFO     | fastf1._api:session_info:1728 - Fetching session info data...
2026-04-02 13:45:57.137 | INFO     | fastf1.req:_cached_api_request:462 - Data has been written to cache!
2026-04-02 13:45:57.142 | INFO     | fastf1.req:_cached_api_request:457 - No cached data found for driver_info. Loading data...
2026-04-02 13:45:57.144 | INFO     | fastf1._api:driver_info:1561 - Fetching driver list...
2026-04-02 13:45:57.376 | INFO     | fastf1.req:_cached_api_request:462 - Data has been written to cache!
2026-04-02 13:45:57.495 | INFO     | fastf1.req:_cached_api_request:457 - No cached data found for session_status_data. Loading data...
2026-04-02 13:45:57.495 | INFO     | fastf1._api:session_status_data:1359 - Fetching session status data...
2026-04-02 13:45:57.911 | INFO     | fastf1.req:_cached_api_request:462 - Data has been written to cache!
2026-04-02 13:45:57.921 | INFO     | fastf1.req:_cached_api_request:457 - No cached data found for track_status_data. Loading data...
2026-04-02 13:45:57.921 | INFO     | fastf1._api:track_status_data:1303 - Fetching track status data...
2026-04-02 13:45:58.106 | INFO     | fastf1.req:_cached_api_request:462 - Data has been written to cache!
2026-04-02 13:45:58.115 | INFO     | fastf1.req:_cached_api_request:457 - No cached data found for _extended_timing_data. Loading data...
2026-04-02 13:45:58.116 | INFO     | fastf1._api:_extended_timing_data:198 - Fetching timing data...
2026-04-02 13:45:58.741 | INFO     | fastf1._api:_extended_timing_data:205 - Parsing timing data...
2026-04-02 13:45:59.138 | INFO     | fastf1.req:_cached_api_request:462 - Data has been written to cache!
2026-04-02 13:45:59.146 | INFO     | fastf1.req:_cached_api_request:457 - No cached data found for timing_app_data. Loading data...
2026-04-02 13:45:59.147 | INFO     | fastf1._api:timing_app_data:876 - Fetching timing app data...
2026-04-02 13:45:59.453 | INFO     | fastf1.req:_cached_api_request:462 - Data has been written to cache!
2026-04-02 13:45:59.454 | INFO     | fastf1.core:_load_laps_data:1463 - Processing timing data...
2026-04-02 13:46:00.381 | INFO     | fastf1.req:_cached_api_request:457 - No cached data found for car_data. Loading data...
2026-04-02 13:46:00.382 | INFO     | fastf1._api:car_data:975 - Fetching car data...
2026-04-02 13:46:01.263 | INFO     | fastf1._api:car_data:983 - Parsing car data...
2026-04-02 13:46:05.770 | INFO     | fastf1.req:_cached_api_request:462 - Data has been written to cache!
2026-04-02 13:46:05.779 | INFO     | fastf1.req:_cached_api_request:457 - No cached data found for position_data. Loading data...
2026-04-02 13:46:05.780 | INFO     | fastf1._api:position_data:1140 - Fetching position data...
2026-04-02 13:46:06.759 | INFO     | fastf1._api:position_data:1148 - Parsing position data...
2026-04-02 13:46:11.593 | INFO     | fastf1.req:_cached_api_request:462 - Data has been written to cache!
2026-04-02 13:46:13.269 | INFO     | fastf1.req:_cached_api_request:457 - No cached data found for weather_data. Loading data...
2026-04-02 13:46:13.269 | INFO     | fastf1._api:weather_data:1654 - Fetching weather data...
2026-04-02 13:46:13.496 | INFO     | fastf1.req:_cached_api_request:462 - Data has been written to cache!
2026-04-02 13:46:13.507 | INFO     | fastf1.req:_cached_api_request:457 - No cached data found for race_control_messages. Loading data...
2026-04-02 13:46:13.507 | INFO     | fastf1._api:race_control_messages:1430 - Fetching race control messages...
2026-04-02 13:46:13.789 | INFO     | fastf1.req:_cached_api_request:462 - Data has been written to cache!
2026-04-02 13:46:13.806 | INFO     | fastf1.core:load:1445 - Finished loading data for 20 drivers: ['44', '77', '33', '16', '11', '10', '4', '22', '31', '99', '3', '7', '14', '63', '55', '6', '5', '18', '47', '9']
2026-04-02 13:46:13.852 | INFO     | fastf1.core:load:1408 - Loading data for Abu Dhabi Grand Prix - Qualifying [v3.8.2]
2026-04-02 13:46:13.857 | INFO     | fastf1.req:_cached_api_request:457 - No cached data found for session_info. Loading data...
2026-04-02 13:46:13.858 | INFO     | fastf1._api:session_info:1728 - Fetching session info data...
2026-04-02 13:46:14.078 | INFO     | fastf1.req:_cached_api_request:462 - Data has been written to cache!
2026-04-02 13:46:14.089 | INFO     | fastf1.req:_cached_api_request:457 - No cached data found for driver_info. Loading data...
2026-04-02 13:46:14.089 | INFO     | fastf1._api:driver_info:1561 - Fetching driver list...
2026-04-02 13:46:14.424 | INFO     | fastf1.req:_cached_api_request:462 - Data has been written to cache!
2026-04-02 13:46:14.552 | INFO     | fastf1.req:_cached_api_request:457 - No cached data found for session_status_data. Loading data...
2026-04-02 13:46:14.553 | INFO     | fastf1._api:session_status_data:1359 - Fetching session status data...
2026-04-02 13:46:14.960 | INFO     | fastf1.req:_cached_api_request:462 - Data has been written to cache!
2026-04-02 13:46:14.974 | INFO     | fastf1.req:_cached_api_request:457 - No cached data found for track_status_data. Loading data...
2026-04-02 13:46:14.975 | INFO     | fastf1._api:track_status_data:1303 - Fetching track status data...
2026-04-02 13:46:15.154 | INFO     | fastf1.req:_cached_api_request:462 - Data has been written to cache!
2026-04-02 13:46:15.161 | INFO     | fastf1.req:_cached_api_request:457 - No cached data found for _extended_timing_data. Loading data...
2026-04-02 13:46:15.161 | INFO     | fastf1._api:_extended_timing_data:198 - Fetching timing data...
2026-04-02 13:46:15.741 | INFO     | fastf1._api:_extended_timing_data:205 - Parsing timing data...
2026-04-02 13:46:16.090 | INFO     | fastf1.req:_cached_api_request:462 - Data has been written to cache!
2026-04-02 13:46:16.095 | INFO     | fastf1.req:_cached_api_request:457 - No cached data found for timing_app_data. Loading data...
2026-04-02 13:46:16.099 | INFO     | fastf1._api:timing_app_data:876 - Fetching timing app data...
2026-04-02 13:46:16.342 | INFO     | fastf1.req:_cached_api_request:462 - Data has been written to cache!
2026-04-02 13:46:16.343 | INFO     | fastf1.core:_load_laps_data:1463 - Processing timing data...
2026-04-02 13:46:17.571 | INFO     | fastf1.req:_cached_api_request:457 - No cached data found for car_data. Loading data...
2026-04-02 13:46:17.572 | INFO     | fastf1._api:car_data:975 - Fetching car data...
2026-04-02 13:46:18.367 | INFO     | fastf1._api:car_data:983 - Parsing car data...
2026-04-02 13:46:22.821 | INFO     | fastf1.req:_cached_api_request:462 - Data has been written to cache!
2026-04-02 13:46:22.829 | INFO     | fastf1.req:_cached_api_request:457 - No cached data found for position_data. Loading data...
2026-04-02 13:46:22.830 | INFO     | fastf1._api:position_data:1140 - Fetching position data...
2026-04-02 13:46:23.674 | INFO     | fastf1._api:position_data:1148 - Parsing position data...
2026-04-02 13:46:28.861 | INFO     | fastf1.req:_cached_api_request:462 - Data has been written to cache!
2026-04-02 13:46:30.517 | INFO     | fastf1.req:_cached_api_request:457 - No cached data found for weather_data. Loading data...
2026-04-02 13:46:30.518 | INFO     | fastf1._api:weather_data:1654 - Fetching weather data...
2026-04-02 13:46:30.713 | INFO     | fastf1.req:_cached_api_request:462 - Data has been written to cache!
2026-04-02 13:46:30.721 | INFO     | fastf1.req:_cached_api_request:457 - No cached data found for race_control_messages. Loading data...
2026-04-02 13:46:30.723 | INFO     | fastf1._api:race_control_messages:1430 - Fetching race control messages...
2026-04-02 13:46:30.951 | INFO     | fastf1.req:_cached_api_request:462 - Data has been written to cache!
2026-04-02 13:46:30.976 | INFO     | fastf1.core:load:1445 - Finished loading data for 20 drivers: ['33', '44', '4', '11', '55', '77', '16', '22', '31', '3', '14', '10', '18', '99', '5', '6', '63', '7', '47', '9']
2026-04-02 13:46:31.224 | INFO     | fastf1.core:load:1408 - Loading data for Bahrain Grand Prix - Qualifying [v3.8.2]
2026-04-02 13:46:31.236 | INFO     | fastf1.req:_cached_api_request:457 - No cached data found for session_info. Loading data...
2026-04-02 13:46:31.238 | INFO     | fastf1._api:session_info:1728 - Fetching session info data...
2026-04-02 13:46:31.464 | INFO     | fastf1.req:_cached_api_request:462 - Data has been written to cache!
2026-04-02 13:46:31.474 | INFO     | fastf1.req:_cached_api_request:457 - No cached data found for driver_info. Loading data...
2026-04-02 13:46:31.475 | INFO     | fastf1._api:driver_info:1561 - Fetching driver list...
2026-04-02 13:46:31.731 | INFO     | fastf1.req:_cached_api_request:462 - Data has been written to cache!
2026-04-02 13:46:31.869 | INFO     | fastf1.req:_cached_api_request:457 - No cached data found for session_status_data. Loading data...
2026-04-02 13:46:31.869 | INFO     | fastf1._api:session_status_data:1359 - Fetching session status data...
2026-04-02 13:46:32.257 | INFO     | fastf1.req:_cached_api_request:462 - Data has been written to cache!
2026-04-02 13:46:32.265 | INFO     | fastf1.req:_cached_api_request:457 - No cached data found for track_status_data. Loading data...
2026-04-02 13:46:32.266 | INFO     | fastf1._api:track_status_data:1303 - Fetching track status data...
2026-04-02 13:46:32.767 | INFO     | fastf1.req:_cached_api_request:462 - Data has been written to cache!
2026-04-02 13:46:32.775 | INFO     | fastf1.req:_cached_api_request:457 - No cached data found for _extended_timing_data. Loading data...
2026-04-02 13:46:32.776 | INFO     | fastf1._api:_extended_timing_data:198 - Fetching timing data...
2026-04-02 13:46:33.548 | INFO     | fastf1._api:_extended_timing_data:205 - Parsing timing data...
2026-04-02 13:46:33.868 | INFO     | fastf1.req:_cached_api_request:462 - Data has been written to cache!
2026-04-02 13:46:33.879 | INFO     | fastf1.req:_cached_api_request:457 - No cached data found for timing_app_data. Loading data...
2026-04-02 13:46:33.879 | INFO     | fastf1._api:timing_app_data:876 - Fetching timing app data...
2026-04-02 13:46:34.372 | INFO     | fastf1.req:_cached_api_request:462 - Data has been written to cache!
2026-04-02 13:46:34.373 | INFO     | fastf1.core:_load_laps_data:1463 - Processing timing data...
2026-04-02 13:46:35.344 | INFO     | fastf1.req:_cached_api_request:457 - No cached data found for car_data. Loading data...
2026-04-02 13:46:35.344 | INFO     | fastf1._api:car_data:975 - Fetching car data...
2026-04-02 13:46:36.053 | INFO     | fastf1._api:car_data:983 - Parsing car data...
2026-04-02 13:46:40.252 | INFO     | fastf1.req:_cached_api_request:462 - Data has been written to cache!
2026-04-02 13:46:40.258 | INFO     | fastf1.req:_cached_api_request:457 - No cached data found for position_data. Loading data...
2026-04-02 13:46:40.259 | INFO     | fastf1._api:position_data:1140 - Fetching position data...
2026-04-02 13:46:41.019 | INFO     | fastf1._api:position_data:1148 - Parsing position data...
2026-04-02 13:46:45.107 | INFO     | fastf1.req:_cached_api_request:462 - Data has been written to cache!
2026-04-02 13:46:46.642 | INFO     | fastf1.req:_cached_api_request:457 - No cached data found for weather_data. Loading data...
2026-04-02 13:46:46.643 | INFO     | fastf1._api:weather_data:1654 - Fetching weather data...
2026-04-02 13:46:47.174 | INFO     | fastf1.req:_cached_api_request:462 - Data has been written to cache!
2026-04-02 13:46:47.185 | INFO     | fastf1.req:_cached_api_request:457 - No cached data found for race_control_messages. Loading data...
2026-04-02 13:46:47.186 | INFO     | fastf1._api:race_control_messages:1430 - Fetching race control messages...
2026-04-02 13:46:47.465 | INFO     | fastf1.req:_cached_api_request:462 - Data has been written to cache!
2026-04-02 13:46:47.477 | INFO     | fastf1.core:load:1445 - Finished loading data for 20 drivers: ['16', '1', '55', '11', '44', '77', '20', '14', '63', '10', '31', '47', '4', '23', '24', '22', '27', '3', '18', '6']
2026-04-02 13:46:47.522 | INFO     | fastf1.core:load:1408 - Loading data for Saudi Arabian Grand Prix - Qualifying [v3.8.2]
2026-04-02 13:46:47.536 | INFO     | fastf1.req:_cached_api_request:457 - No cached data found for session_info. Loading data...
2026-04-02 13:46:47.538 | INFO     | fastf1._api:session_info:1728 - Fetching session info data...
2026-04-02 13:46:48.006 | INFO     | fastf1.req:_cached_api_request:462 - Data has been written to cache!
2026-04-02 13:46:48.013 | INFO     | fastf1.req:_cached_api_request:457 - No cached data found for driver_info. Loading data...
2026-04-02 13:46:48.013 | INFO     | fastf1._api:driver_info:1561 - Fetching driver list...
2026-04-02 13:46:48.635 | INFO     | fastf1.req:_cached_api_request:462 - Data has been written to cache!
2026-04-02 13:46:48.979 | INFO     | fastf1.req:_cached_api_request:457 - No cached data found for session_status_data. Loading data...
2026-04-02 13:46:48.980 | INFO     | fastf1._api:session_status_data:1359 - Fetching session status data...
2026-04-02 13:46:49.525 | INFO     | fastf1.req:_cached_api_request:462 - Data has been written to cache!
2026-04-02 13:46:49.536 | INFO     | fastf1.req:_cached_api_request:457 - No cached data found for track_status_data. Loading data...
2026-04-02 13:46:49.537 | INFO     | fastf1._api:track_status_data:1303 - Fetching track status data...
2026-04-02 13:46:50.062 | INFO     | fastf1.req:_cached_api_request:462 - Data has been written to cache!
2026-04-02 13:46:50.073 | INFO     | fastf1.req:_cached_api_request:457 - No cached data found for _extended_timing_data. Loading data...
2026-04-02 13:46:50.074 | INFO     | fastf1._api:_extended_timing_data:198 - Fetching timing data...
2026-04-02 13:46:50.839 | INFO     | fastf1._api:_extended_timing_data:205 - Parsing timing data...
2026-04-02 13:46:50.888 | WARNING  | fastf1._api:_laps_data_driver:774 - Driver  1: Encountered 1 timing integrity error(s) near lap(s): [12].
This might be a bug and should be reported.
2026-04-02 13:46:51.137 | INFO     | fastf1.req:_cached_api_request:462 - Data has been written to cache!
2026-04-02 13:46:51.142 | INFO     | fastf1.req:_cached_api_request:457 - No cached data found for timing_app_data. Loading data...
2026-04-02 13:46:51.143 | INFO     | fastf1._api:timing_app_data:876 - Fetching timing app data...
2026-04-02 13:46:51.638 | INFO     | fastf1.req:_cached_api_request:462 - Data has been written to cache!
2026-04-02 13:46:51.639 | INFO     | fastf1.core:_load_laps_data:1463 - Processing timing data...
2026-04-02 13:46:52.510 | INFO     | fastf1.req:_cached_api_request:457 - No cached data found for car_data. Loading data...
2026-04-02 13:46:52.510 | INFO     | fastf1._api:car_data:975 - Fetching car data...
2026-04-02 13:46:53.677 | INFO     | fastf1._api:car_data:983 - Parsing car data...
2026-04-02 13:47:01.078 | INFO     | fastf1.req:_cached_api_request:462 - Data has been written to cache!
2026-04-02 13:47:01.084 | INFO     | fastf1.req:_cached_api_request:457 - No cached data found for position_data. Loading data...
2026-04-02 13:47:01.086 | INFO     | fastf1._api:position_data:1140 - Fetching position data...
2026-04-02 13:47:02.396 | INFO     | fastf1._api:position_data:1148 - Parsing position data...
2026-04-02 13:47:10.120 | INFO     | fastf1.req:_cached_api_request:462 - Data has been written to cache!
2026-04-02 13:47:12.581 | INFO     | fastf1.req:_cached_api_request:457 - No cached data found for weather_data. Loading data...
2026-04-02 13:47:12.582 | INFO     | fastf1._api:weather_data:1654 - Fetching weather data...
2026-04-02 13:47:13.037 | INFO     | fastf1.req:_cached_api_request:462 - Data has been written to cache!
2026-04-02 13:47:13.046 | INFO     | fastf1.req:_cached_api_request:457 - No cached data found for race_control_messages. Loading data...
2026-04-02 13:47:13.047 | INFO     | fastf1._api:race_control_messages:1430 - Fetching race control messages...
2026-04-02 13:47:13.548 | INFO     | fastf1.req:_cached_api_request:462 - Data has been written to cache!
2026-04-02 13:47:13.553 | INFO     | fastf1.core:load:1445 - Finished loading data for 20 drivers: ['11', '16', '55', '1', '31', '63', '14', '77', '10', '20', '4', '3', '24', '47', '18', '44', '23', '27', '6', '22']
2026-04-02 13:47:13.585 | INFO     | fastf1.core:load:1408 - Loading data for Australian Grand Prix - Qualifying [v3.8.2]
2026-04-02 13:47:13.601 | INFO     | fastf1.req:_cached_api_request:457 - No cached data found for session_info. Loading data...
2026-04-02 13:47:13.601 | INFO     | fastf1._api:session_info:1728 - Fetching session info data...
2026-04-02 13:47:14.076 | INFO     | fastf1.req:_cached_api_request:462 - Data has been written to cache!
2026-04-02 13:47:14.082 | INFO     | fastf1.req:_cached_api_request:457 - No cached data found for driver_info. Loading data...
2026-04-02 13:47:14.083 | INFO     | fastf1._api:driver_info:1561 - Fetching driver list...
2026-04-02 13:47:14.562 | INFO     | fastf1.req:_cached_api_request:462 - Data has been written to cache!
2026-04-02 13:47:14.929 | INFO     | fastf1.req:_cached_api_request:457 - No cached data found for session_status_data. Loading data...
2026-04-02 13:47:14.930 | INFO     | fastf1._api:session_status_data:1359 - Fetching session status data...
2026-04-02 13:47:15.469 | INFO     | fastf1.req:_cached_api_request:462 - Data has been written to cache!
2026-04-02 13:47:15.484 | INFO     | fastf1.req:_cached_api_request:457 - No cached data found for track_status_data. Loading data...
2026-04-02 13:47:15.486 | INFO     | fastf1._api:track_status_data:1303 - Fetching track status data...
2026-04-02 13:47:16.034 | INFO     | fastf1.req:_cached_api_request:462 - Data has been written to cache!
2026-04-02 13:47:16.044 | INFO     | fastf1.req:_cached_api_request:457 - No cached data found for _extended_timing_data. Loading data...
2026-04-02 13:47:16.045 | INFO     | fastf1._api:_extended_timing_data:198 - Fetching timing data...
2026-04-02 13:47:17.032 | INFO     | fastf1._api:_extended_timing_data:205 - Parsing timing data...
2026-04-02 13:47:17.320 | INFO     | fastf1.req:_cached_api_request:462 - Data has been written to cache!
2026-04-02 13:47:17.325 | INFO     | fastf1.req:_cached_api_request:457 - No cached data found for timing_app_data. Loading data...
2026-04-02 13:47:17.326 | INFO     | fastf1._api:timing_app_data:876 - Fetching timing app data...
2026-04-02 13:47:17.887 | INFO     | fastf1.req:_cached_api_request:462 - Data has been written to cache!
2026-04-02 13:47:17.888 | INFO     | fastf1.core:_load_laps_data:1463 - Processing timing data...
2026-04-02 13:47:18.842 | INFO     | fastf1.req:_cached_api_request:457 - No cached data found for car_data. Loading data...
2026-04-02 13:47:18.843 | INFO     | fastf1._api:car_data:975 - Fetching car data...
2026-04-02 13:47:19.882 | INFO     | fastf1._api:car_data:983 - Parsing car data...
2026-04-02 13:47:25.417 | INFO     | fastf1.req:_cached_api_request:462 - Data has been written to cache!
2026-04-02 13:47:25.424 | INFO     | fastf1.req:_cached_api_request:457 - No cached data found for position_data. Loading data...
2026-04-02 13:47:25.425 | INFO     | fastf1._api:position_data:1140 - Fetching position data...
2026-04-02 13:47:26.635 | INFO     | fastf1._api:position_data:1148 - Parsing position data...
2026-04-02 13:47:32.593 | INFO     | fastf1.req:_cached_api_request:462 - Data has been written to cache!
2026-04-02 13:47:34.508 | INFO     | fastf1.req:_cached_api_request:457 - No cached data found for weather_data. Loading data...
2026-04-02 13:47:34.509 | INFO     | fastf1._api:weather_data:1654 - Fetching weather data...
2026-04-02 13:47:34.973 | INFO     | fastf1.req:_cached_api_request:462 - Data has been written to cache!
2026-04-02 13:47:34.983 | INFO     | fastf1.req:_cached_api_request:457 - No cached data found for race_control_messages. Loading data...
2026-04-02 13:47:34.984 | INFO     | fastf1._api:race_control_messages:1430 - Fetching race control messages...
2026-04-02 13:47:35.493 | INFO     | fastf1.req:_cached_api_request:462 - Data has been written to cache!
2026-04-02 13:47:35.515 | INFO     | fastf1.core:load:1445 - Finished loading data for 20 drivers: ['16', '1', '11', '4', '44', '63', '3', '31', '55', '14', '10', '77', '22', '24', '47', '23', '20', '5', '6', '18']
2026-04-02 13:47:35.551 | INFO     | fastf1.core:load:1408 - Loading data for Emilia Romagna Grand Prix - Qualifying [v3.8.2]
2026-04-02 13:47:35.568 | INFO     | fastf1.req:_cached_api_request:457 - No cached data found for session_info. Loading data...
2026-04-02 13:47:35.569 | INFO     | fastf1._api:session_info:1728 - Fetching session info data...
2026-04-02 13:47:36.050 | INFO     | fastf1.req:_cached_api_request:462 - Data has been written to cache!
2026-04-02 13:47:36.056 | INFO     | fastf1.req:_cached_api_request:457 - No cached data found for driver_info. Loading data...
2026-04-02 13:47:36.056 | INFO     | fastf1._api:driver_info:1561 - Fetching driver list...
2026-04-02 13:47:36.571 | INFO     | fastf1.req:_cached_api_request:462 - Data has been written to cache!
2026-04-02 13:47:36.669 | INFO     | fastf1.req:_cached_api_request:457 - No cached data found for session_status_data. Loading data...
2026-04-02 13:47:36.669 | INFO     | fastf1._api:session_status_data:1359 - Fetching session status data...
2026-04-02 13:47:37.311 | INFO     | fastf1.req:_cached_api_request:462 - Data has been written to cache!
2026-04-02 13:47:37.319 | INFO     | fastf1.req:_cached_api_request:457 - No cached data found for track_status_data. Loading data...
2026-04-02 13:47:37.320 | INFO     | fastf1._api:track_status_data:1303 - Fetching track status data...
2026-04-02 13:47:37.897 | INFO     | fastf1.req:_cached_api_request:462 - Data has been written to cache!
2026-04-02 13:47:37.906 | INFO     | fastf1.req:_cached_api_request:457 - No cached data found for _extended_timing_data. Loading data...
2026-04-02 13:47:37.908 | INFO     | fastf1._api:_extended_timing_data:198 - Fetching timing data...
2026-04-02 13:47:38.730 | INFO     | fastf1._api:_extended_timing_data:205 - Parsing timing data...
2026-04-02 13:47:39.051 | INFO     | fastf1.req:_cached_api_request:462 - Data has been written to cache!
2026-04-02 13:47:39.059 | INFO     | fastf1.req:_cached_api_request:457 - No cached data found for timing_app_data. Loading data...
2026-04-02 13:47:39.060 | INFO     | fastf1._api:timing_app_data:876 - Fetching timing app data...
2026-04-02 13:47:39.668 | INFO     | fastf1.req:_cached_api_request:462 - Data has been written to cache!
2026-04-02 13:47:39.670 | INFO     | fastf1.core:_load_laps_data:1463 - Processing timing data...
2026-04-02 13:47:40.597 | INFO     | fastf1.req:_cached_api_request:457 - No cached data found for car_data. Loading data...
2026-04-02 13:47:40.597 | INFO     | fastf1._api:car_data:975 - Fetching car data...
2026-04-02 13:47:41.664 | INFO     | fastf1._api:car_data:983 - Parsing car data...
2026-04-02 13:47:47.654 | INFO     | fastf1.req:_cached_api_request:462 - Data has been written to cache!
2026-04-02 13:47:47.660 | INFO     | fastf1.req:_cached_api_request:457 - No cached data found for position_data. Loading data...
2026-04-02 13:47:47.663 | INFO     | fastf1._api:position_data:1140 - Fetching position data...
2026-04-02 13:47:48.923 | INFO     | fastf1._api:position_data:1148 - Parsing position data...
2026-04-02 13:47:54.969 | INFO     | fastf1.req:_cached_api_request:462 - Data has been written to cache!
2026-04-02 13:47:57.196 | INFO     | fastf1.req:_cached_api_request:457 - No cached data found for weather_data. Loading data...
2026-04-02 13:47:57.197 | INFO     | fastf1._api:weather_data:1654 - Fetching weather data...
2026-04-02 13:47:57.700 | INFO     | fastf1.req:_cached_api_request:462 - Data has been written to cache!
2026-04-02 13:47:57.708 | INFO     | fastf1.req:_cached_api_request:457 - No cached data found for race_control_messages. Loading data...
2026-04-02 13:47:57.708 | INFO     | fastf1._api:race_control_messages:1430 - Fetching race control messages...
2026-04-02 13:47:58.203 | INFO     | fastf1.req:_cached_api_request:462 - Data has been written to cache!
2026-04-02 13:47:58.224 | INFO     | fastf1.core:load:1445 - Finished loading data for 20 drivers: ['1', '16', '4', '20', '14', '3', '11', '77', '5', '55', '63', '47', '44', '24', '18', '22', '10', '6', '31', '23']
2026-04-02 13:47:58.261 | INFO     | fastf1.core:load:1408 - Loading data for Miami Grand Prix - Qualifying [v3.8.2]
2026-04-02 13:47:58.272 | INFO     | fastf1.req:_cached_api_request:457 - No cached data found for session_info. Loading data...
2026-04-02 13:47:58.272 | INFO     | fastf1._api:session_info:1728 - Fetching session info data...
2026-04-02 13:47:58.739 | INFO     | fastf1.req:_cached_api_request:462 - Data has been written to cache!
2026-04-02 13:47:58.749 | INFO     | fastf1.req:_cached_api_request:457 - No cached data found for driver_info. Loading data...
2026-04-02 13:47:58.750 | INFO     | fastf1._api:driver_info:1561 - Fetching driver list...
2026-04-02 13:47:59.259 | INFO     | fastf1.req:_cached_api_request:462 - Data has been written to cache!
2026-04-02 13:47:59.593 | INFO     | fastf1.req:_cached_api_request:457 - No cached data found for session_status_data. Loading data...
2026-04-02 13:47:59.594 | INFO     | fastf1._api:session_status_data:1359 - Fetching session status data...
2026-04-02 13:48:00.058 | INFO     | fastf1.req:_cached_api_request:462 - Data has been written to cache!
2026-04-02 13:48:00.068 | INFO     | fastf1.req:_cached_api_request:457 - No cached data found for track_status_data. Loading data...
2026-04-02 13:48:00.068 | INFO     | fastf1._api:track_status_data:1303 - Fetching track status data...
2026-04-02 13:48:00.600 | INFO     | fastf1.req:_cached_api_request:462 - Data has been written to cache!
2026-04-02 13:48:00.607 | INFO     | fastf1.req:_cached_api_request:457 - No cached data found for _extended_timing_data. Loading data...
2026-04-02 13:48:00.607 | INFO     | fastf1._api:_extended_timing_data:198 - Fetching timing data...
2026-04-02 13:48:01.353 | INFO     | fastf1._api:_extended_timing_data:205 - Parsing timing data...
2026-04-02 13:48:01.732 | INFO     | fastf1.req:_cached_api_request:462 - Data has been written to cache!
2026-04-02 13:48:01.738 | INFO     | fastf1.req:_cached_api_request:457 - No cached data found for timing_app_data. Loading data...
2026-04-02 13:48:01.739 | INFO     | fastf1._api:timing_app_data:876 - Fetching timing app data...
2026-04-02 13:48:02.226 | INFO     | fastf1.req:_cached_api_request:462 - Data has been written to cache!
2026-04-02 13:48:02.227 | INFO     | fastf1.core:_load_laps_data:1463 - Processing timing data...
2026-04-02 13:48:02.788 | WARNING  | fastf1.core:_load_laps_data:1514 - No lap data for driver 31
2026-04-02 13:48:03.099 | WARNING  | fastf1.core:_check_lap_accuracy:2306 - Failed to perform lap accuracy check - all laps marked as inaccurate (driver 31)
2026-04-02 13:48:03.159 | INFO     | fastf1.req:_cached_api_request:457 - No cached data found for car_data. Loading data...
2026-04-02 13:48:03.160 | INFO     | fastf1._api:car_data:975 - Fetching car data...
2026-04-02 13:48:04.117 | INFO     | fastf1._api:car_data:983 - Parsing car data...
2026-04-02 13:48:08.396 | INFO     | fastf1.req:_cached_api_request:462 - Data has been written to cache!
2026-04-02 13:48:08.403 | INFO     | fastf1.req:_cached_api_request:457 - No cached data found for position_data. Loading data...
2026-04-02 13:48:08.403 | INFO     | fastf1._api:position_data:1140 - Fetching position data...
2026-04-02 13:48:09.437 | INFO     | fastf1._api:position_data:1148 - Parsing position data...
2026-04-02 13:48:13.359 | INFO     | fastf1.req:_cached_api_request:462 - Data has been written to cache!
2026-04-02 13:48:14.766 | INFO     | fastf1.req:_cached_api_request:457 - No cached data found for weather_data. Loading data...
2026-04-02 13:48:14.768 | INFO     | fastf1._api:weather_data:1654 - Fetching weather data...
2026-04-02 13:48:16.311 | INFO     | fastf1.req:_cached_api_request:462 - Data has been written to cache!
2026-04-02 13:48:16.326 | INFO     | fastf1.req:_cached_api_request:457 - No cached data found for race_control_messages. Loading data...
2026-04-02 13:48:16.327 | INFO     | fastf1._api:race_control_messages:1430 - Fetching race control messages...
2026-04-02 13:48:16.931 | INFO     | fastf1.req:_cached_api_request:462 - Data has been written to cache!
2026-04-02 13:48:16.977 | INFO     | fastf1.core:load:1445 - Finished loading data for 20 drivers: ['16', '55', '1', '11', '77', '44', '10', '4', '22', '18', '14', '63', '5', '3', '47', '20', '24', '23', '6', '31']
2026-04-02 13:48:17.080 | INFO     | fastf1.core:load:1408 - Loading data for Spanish Grand Prix - Qualifying [v3.8.2]
2026-04-02 13:48:17.091 | INFO     | fastf1.req:_cached_api_request:457 - No cached data found for session_info. Loading data...
2026-04-02 13:48:17.092 | INFO     | fastf1._api:session_info:1728 - Fetching session info data...
2026-04-02 13:48:17.538 | INFO     | fastf1.req:_cached_api_request:462 - Data has been written to cache!
2026-04-02 13:48:17.551 | INFO     | fastf1.req:_cached_api_request:457 - No cached data found for driver_info. Loading data...
2026-04-02 13:48:17.552 | INFO     | fastf1._api:driver_info:1561 - Fetching driver list...
2026-04-02 13:48:18.051 | INFO     | fastf1.req:_cached_api_request:462 - Data has been written to cache!
2026-04-02 13:48:18.186 | INFO     | fastf1.req:_cached_api_request:457 - No cached data found for session_status_data. Loading data...
2026-04-02 13:48:18.187 | INFO     | fastf1._api:session_status_data:1359 - Fetching session status data...
2026-04-02 13:48:18.835 | INFO     | fastf1.req:_cached_api_request:462 - Data has been written to cache!
2026-04-02 13:48:18.842 | INFO     | fastf1.req:_cached_api_request:457 - No cached data found for track_status_data. Loading data...
2026-04-02 13:48:18.843 | INFO     | fastf1._api:track_status_data:1303 - Fetching track status data...
2026-04-02 13:48:19.503 | INFO     | fastf1.req:_cached_api_request:462 - Data has been written to cache!
2026-04-02 13:48:19.511 | INFO     | fastf1.req:_cached_api_request:457 - No cached data found for _extended_timing_data. Loading data...
2026-04-02 13:48:19.512 | INFO     | fastf1._api:_extended_timing_data:198 - Fetching timing data...
2026-04-02 13:48:20.260 | INFO     | fastf1._api:_extended_timing_data:205 - Parsing timing data...
2026-04-02 13:48:20.557 | INFO     | fastf1.req:_cached_api_request:462 - Data has been written to cache!
2026-04-02 13:48:20.562 | INFO     | fastf1.req:_cached_api_request:457 - No cached data found for timing_app_data. Loading data...
2026-04-02 13:48:20.563 | INFO     | fastf1._api:timing_app_data:876 - Fetching timing app data...
2026-04-02 13:48:21.110 | INFO     | fastf1.req:_cached_api_request:462 - Data has been written to cache!
2026-04-02 13:48:21.110 | INFO     | fastf1.core:_load_laps_data:1463 - Processing timing data...
2026-04-02 13:48:21.934 | INFO     | fastf1.req:_cached_api_request:457 - No cached data found for car_data. Loading data...
2026-04-02 13:48:21.935 | INFO     | fastf1._api:car_data:975 - Fetching car data...
2026-04-02 13:48:22.829 | INFO     | fastf1._api:car_data:983 - Parsing car data...
2026-04-02 13:48:26.795 | INFO     | fastf1.req:_cached_api_request:462 - Data has been written to cache!
2026-04-02 13:48:26.801 | INFO     | fastf1.req:_cached_api_request:457 - No cached data found for position_data. Loading data...
2026-04-02 13:48:26.802 | INFO     | fastf1._api:position_data:1140 - Fetching position data...
2026-04-02 13:48:27.796 | INFO     | fastf1._api:position_data:1148 - Parsing position data...
2026-04-02 13:48:32.011 | INFO     | fastf1.req:_cached_api_request:462 - Data has been written to cache!
2026-04-02 13:48:33.453 | INFO     | fastf1.req:_cached_api_request:457 - No cached data found for weather_data. Loading data...
2026-04-02 13:48:33.453 | INFO     | fastf1._api:weather_data:1654 - Fetching weather data...
2026-04-02 13:48:33.913 | INFO     | fastf1.req:_cached_api_request:462 - Data has been written to cache!
2026-04-02 13:48:33.920 | INFO     | fastf1.req:_cached_api_request:457 - No cached data found for race_control_messages. Loading data...
2026-04-02 13:48:33.921 | INFO     | fastf1._api:race_control_messages:1430 - Fetching race control messages...
2026-04-02 13:48:34.409 | INFO     | fastf1.req:_cached_api_request:462 - Data has been written to cache!
2026-04-02 13:48:34.422 | INFO     | fastf1.core:load:1445 - Finished loading data for 20 drivers: ['16', '1', '55', '63', '11', '44', '77', '20', '3', '47', '4', '31', '22', '10', '24', '5', '14', '18', '23', '6']
2026-04-02 13:48:34.466 | INFO     | fastf1.core:load:1408 - Loading data for Monaco Grand Prix - Qualifying [v3.8.2]
2026-04-02 13:48:34.482 | INFO     | fastf1.req:_cached_api_request:457 - No cached data found for session_info. Loading data...
2026-04-02 13:48:34.482 | INFO     | fastf1._api:session_info:1728 - Fetching session info data...
2026-04-02 13:48:34.986 | INFO     | fastf1.req:_cached_api_request:462 - Data has been written to cache!
2026-04-02 13:48:34.995 | INFO     | fastf1.req:_cached_api_request:457 - No cached data found for driver_info. Loading data...
2026-04-02 13:48:34.996 | INFO     | fastf1._api:driver_info:1561 - Fetching driver list...
2026-04-02 13:48:35.463 | INFO     | fastf1.req:_cached_api_request:462 - Data has been written to cache!
2026-04-02 13:48:36.004 | INFO     | fastf1.req:_cached_api_request:457 - No cached data found for session_status_data. Loading data...
2026-04-02 13:48:36.006 | INFO     | fastf1._api:session_status_data:1359 - Fetching session status data...
2026-04-02 13:48:36.470 | INFO     | fastf1.req:_cached_api_request:462 - Data has been written to cache!
2026-04-02 13:48:36.479 | INFO     | fastf1.req:_cached_api_request:457 - No cached data found for track_status_data. Loading data...
2026-04-02 13:48:36.480 | INFO     | fastf1._api:track_status_data:1303 - Fetching track status data...
2026-04-02 13:48:36.979 | INFO     | fastf1.req:_cached_api_request:462 - Data has been written to cache!
2026-04-02 13:48:36.989 | INFO     | fastf1.req:_cached_api_request:457 - No cached data found for _extended_timing_data. Loading data...
2026-04-02 13:48:36.994 | INFO     | fastf1._api:_extended_timing_data:198 - Fetching timing data...
2026-04-02 13:48:37.817 | INFO     | fastf1._api:_extended_timing_data:205 - Parsing timing data...
2026-04-02 13:48:38.212 | INFO     | fastf1.req:_cached_api_request:462 - Data has been written to cache!
2026-04-02 13:48:38.219 | INFO     | fastf1.req:_cached_api_request:457 - No cached data found for timing_app_data. Loading data...
2026-04-02 13:48:38.219 | INFO     | fastf1._api:timing_app_data:876 - Fetching timing app data...
2026-04-02 13:48:38.709 | INFO     | fastf1.req:_cached_api_request:462 - Data has been written to cache!
2026-04-02 13:48:38.710 | INFO     | fastf1.core:_load_laps_data:1463 - Processing timing data...
2026-04-02 13:48:39.933 | INFO     | fastf1.req:_cached_api_request:457 - No cached data found for car_data. Loading data...
2026-04-02 13:48:39.934 | INFO     | fastf1._api:car_data:975 - Fetching car data...
2026-04-02 13:48:40.899 | INFO     | fastf1._api:car_data:983 - Parsing car data...
2026-04-02 13:48:45.135 | INFO     | fastf1.req:_cached_api_request:462 - Data has been written to cache!
2026-04-02 13:48:45.141 | INFO     | fastf1.req:_cached_api_request:457 - No cached data found for position_data. Loading data...
2026-04-02 13:48:45.142 | INFO     | fastf1._api:position_data:1140 - Fetching position data...
2026-04-02 13:48:46.300 | INFO     | fastf1._api:position_data:1148 - Parsing position data...
2026-04-02 13:48:50.835 | INFO     | fastf1.req:_cached_api_request:462 - Data has been written to cache!
2026-04-02 13:48:52.523 | INFO     | fastf1.req:_cached_api_request:457 - No cached data found for weather_data. Loading data...
2026-04-02 13:48:52.524 | INFO     | fastf1._api:weather_data:1654 - Fetching weather data...
2026-04-02 13:48:53.006 | INFO     | fastf1.req:_cached_api_request:462 - Data has been written to cache!
2026-04-02 13:48:53.016 | INFO     | fastf1.req:_cached_api_request:457 - No cached data found for race_control_messages. Loading data...
2026-04-02 13:48:53.016 | INFO     | fastf1._api:race_control_messages:1430 - Fetching race control messages...
2026-04-02 13:48:53.504 | INFO     | fastf1.req:_cached_api_request:462 - Data has been written to cache!
2026-04-02 13:48:53.539 | INFO     | fastf1.core:load:1445 - Finished loading data for 20 drivers: ['16', '55', '11', '1', '4', '63', '14', '44', '5', '31', '22', '77', '20', '3', '47', '23', '10', '18', '6', '24']
2026-04-02 13:48:53.580 | INFO     | fastf1.core:load:1408 - Loading data for Azerbaijan Grand Prix - Qualifying [v3.8.2]
2026-04-02 13:48:53.597 | INFO     | fastf1.req:_cached_api_request:457 - No cached data found for session_info. Loading data...
2026-04-02 13:48:53.597 | INFO     | fastf1._api:session_info:1728 - Fetching session info data...
2026-04-02 13:48:54.083 | INFO     | fastf1.req:_cached_api_request:462 - Data has been written to cache!
2026-04-02 13:48:54.092 | INFO     | fastf1.req:_cached_api_request:457 - No cached data found for driver_info. Loading data...
2026-04-02 13:48:54.092 | INFO     | fastf1._api:driver_info:1561 - Fetching driver list...
2026-04-02 13:48:54.586 | INFO     | fastf1.req:_cached_api_request:462 - Data has been written to cache!
2026-04-02 13:48:54.918 | INFO     | fastf1.req:_cached_api_request:457 - No cached data found for session_status_data. Loading data...
2026-04-02 13:48:54.918 | INFO     | fastf1._api:session_status_data:1359 - Fetching session status data...
2026-04-02 13:48:55.410 | INFO     | fastf1.req:_cached_api_request:462 - Data has been written to cache!
2026-04-02 13:48:55.417 | INFO     | fastf1.req:_cached_api_request:457 - No cached data found for track_status_data. Loading data...
2026-04-02 13:48:55.418 | INFO     | fastf1._api:track_status_data:1303 - Fetching track status data...
2026-04-02 13:48:55.880 | INFO     | fastf1.req:_cached_api_request:462 - Data has been written to cache!
2026-04-02 13:48:55.887 | INFO     | fastf1.req:_cached_api_request:457 - No cached data found for _extended_timing_data. Loading data...
2026-04-02 13:48:55.887 | INFO     | fastf1._api:_extended_timing_data:198 - Fetching timing data...
2026-04-02 13:48:56.761 | INFO     | fastf1._api:_extended_timing_data:205 - Parsing timing data...
2026-04-02 13:48:57.229 | INFO     | fastf1.req:_cached_api_request:462 - Data has been written to cache!
2026-04-02 13:48:57.234 | INFO     | fastf1.req:_cached_api_request:457 - No cached data found for timing_app_data. Loading data...
2026-04-02 13:48:57.235 | INFO     | fastf1._api:timing_app_data:876 - Fetching timing app data...
2026-04-02 13:48:57.771 | INFO     | fastf1.req:_cached_api_request:462 - Data has been written to cache!
2026-04-02 13:48:57.772 | INFO     | fastf1.core:_load_laps_data:1463 - Processing timing data...
2026-04-02 13:48:58.909 | INFO     | fastf1.req:_cached_api_request:457 - No cached data found for car_data. Loading data...
2026-04-02 13:48:58.910 | INFO     | fastf1._api:car_data:975 - Fetching car data...
2026-04-02 13:49:00.743 | INFO     | fastf1._api:car_data:983 - Parsing car data...
2026-04-02 13:49:06.194 | INFO     | fastf1.req:_cached_api_request:462 - Data has been written to cache!
2026-04-02 13:49:06.199 | INFO     | fastf1.req:_cached_api_request:457 - No cached data found for position_data. Loading data...
2026-04-02 13:49:06.202 | INFO     | fastf1._api:position_data:1140 - Fetching position data...
2026-04-02 13:49:07.603 | INFO     | fastf1._api:position_data:1148 - Parsing position data...
2026-04-02 13:49:13.318 | INFO     | fastf1.req:_cached_api_request:462 - Data has been written to cache!
2026-04-02 13:49:15.170 | INFO     | fastf1.req:_cached_api_request:457 - No cached data found for weather_data. Loading data...
2026-04-02 13:49:15.171 | INFO     | fastf1._api:weather_data:1654 - Fetching weather data...
2026-04-02 13:49:15.638 | INFO     | fastf1.req:_cached_api_request:462 - Data has been written to cache!
2026-04-02 13:49:15.647 | INFO     | fastf1.req:_cached_api_request:457 - No cached data found for race_control_messages. Loading data...
2026-04-02 13:49:15.647 | INFO     | fastf1._api:race_control_messages:1430 - Fetching race control messages...
2026-04-02 13:49:16.133 | INFO     | fastf1.req:_cached_api_request:462 - Data has been written to cache!
2026-04-02 13:49:16.148 | INFO     | fastf1.core:load:1445 - Finished loading data for 20 drivers: ['16', '11', '1', '55', '63', '10', '44', '22', '5', '14', '4', '3', '31', '24', '77', '20', '23', '6', '18', '47']
2026-04-02 13:49:16.186 | INFO     | fastf1.core:load:1408 - Loading data for Canadian Grand Prix - Qualifying [v3.8.2]
2026-04-02 13:49:16.202 | INFO     | fastf1.req:_cached_api_request:457 - No cached data found for session_info. Loading data...
2026-04-02 13:49:16.203 | INFO     | fastf1._api:session_info:1728 - Fetching session info data...
2026-04-02 13:49:16.657 | INFO     | fastf1.req:_cached_api_request:462 - Data has been written to cache!
2026-04-02 13:49:16.666 | INFO     | fastf1.req:_cached_api_request:457 - No cached data found for driver_info. Loading data...
2026-04-02 13:49:16.667 | INFO     | fastf1._api:driver_info:1561 - Fetching driver list...
2026-04-02 13:49:17.340 | INFO     | fastf1.req:_cached_api_request:462 - Data has been written to cache!
2026-04-02 13:49:17.646 | INFO     | fastf1.req:_cached_api_request:457 - No cached data found for session_status_data. Loading data...
2026-04-02 13:49:17.647 | INFO     | fastf1._api:session_status_data:1359 - Fetching session status data...
2026-04-02 13:49:18.143 | INFO     | fastf1.req:_cached_api_request:462 - Data has been written to cache!
2026-04-02 13:49:18.151 | INFO     | fastf1.req:_cached_api_request:457 - No cached data found for track_status_data. Loading data...
2026-04-02 13:49:18.152 | INFO     | fastf1._api:track_status_data:1303 - Fetching track status data...
2026-04-02 13:49:18.621 | INFO     | fastf1.req:_cached_api_request:462 - Data has been written to cache!
2026-04-02 13:49:18.631 | INFO     | fastf1.req:_cached_api_request:457 - No cached data found for _extended_timing_data. Loading data...
2026-04-02 13:49:18.632 | INFO     | fastf1._api:_extended_timing_data:198 - Fetching timing data...
2026-04-02 13:49:19.461 | INFO     | fastf1._api:_extended_timing_data:205 - Parsing timing data...
2026-04-02 13:49:19.645 | WARNING  | fastf1._api:_laps_data_driver:774 - Driver  1: Encountered 1 timing integrity error(s) near lap(s): [14].
This might be a bug and should be reported.
2026-04-02 13:49:19.694 | WARNING  | fastf1._api:_laps_data_driver:774 - Driver 77: Encountered 1 timing integrity error(s) near lap(s): [14].
This might be a bug and should be reported.
2026-04-02 13:49:19.915 | INFO     | fastf1.req:_cached_api_request:462 - Data has been written to cache!
2026-04-02 13:49:19.923 | INFO     | fastf1.req:_cached_api_request:457 - No cached data found for timing_app_data. Loading data...
2026-04-02 13:49:19.924 | INFO     | fastf1._api:timing_app_data:876 - Fetching timing app data...
2026-04-02 13:49:20.467 | INFO     | fastf1.req:_cached_api_request:462 - Data has been written to cache!
2026-04-02 13:49:20.468 | INFO     | fastf1.core:_load_laps_data:1463 - Processing timing data...
2026-04-02 13:49:21.553 | INFO     | fastf1.req:_cached_api_request:457 - No cached data found for car_data. Loading data...
2026-04-02 13:49:21.554 | INFO     | fastf1._api:car_data:975 - Fetching car data...
2026-04-02 13:49:22.587 | INFO     | fastf1._api:car_data:983 - Parsing car data...
2026-04-02 13:49:27.284 | INFO     | fastf1.req:_cached_api_request:462 - Data has been written to cache!
2026-04-02 13:49:27.293 | INFO     | fastf1.req:_cached_api_request:457 - No cached data found for position_data. Loading data...
2026-04-02 13:49:27.294 | INFO     | fastf1._api:position_data:1140 - Fetching position data...
2026-04-02 13:49:28.452 | INFO     | fastf1._api:position_data:1148 - Parsing position data...
2026-04-02 13:49:33.179 | INFO     | fastf1.req:_cached_api_request:462 - Data has been written to cache!
2026-04-02 13:49:34.784 | INFO     | fastf1.req:_cached_api_request:457 - No cached data found for weather_data. Loading data...
2026-04-02 13:49:34.785 | INFO     | fastf1._api:weather_data:1654 - Fetching weather data...
2026-04-02 13:49:35.280 | INFO     | fastf1.req:_cached_api_request:462 - Data has been written to cache!
2026-04-02 13:49:35.288 | INFO     | fastf1.req:_cached_api_request:457 - No cached data found for race_control_messages. Loading data...
2026-04-02 13:49:35.289 | INFO     | fastf1._api:race_control_messages:1430 - Fetching race control messages...
2026-04-02 13:49:35.789 | INFO     | fastf1.req:_cached_api_request:462 - Data has been written to cache!
2026-04-02 13:49:35.844 | INFO     | fastf1.core:load:1445 - Finished loading data for 20 drivers: ['1', '14', '55', '44', '20', '47', '31', '63', '3', '24', '77', '23', '11', '4', '16', '10', '5', '18', '6', '22']
2026-04-02 13:49:35.876 | INFO     | fastf1.core:load:1408 - Loading data for British Grand Prix - Qualifying [v3.8.2]
2026-04-02 13:49:35.892 | INFO     | fastf1.req:_cached_api_request:457 - No cached data found for session_info. Loading data...
2026-04-02 13:49:35.892 | INFO     | fastf1._api:session_info:1728 - Fetching session info data...
2026-04-02 13:49:36.346 | INFO     | fastf1.req:_cached_api_request:462 - Data has been written to cache!
2026-04-02 13:49:36.353 | INFO     | fastf1.req:_cached_api_request:457 - No cached data found for driver_info. Loading data...
2026-04-02 13:49:36.354 | INFO     | fastf1._api:driver_info:1561 - Fetching driver list...
2026-04-02 13:49:36.857 | INFO     | fastf1.req:_cached_api_request:462 - Data has been written to cache!
2026-04-02 13:49:37.226 | INFO     | fastf1.req:_cached_api_request:457 - No cached data found for session_status_data. Loading data...
2026-04-02 13:49:37.226 | INFO     | fastf1._api:session_status_data:1359 - Fetching session status data...
2026-04-02 13:49:37.711 | INFO     | fastf1.req:_cached_api_request:462 - Data has been written to cache!
2026-04-02 13:49:37.724 | INFO     | fastf1.req:_cached_api_request:457 - No cached data found for track_status_data. Loading data...
2026-04-02 13:49:37.725 | INFO     | fastf1._api:track_status_data:1303 - Fetching track status data...
2026-04-02 13:49:38.218 | INFO     | fastf1.req:_cached_api_request:462 - Data has been written to cache!
2026-04-02 13:49:38.224 | INFO     | fastf1.req:_cached_api_request:457 - No cached data found for _extended_timing_data. Loading data...
2026-04-02 13:49:38.225 | INFO     | fastf1._api:_extended_timing_data:198 - Fetching timing data...
2026-04-02 13:49:39.057 | INFO     | fastf1._api:_extended_timing_data:205 - Parsing timing data...
2026-04-02 13:49:39.469 | INFO     | fastf1.req:_cached_api_request:462 - Data has been written to cache!
2026-04-02 13:49:39.478 | INFO     | fastf1.req:_cached_api_request:457 - No cached data found for timing_app_data. Loading data...
2026-04-02 13:49:39.480 | INFO     | fastf1._api:timing_app_data:876 - Fetching timing app data...
2026-04-02 13:49:40.053 | INFO     | fastf1.req:_cached_api_request:462 - Data has been written to cache!
2026-04-02 13:49:40.053 | INFO     | fastf1.core:_load_laps_data:1463 - Processing timing data...
2026-04-02 13:49:41.014 | INFO     | fastf1.req:_cached_api_request:457 - No cached data found for car_data. Loading data...
2026-04-02 13:49:41.014 | INFO     | fastf1._api:car_data:975 - Fetching car data...
2026-04-02 13:49:42.017 | INFO     | fastf1._api:car_data:983 - Parsing car data...
2026-04-02 13:49:46.171 | INFO     | fastf1.req:_cached_api_request:462 - Data has been written to cache!
2026-04-02 13:49:46.178 | INFO     | fastf1.req:_cached_api_request:457 - No cached data found for position_data. Loading data...
2026-04-02 13:49:46.179 | INFO     | fastf1._api:position_data:1140 - Fetching position data...
2026-04-02 13:49:47.337 | INFO     | fastf1._api:position_data:1148 - Parsing position data...
2026-04-02 13:49:51.926 | INFO     | fastf1.req:_cached_api_request:462 - Data has been written to cache!
2026-04-02 13:49:53.842 | INFO     | fastf1.req:_cached_api_request:457 - No cached data found for weather_data. Loading data...
2026-04-02 13:49:53.843 | INFO     | fastf1._api:weather_data:1654 - Fetching weather data...
2026-04-02 13:49:54.334 | INFO     | fastf1.req:_cached_api_request:462 - Data has been written to cache!
2026-04-02 13:49:54.341 | INFO     | fastf1.req:_cached_api_request:457 - No cached data found for race_control_messages. Loading data...
2026-04-02 13:49:54.342 | INFO     | fastf1._api:race_control_messages:1430 - Fetching race control messages...
2026-04-02 13:49:54.805 | INFO     | fastf1.req:_cached_api_request:462 - Data has been written to cache!
2026-04-02 13:49:54.811 | INFO     | fastf1.core:load:1445 - Finished loading data for 20 drivers: ['55', '1', '16', '11', '44', '4', '14', '63', '24', '6', '10', '77', '22', '3', '31', '23', '20', '5', '47', '18']
2026-04-02 13:49:54.839 | INFO     | fastf1.core:load:1408 - Loading data for Austrian Grand Prix - Qualifying [v3.8.2]
2026-04-02 13:49:54.850 | INFO     | fastf1.req:_cached_api_request:457 - No cached data found for session_info. Loading data...
2026-04-02 13:49:54.851 | INFO     | fastf1._api:session_info:1728 - Fetching session info data...
2026-04-02 13:49:55.298 | INFO     | fastf1.req:_cached_api_request:462 - Data has been written to cache!
2026-04-02 13:49:55.304 | INFO     | fastf1.req:_cached_api_request:457 - No cached data found for driver_info. Loading data...
2026-04-02 13:49:55.304 | INFO     | fastf1._api:driver_info:1561 - Fetching driver list...
2026-04-02 13:49:55.836 | INFO     | fastf1.req:_cached_api_request:462 - Data has been written to cache!
2026-04-02 13:49:56.123 | INFO     | fastf1.req:_cached_api_request:457 - No cached data found for session_status_data. Loading data...
2026-04-02 13:49:56.124 | INFO     | fastf1._api:session_status_data:1359 - Fetching session status data...
2026-04-02 13:49:56.572 | INFO     | fastf1.req:_cached_api_request:462 - Data has been written to cache!
2026-04-02 13:49:56.579 | INFO     | fastf1.req:_cached_api_request:457 - No cached data found for track_status_data. Loading data...
2026-04-02 13:49:56.579 | INFO     | fastf1._api:track_status_data:1303 - Fetching track status data...
2026-04-02 13:49:57.082 | INFO     | fastf1.req:_cached_api_request:462 - Data has been written to cache!
2026-04-02 13:49:57.087 | INFO     | fastf1.req:_cached_api_request:457 - No cached data found for _extended_timing_data. Loading data...
2026-04-02 13:49:57.088 | INFO     | fastf1._api:_extended_timing_data:198 - Fetching timing data...
2026-04-02 13:49:58.191 | INFO     | fastf1._api:_extended_timing_data:205 - Parsing timing data...
2026-04-02 13:49:58.543 | INFO     | fastf1.req:_cached_api_request:462 - Data has been written to cache!
2026-04-02 13:49:58.548 | INFO     | fastf1.req:_cached_api_request:457 - No cached data found for timing_app_data. Loading data...
2026-04-02 13:49:58.551 | INFO     | fastf1._api:timing_app_data:876 - Fetching timing app data...
2026-04-02 13:49:59.099 | INFO     | fastf1.req:_cached_api_request:462 - Data has been written to cache!
2026-04-02 13:49:59.102 | INFO     | fastf1.core:_load_laps_data:1463 - Processing timing data...
2026-04-02 13:50:00.220 | INFO     | fastf1.req:_cached_api_request:457 - No cached data found for car_data. Loading data...
2026-04-02 13:50:00.221 | INFO     | fastf1._api:car_data:975 - Fetching car data...
2026-04-02 13:50:01.264 | INFO     | fastf1._api:car_data:983 - Parsing car data...
2026-04-02 13:50:05.929 | INFO     | fastf1.req:_cached_api_request:462 - Data has been written to cache!
2026-04-02 13:50:05.938 | INFO     | fastf1.req:_cached_api_request:457 - No cached data found for position_data. Loading data...
2026-04-02 13:50:05.938 | INFO     | fastf1._api:position_data:1140 - Fetching position data...
2026-04-02 13:50:06.971 | INFO     | fastf1._api:position_data:1148 - Parsing position data...
2026-04-02 13:50:12.159 | INFO     | fastf1.req:_cached_api_request:462 - Data has been written to cache!
2026-04-02 13:50:13.853 | INFO     | fastf1.req:_cached_api_request:457 - No cached data found for weather_data. Loading data...
2026-04-02 13:50:13.855 | INFO     | fastf1._api:weather_data:1654 - Fetching weather data...
2026-04-02 13:50:14.334 | INFO     | fastf1.req:_cached_api_request:462 - Data has been written to cache!
2026-04-02 13:50:14.343 | INFO     | fastf1.req:_cached_api_request:457 - No cached data found for race_control_messages. Loading data...
2026-04-02 13:50:14.344 | INFO     | fastf1._api:race_control_messages:1430 - Fetching race control messages...
2026-04-02 13:50:14.807 | INFO     | fastf1.req:_cached_api_request:462 - Data has been written to cache!
2026-04-02 13:50:14.856 | INFO     | fastf1.core:load:1445 - Finished loading data for 20 drivers: ['1', '16', '55', '63', '31', '20', '47', '14', '44', '10', '23', '77', '11', '22', '4', '3', '18', '24', '6', '5']
2026-04-02 13:50:14.884 | INFO     | fastf1.core:load:1408 - Loading data for French Grand Prix - Qualifying [v3.8.2]
2026-04-02 13:50:14.897 | INFO     | fastf1.req:_cached_api_request:457 - No cached data found for session_info. Loading data...
2026-04-02 13:50:14.898 | INFO     | fastf1._api:session_info:1728 - Fetching session info data...
2026-04-02 13:50:15.357 | INFO     | fastf1.req:_cached_api_request:462 - Data has been written to cache!
2026-04-02 13:50:15.363 | INFO     | fastf1.req:_cached_api_request:457 - No cached data found for driver_info. Loading data...
2026-04-02 13:50:15.363 | INFO     | fastf1._api:driver_info:1561 - Fetching driver list...
2026-04-02 13:50:15.924 | INFO     | fastf1.req:_cached_api_request:462 - Data has been written to cache!
2026-04-02 13:50:16.280 | INFO     | fastf1.req:_cached_api_request:457 - No cached data found for session_status_data. Loading data...
2026-04-02 13:50:16.280 | INFO     | fastf1._api:session_status_data:1359 - Fetching session status data...
2026-04-02 13:50:16.737 | INFO     | fastf1.req:_cached_api_request:462 - Data has been written to cache!
2026-04-02 13:50:16.746 | INFO     | fastf1.req:_cached_api_request:457 - No cached data found for track_status_data. Loading data...
2026-04-02 13:50:16.746 | INFO     | fastf1._api:track_status_data:1303 - Fetching track status data...
2026-04-02 13:50:17.295 | INFO     | fastf1.req:_cached_api_request:462 - Data has been written to cache!
2026-04-02 13:50:17.301 | INFO     | fastf1.req:_cached_api_request:457 - No cached data found for _extended_timing_data. Loading data...
2026-04-02 13:50:17.301 | INFO     | fastf1._api:_extended_timing_data:198 - Fetching timing data...
2026-04-02 13:50:18.125 | INFO     | fastf1._api:_extended_timing_data:205 - Parsing timing data...
2026-04-02 13:50:18.374 | INFO     | fastf1.req:_cached_api_request:462 - Data has been written to cache!
2026-04-02 13:50:18.379 | INFO     | fastf1.req:_cached_api_request:457 - No cached data found for timing_app_data. Loading data...
2026-04-02 13:50:18.380 | INFO     | fastf1._api:timing_app_data:876 - Fetching timing app data...
2026-04-02 13:50:18.856 | INFO     | fastf1.req:_cached_api_request:462 - Data has been written to cache!
2026-04-02 13:50:18.856 | INFO     | fastf1.core:_load_laps_data:1463 - Processing timing data...
2026-04-02 13:50:19.821 | INFO     | fastf1.req:_cached_api_request:457 - No cached data found for car_data. Loading data...
2026-04-02 13:50:19.822 | INFO     | fastf1._api:car_data:975 - Fetching car data...
2026-04-02 13:50:20.700 | INFO     | fastf1._api:car_data:983 - Parsing car data...
2026-04-02 13:50:24.369 | INFO     | fastf1.req:_cached_api_request:462 - Data has been written to cache!
2026-04-02 13:50:24.375 | INFO     | fastf1.req:_cached_api_request:457 - No cached data found for position_data. Loading data...
2026-04-02 13:50:24.375 | INFO     | fastf1._api:position_data:1140 - Fetching position data...
2026-04-02 13:50:25.313 | INFO     | fastf1._api:position_data:1148 - Parsing position data...
2026-04-02 13:50:29.176 | INFO     | fastf1.req:_cached_api_request:462 - Data has been written to cache!
2026-04-02 13:50:30.619 | INFO     | fastf1.req:_cached_api_request:457 - No cached data found for weather_data. Loading data...
2026-04-02 13:50:30.620 | INFO     | fastf1._api:weather_data:1654 - Fetching weather data...
2026-04-02 13:50:31.094 | INFO     | fastf1.req:_cached_api_request:462 - Data has been written to cache!
2026-04-02 13:50:31.103 | INFO     | fastf1.req:_cached_api_request:457 - No cached data found for race_control_messages. Loading data...
2026-04-02 13:50:31.104 | INFO     | fastf1._api:race_control_messages:1430 - Fetching race control messages...
2026-04-02 13:50:31.594 | INFO     | fastf1.req:_cached_api_request:462 - Data has been written to cache!
2026-04-02 13:50:31.609 | INFO     | fastf1.core:load:1445 - Finished loading data for 20 drivers: ['16', '1', '11', '44', '4', '63', '14', '22', '55', '20', '3', '31', '77', '5', '23', '10', '18', '24', '47', '6']
2026-04-02 13:50:31.640 | INFO     | fastf1.core:load:1408 - Loading data for Hungarian Grand Prix - Qualifying [v3.8.2]
2026-04-02 13:50:31.656 | INFO     | fastf1.req:_cached_api_request:457 - No cached data found for session_info. Loading data...
2026-04-02 13:50:31.657 | INFO     | fastf1._api:session_info:1728 - Fetching session info data...
2026-04-02 13:50:32.101 | INFO     | fastf1.req:_cached_api_request:462 - Data has been written to cache!
2026-04-02 13:50:32.108 | INFO     | fastf1.req:_cached_api_request:457 - No cached data found for driver_info. Loading data...
2026-04-02 13:50:32.108 | INFO     | fastf1._api:driver_info:1561 - Fetching driver list...
2026-04-02 13:50:32.612 | INFO     | fastf1.req:_cached_api_request:462 - Data has been written to cache!
2026-04-02 13:50:32.950 | INFO     | fastf1.req:_cached_api_request:457 - No cached data found for session_status_data. Loading data...
2026-04-02 13:50:32.950 | INFO     | fastf1._api:session_status_data:1359 - Fetching session status data...
2026-04-02 13:50:33.417 | INFO     | fastf1.req:_cached_api_request:462 - Data has been written to cache!
2026-04-02 13:50:33.424 | INFO     | fastf1.req:_cached_api_request:457 - No cached data found for track_status_data. Loading data...
2026-04-02 13:50:33.424 | INFO     | fastf1._api:track_status_data:1303 - Fetching track status data...
2026-04-02 13:50:33.910 | INFO     | fastf1.req:_cached_api_request:462 - Data has been written to cache!
2026-04-02 13:50:33.920 | INFO     | fastf1.req:_cached_api_request:457 - No cached data found for _extended_timing_data. Loading data...
2026-04-02 13:50:33.920 | INFO     | fastf1._api:_extended_timing_data:198 - Fetching timing data...
2026-04-02 13:50:34.666 | INFO     | fastf1._api:_extended_timing_data:205 - Parsing timing data...
2026-04-02 13:50:34.925 | INFO     | fastf1.req:_cached_api_request:462 - Data has been written to cache!
2026-04-02 13:50:34.933 | INFO     | fastf1.req:_cached_api_request:457 - No cached data found for timing_app_data. Loading data...
2026-04-02 13:50:34.933 | INFO     | fastf1._api:timing_app_data:876 - Fetching timing app data...
2026-04-02 13:50:35.399 | INFO     | fastf1.req:_cached_api_request:462 - Data has been written to cache!
2026-04-02 13:50:35.400 | INFO     | fastf1.core:_load_laps_data:1463 - Processing timing data...
2026-04-02 13:50:36.325 | INFO     | fastf1.req:_cached_api_request:457 - No cached data found for car_data. Loading data...
2026-04-02 13:50:36.328 | INFO     | fastf1._api:car_data:975 - Fetching car data...
2026-04-02 13:50:37.385 | INFO     | fastf1._api:car_data:983 - Parsing car data...
2026-04-02 13:50:41.596 | INFO     | fastf1.req:_cached_api_request:462 - Data has been written to cache!
2026-04-02 13:50:41.601 | INFO     | fastf1.req:_cached_api_request:457 - No cached data found for position_data. Loading data...
2026-04-02 13:50:41.602 | INFO     | fastf1._api:position_data:1140 - Fetching position data...
2026-04-02 13:50:42.640 | INFO     | fastf1._api:position_data:1148 - Parsing position data...
2026-04-02 13:50:46.856 | INFO     | fastf1.req:_cached_api_request:462 - Data has been written to cache!
2026-04-02 13:50:48.553 | INFO     | fastf1.req:_cached_api_request:457 - No cached data found for weather_data. Loading data...
2026-04-02 13:50:48.553 | INFO     | fastf1._api:weather_data:1654 - Fetching weather data...
2026-04-02 13:50:49.012 | INFO     | fastf1.req:_cached_api_request:462 - Data has been written to cache!
2026-04-02 13:50:49.024 | INFO     | fastf1.req:_cached_api_request:457 - No cached data found for race_control_messages. Loading data...
2026-04-02 13:50:49.024 | INFO     | fastf1._api:race_control_messages:1430 - Fetching race control messages...
2026-04-02 13:50:49.543 | INFO     | fastf1.req:_cached_api_request:462 - Data has been written to cache!
2026-04-02 13:50:49.562 | INFO     | fastf1.core:load:1445 - Finished loading data for 20 drivers: ['63', '55', '16', '4', '31', '14', '44', '77', '3', '1', '11', '24', '20', '18', '47', '22', '23', '5', '10', '6']
2026-04-02 13:50:49.604 | INFO     | fastf1.core:load:1408 - Loading data for Belgian Grand Prix - Qualifying [v3.8.2]
2026-04-02 13:50:49.623 | INFO     | fastf1.req:_cached_api_request:457 - No cached data found for session_info. Loading data...
2026-04-02 13:50:49.623 | INFO     | fastf1._api:session_info:1728 - Fetching session info data...
2026-04-02 13:50:50.107 | INFO     | fastf1.req:_cached_api_request:462 - Data has been written to cache!
2026-04-02 13:50:50.113 | INFO     | fastf1.req:_cached_api_request:457 - No cached data found for driver_info. Loading data...
2026-04-02 13:50:50.114 | INFO     | fastf1._api:driver_info:1561 - Fetching driver list...
2026-04-02 13:50:50.624 | INFO     | fastf1.req:_cached_api_request:462 - Data has been written to cache!
2026-04-02 13:50:51.108 | INFO     | fastf1.req:_cached_api_request:457 - No cached data found for session_status_data. Loading data...
2026-04-02 13:50:51.109 | INFO     | fastf1._api:session_status_data:1359 - Fetching session status data...
2026-04-02 13:50:51.578 | INFO     | fastf1.req:_cached_api_request:462 - Data has been written to cache!
2026-04-02 13:50:51.584 | INFO     | fastf1.req:_cached_api_request:457 - No cached data found for track_status_data. Loading data...
2026-04-02 13:50:51.584 | INFO     | fastf1._api:track_status_data:1303 - Fetching track status data...
2026-04-02 13:50:52.051 | INFO     | fastf1.req:_cached_api_request:462 - Data has been written to cache!
2026-04-02 13:50:52.060 | INFO     | fastf1.req:_cached_api_request:457 - No cached data found for _extended_timing_data. Loading data...
2026-04-02 13:50:52.060 | INFO     | fastf1._api:_extended_timing_data:198 - Fetching timing data...
2026-04-02 13:50:52.848 | INFO     | fastf1._api:_extended_timing_data:205 - Parsing timing data...
2026-04-02 13:50:53.119 | INFO     | fastf1.req:_cached_api_request:462 - Data has been written to cache!
2026-04-02 13:50:53.127 | INFO     | fastf1.req:_cached_api_request:457 - No cached data found for timing_app_data. Loading data...
2026-04-02 13:50:53.128 | INFO     | fastf1._api:timing_app_data:876 - Fetching timing app data...
2026-04-02 13:50:53.623 | INFO     | fastf1.req:_cached_api_request:462 - Data has been written to cache!
2026-04-02 13:50:53.625 | INFO     | fastf1.core:_load_laps_data:1463 - Processing timing data...
2026-04-02 13:50:54.436 | INFO     | fastf1.req:_cached_api_request:457 - No cached data found for car_data. Loading data...
2026-04-02 13:50:54.437 | INFO     | fastf1._api:car_data:975 - Fetching car data...
2026-04-02 13:50:55.507 | INFO     | fastf1._api:car_data:983 - Parsing car data...
2026-04-02 13:51:01.306 | INFO     | fastf1.req:_cached_api_request:462 - Data has been written to cache!
2026-04-02 13:51:01.317 | INFO     | fastf1.req:_cached_api_request:457 - No cached data found for position_data. Loading data...
2026-04-02 13:51:01.318 | INFO     | fastf1._api:position_data:1140 - Fetching position data...
2026-04-02 13:51:02.539 | INFO     | fastf1._api:position_data:1148 - Parsing position data...
2026-04-02 13:51:07.970 | INFO     | fastf1.req:_cached_api_request:462 - Data has been written to cache!
2026-04-02 13:51:10.095 | INFO     | fastf1.req:_cached_api_request:457 - No cached data found for weather_data. Loading data...
2026-04-02 13:51:10.096 | INFO     | fastf1._api:weather_data:1654 - Fetching weather data...
2026-04-02 13:51:10.571 | INFO     | fastf1.req:_cached_api_request:462 - Data has been written to cache!
2026-04-02 13:51:10.579 | INFO     | fastf1.req:_cached_api_request:457 - No cached data found for race_control_messages. Loading data...
2026-04-02 13:51:10.580 | INFO     | fastf1._api:race_control_messages:1430 - Fetching race control messages...
2026-04-02 13:51:11.063 | INFO     | fastf1.req:_cached_api_request:462 - Data has been written to cache!
2026-04-02 13:51:11.077 | INFO     | fastf1.core:load:1445 - Finished loading data for 20 drivers: ['1', '55', '11', '16', '31', '14', '44', '63', '23', '4', '3', '10', '24', '18', '47', '5', '6', '20', '22', '77']
2026-04-02 13:51:11.108 | INFO     | fastf1.core:load:1408 - Loading data for Dutch Grand Prix - Qualifying [v3.8.2]
2026-04-02 13:51:11.124 | INFO     | fastf1.req:_cached_api_request:457 - No cached data found for session_info. Loading data...
2026-04-02 13:51:11.125 | INFO     | fastf1._api:session_info:1728 - Fetching session info data...
2026-04-02 13:51:11.577 | INFO     | fastf1.req:_cached_api_request:462 - Data has been written to cache!
2026-04-02 13:51:11.585 | INFO     | fastf1.req:_cached_api_request:457 - No cached data found for driver_info. Loading data...
2026-04-02 13:51:11.586 | INFO     | fastf1._api:driver_info:1561 - Fetching driver list...
2026-04-02 13:51:12.127 | INFO     | fastf1.req:_cached_api_request:462 - Data has been written to cache!
2026-04-02 13:51:12.412 | INFO     | fastf1.req:_cached_api_request:457 - No cached data found for session_status_data. Loading data...
2026-04-02 13:51:12.414 | INFO     | fastf1._api:session_status_data:1359 - Fetching session status data...
2026-04-02 13:51:12.965 | INFO     | fastf1.req:_cached_api_request:462 - Data has been written to cache!
2026-04-02 13:51:12.977 | INFO     | fastf1.req:_cached_api_request:457 - No cached data found for track_status_data. Loading data...
2026-04-02 13:51:12.978 | INFO     | fastf1._api:track_status_data:1303 - Fetching track status data...
2026-04-02 13:51:13.515 | INFO     | fastf1.req:_cached_api_request:462 - Data has been written to cache!
2026-04-02 13:51:13.522 | INFO     | fastf1.req:_cached_api_request:457 - No cached data found for _extended_timing_data. Loading data...
2026-04-02 13:51:13.523 | INFO     | fastf1._api:_extended_timing_data:198 - Fetching timing data...
2026-04-02 13:51:15.200 | INFO     | fastf1._api:_extended_timing_data:205 - Parsing timing data...
2026-04-02 13:51:15.434 | INFO     | fastf1.req:_cached_api_request:462 - Data has been written to cache!
2026-04-02 13:51:15.440 | INFO     | fastf1.req:_cached_api_request:457 - No cached data found for timing_app_data. Loading data...
2026-04-02 13:51:15.440 | INFO     | fastf1._api:timing_app_data:876 - Fetching timing app data...
2026-04-02 13:51:15.928 | INFO     | fastf1.req:_cached_api_request:462 - Data has been written to cache!
2026-04-02 13:51:15.928 | INFO     | fastf1.core:_load_laps_data:1463 - Processing timing data...
2026-04-02 13:51:16.994 | INFO     | fastf1.req:_cached_api_request:457 - No cached data found for car_data. Loading data...
2026-04-02 13:51:16.995 | INFO     | fastf1._api:car_data:975 - Fetching car data...
2026-04-02 13:51:17.945 | INFO     | fastf1._api:car_data:983 - Parsing car data...
2026-04-02 13:51:22.882 | INFO     | fastf1.req:_cached_api_request:462 - Data has been written to cache!
2026-04-02 13:51:22.893 | INFO     | fastf1.req:_cached_api_request:457 - No cached data found for position_data. Loading data...
2026-04-02 13:51:22.894 | INFO     | fastf1._api:position_data:1140 - Fetching position data...
2026-04-02 13:51:23.927 | INFO     | fastf1._api:position_data:1148 - Parsing position data...
2026-04-02 13:51:28.628 | INFO     | fastf1.req:_cached_api_request:462 - Data has been written to cache!
2026-04-02 13:51:30.519 | INFO     | fastf1.req:_cached_api_request:457 - No cached data found for weather_data. Loading data...
2026-04-02 13:51:30.520 | INFO     | fastf1._api:weather_data:1654 - Fetching weather data...
2026-04-02 13:51:31.007 | INFO     | fastf1.req:_cached_api_request:462 - Data has been written to cache!
2026-04-02 13:51:31.015 | INFO     | fastf1.req:_cached_api_request:457 - No cached data found for race_control_messages. Loading data...
2026-04-02 13:51:31.016 | INFO     | fastf1._api:race_control_messages:1430 - Fetching race control messages...
2026-04-02 13:51:31.544 | INFO     | fastf1.req:_cached_api_request:462 - Data has been written to cache!
2026-04-02 13:51:31.558 | INFO     | fastf1.core:load:1445 - Finished loading data for 20 drivers: ['1', '16', '55', '44', '11', '63', '4', '47', '22', '18', '10', '31', '14', '24', '23', '77', '3', '20', '5', '6']
2026-04-02 13:51:31.745 | INFO     | fastf1.core:load:1408 - Loading data for Italian Grand Prix - Qualifying [v3.8.2]
2026-04-02 13:51:31.760 | INFO     | fastf1.req:_cached_api_request:457 - No cached data found for session_info. Loading data...
2026-04-02 13:51:31.761 | INFO     | fastf1._api:session_info:1728 - Fetching session info data...
2026-04-02 13:51:32.324 | INFO     | fastf1.req:_cached_api_request:462 - Data has been written to cache!
2026-04-02 13:51:32.334 | INFO     | fastf1.req:_cached_api_request:457 - No cached data found for driver_info. Loading data...
2026-04-02 13:51:32.335 | INFO     | fastf1._api:driver_info:1561 - Fetching driver list...
2026-04-02 13:51:32.813 | INFO     | fastf1.req:_cached_api_request:462 - Data has been written to cache!
2026-04-02 13:51:33.123 | INFO     | fastf1.req:_cached_api_request:457 - No cached data found for session_status_data. Loading data...
2026-04-02 13:51:33.124 | INFO     | fastf1._api:session_status_data:1359 - Fetching session status data...
2026-04-02 13:51:33.574 | INFO     | fastf1.req:_cached_api_request:462 - Data has been written to cache!
2026-04-02 13:51:33.580 | INFO     | fastf1.req:_cached_api_request:457 - No cached data found for track_status_data. Loading data...
2026-04-02 13:51:33.581 | INFO     | fastf1._api:track_status_data:1303 - Fetching track status data...
2026-04-02 13:51:34.085 | INFO     | fastf1.req:_cached_api_request:462 - Data has been written to cache!
2026-04-02 13:51:34.090 | INFO     | fastf1.req:_cached_api_request:457 - No cached data found for _extended_timing_data. Loading data...
2026-04-02 13:51:34.091 | INFO     | fastf1._api:_extended_timing_data:198 - Fetching timing data...
2026-04-02 13:51:34.800 | INFO     | fastf1._api:_extended_timing_data:205 - Parsing timing data...
2026-04-02 13:51:35.016 | INFO     | fastf1.req:_cached_api_request:462 - Data has been written to cache!
2026-04-02 13:51:35.021 | INFO     | fastf1.req:_cached_api_request:457 - No cached data found for timing_app_data. Loading data...
2026-04-02 13:51:35.022 | INFO     | fastf1._api:timing_app_data:876 - Fetching timing app data...
2026-04-02 13:51:35.518 | INFO     | fastf1.req:_cached_api_request:462 - Data has been written to cache!
2026-04-02 13:51:35.519 | INFO     | fastf1.core:_load_laps_data:1463 - Processing timing data...
2026-04-02 13:51:36.134 | INFO     | fastf1.req:_cached_api_request:457 - No cached data found for car_data. Loading data...
2026-04-02 13:51:36.135 | INFO     | fastf1._api:car_data:975 - Fetching car data...
2026-04-02 13:51:36.939 | INFO     | fastf1._api:car_data:983 - Parsing car data...
2026-04-02 13:51:40.231 | INFO     | fastf1.req:_cached_api_request:462 - Data has been written to cache!
2026-04-02 13:51:40.235 | INFO     | fastf1.req:_cached_api_request:457 - No cached data found for position_data. Loading data...
2026-04-02 13:51:40.235 | INFO     | fastf1._api:position_data:1140 - Fetching position data...
2026-04-02 13:51:40.981 | INFO     | fastf1._api:position_data:1148 - Parsing position data...
2026-04-02 13:51:44.237 | INFO     | fastf1.req:_cached_api_request:462 - Data has been written to cache!
2026-04-02 13:51:45.383 | INFO     | fastf1.req:_cached_api_request:457 - No cached data found for weather_data. Loading data...
2026-04-02 13:51:45.384 | INFO     | fastf1._api:weather_data:1654 - Fetching weather data...
2026-04-02 13:51:45.872 | INFO     | fastf1.req:_cached_api_request:462 - Data has been written to cache!
2026-04-02 13:51:45.877 | INFO     | fastf1.req:_cached_api_request:457 - No cached data found for race_control_messages. Loading data...
2026-04-02 13:51:45.878 | INFO     | fastf1._api:race_control_messages:1430 - Fetching race control messages...
2026-04-02 13:51:45.910 | INFO     | fastf1.core:load:1408 - Loading data for Singapore Grand Prix - Qualifying [v3.8.2]
2026-04-02 13:51:45.922 | INFO     | fastf1.req:_cached_api_request:457 - No cached data found for session_info. Loading data...
2026-04-02 13:51:45.922 | INFO     | fastf1._api:session_info:1728 - Fetching session info data...
2026-04-02 13:51:46.181 | INFO     | fastf1.core:load:1408 - Loading data for Japanese Grand Prix - Qualifying [v3.8.2]
2026-04-02 13:51:46.196 | INFO     | fastf1.req:_cached_api_request:457 - No cached data found for session_info. Loading data...
2026-04-02 13:51:46.196 | INFO     | fastf1._api:session_info:1728 - Fetching session info data...
2026-04-02 13:51:46.425 | INFO     | fastf1.core:load:1408 - Loading data for United States Grand Prix - Qualifying [v3.8.2]
2026-04-02 13:51:46.441 | INFO     | fastf1.req:_cached_api_request:457 - No cached data found for session_info. Loading data...
2026-04-02 13:51:46.442 | INFO     | fastf1._api:session_info:1728 - Fetching session info data...
2026-04-02 13:51:46.683 | INFO     | fastf1.core:load:1408 - Loading data for Mexico City Grand Prix - Qualifying [v3.8.2]
2026-04-02 13:51:46.694 | INFO     | fastf1.req:_cached_api_request:457 - No cached data found for session_info. Loading data...
2026-04-02 13:51:46.695 | INFO     | fastf1._api:session_info:1728 - Fetching session info data...
2026-04-02 13:51:46.913 | INFO     | fastf1.core:load:1408 - Loading data for São Paulo Grand Prix - Qualifying [v3.8.2]
2026-04-02 13:51:46.928 | INFO     | fastf1.req:_cached_api_request:457 - No cached data found for session_info. Loading data...
2026-04-02 13:51:46.928 | INFO     | fastf1._api:session_info:1728 - Fetching session info data...
2026-04-02 13:51:47.161 | INFO     | fastf1.core:load:1408 - Loading data for Abu Dhabi Grand Prix - Qualifying [v3.8.2]
2026-04-02 13:51:47.171 | INFO     | fastf1.req:_cached_api_request:457 - No cached data found for session_info. Loading data...
2026-04-02 13:51:47.172 | INFO     | fastf1._api:session_info:1728 - Fetching session info data...
2026-04-02 13:51:47.642 | WARNING  | requests_cache.session:_handle_error:333 - Request for URL https://raw.githubusercontent.com/theOehrly/f1schedule/master/schedule_2023.json failed; using cached response
Traceback (most recent call last):

  File "/workspaces/F1-Qualifying-Dashboard/src/f1_qualifying_dashboard/pipeline/run_ingestion_multiple_years.py", line 50, in <module>
    run_ingestion_multiple(
    └ <function run_ingestion_multiple at 0x75b19de42340>

  File "/workspaces/F1-Qualifying-Dashboard/src/f1_qualifying_dashboard/pipeline/run_ingestion_multiple_years.py", line 39, in run_ingestion_multiple
    df = load_multiple_years_rounds(years, rounds)
         │                          │      └ [1, 2, 3, 4, 5, 6, 7, 8, 9, 10, 11, 12, 13, 14, 15, 16, 17, 18, 19, 20, 21, 22]
         │                          └ [2019, 2020, 2021, 2022, 2023, 2026]
         └ <function load_multiple_years_rounds at 0x75b19d57a520>

  File "/workspaces/F1-Qualifying-Dashboard/src/f1_qualifying_dashboard/ingestion/fastf1_loader_multiple_years.py", line 26, in load_multiple_years_rounds
    df = load_qualifying_data(year, rnd)
         │                    │     └ 1
         │                    └ 2023
         └ <function load_qualifying_data at 0x75b19d57a660>

  File "/workspaces/F1-Qualifying-Dashboard/src/f1_qualifying_dashboard/ingestion/fastf1_loader.py", line 18, in load_qualifying_data
    session = fastf1.get_session(year, round, "Q")
              │      │           │     └ 1
              │      │           └ 2023
              │      └ <function get_session at 0x75b19ea7f920>
              └ <module 'fastf1' from '/workspaces/F1-Qualifying-Dashboard/.venv/lib/python3.11/site-packages/fastf1/__init__.py'>

  File "/workspaces/F1-Qualifying-Dashboard/.venv/lib/python3.11/site-packages/fastf1/events.py", line 118, in get_session
    event = get_event(year, gp, force_ergast=force_ergast, backend=backend)
            │         │     │                │                     └ None
            │         │     │                └ False
            │         │     └ 1
            │         └ 2023
            └ <function get_event at 0x75b19ddd2200>
  File "/workspaces/F1-Qualifying-Dashboard/.venv/lib/python3.11/site-packages/fastf1/events.py", line 213, in get_event
    schedule = get_event_schedule(year=year, include_testing=False,
               │                       └ 2023
               └ <function get_event_schedule at 0x75b19ddd2480>
  File "/workspaces/F1-Qualifying-Dashboard/.venv/lib/python3.11/site-packages/fastf1/events.py", line 325, in get_event_schedule
    schedule = func(year)
               │    └ 2023
               └ <function _get_schedule_ff1 at 0x75b19de17560>
  File "/workspaces/F1-Qualifying-Dashboard/.venv/lib/python3.11/site-packages/fastf1/logger.py", line 112, in __wrapped
    return func(*args, **kwargs)
           │     │       └ {}
           │     └ (2023,)
           └ <function _get_schedule_ff1 at 0x75b19de16f20>
  File "/workspaces/F1-Qualifying-Dashboard/.venv/lib/python3.11/site-packages/fastf1/events.py", line 407, in _get_schedule_ff1
    response = Cache.requests_get(
               │     └ <classmethod(<function Cache.requests_get at 0x75b19e10a5c0>)>
               └ FastF1 cache (4.13 GB) data/cache
  File "/workspaces/F1-Qualifying-Dashboard/.venv/lib/python3.11/site-packages/fastf1/req.py", line 283, in requests_get
    return cls._cached_request('GET', url, **kwargs)
           │   │                      │      └ {'headers': {'User-Agent': 'FastF1/3.8.2'}}
           │   │                      └ 'https://raw.githubusercontent.com/theOehrly/f1schedule/master/schedule_2023.json'
           │   └ <classmethod(<function Cache._cached_request at 0x75b19e10a700>)>
           └ FastF1 cache (4.13 GB) data/cache
  File "/workspaces/F1-Qualifying-Dashboard/.venv/lib/python3.11/site-packages/fastf1/req.py", line 327, in _cached_request
    response = func(url, **kwargs)
               │    │      └ {'headers': {'User-Agent': 'FastF1/3.8.2'}}
               │    └ 'https://raw.githubusercontent.com/theOehrly/f1schedule/master/schedule_2023.json'
               └ <bound method CacheMixin.get of <CachedSession(cache=<SQLiteCache(name=data/cache/fastf1_http_cache)>, settings=CacheSettings...
  File "/workspaces/F1-Qualifying-Dashboard/.venv/lib/python3.11/site-packages/requests_cache/session.py", line 133, in get
    return self.request('GET', url, params=params, **kwargs)
           │    │              │           │         └ {'headers': {'User-Agent': 'FastF1/3.8.2'}, 'allow_redirects': True}
           │    │              │           └ None
           │    │              └ 'https://raw.githubusercontent.com/theOehrly/f1schedule/master/schedule_2023.json'
           │    └ <function CacheMixin.request at 0x75b19e1093a0>
           └ <CachedSession(cache=<SQLiteCache(name=data/cache/fastf1_http_cache)>, settings=CacheSettings(allowable_methods=('GET', 'POST...
  File "/workspaces/F1-Qualifying-Dashboard/.venv/lib/python3.11/site-packages/requests_cache/session.py", line 189, in request
    return super().request(method, url, *args, headers=headers, **kwargs)  # type: ignore
                           │       │     │             │          └ {'params': None, 'allow_redirects': True}
                           │       │     │             └ {'User-Agent': 'FastF1/3.8.2'}
                           │       │     └ ()
                           │       └ 'https://raw.githubusercontent.com/theOehrly/f1schedule/master/schedule_2023.json'
                           └ 'GET'
  File "/workspaces/F1-Qualifying-Dashboard/.venv/lib/python3.11/site-packages/requests/sessions.py", line 592, in request
    resp = self.send(prep, **send_kwargs)
           │    │    │       └ {'timeout': None, 'allow_redirects': True, 'proxies': OrderedDict(), 'stream': False, 'verify': True, 'cert': None}
           │    │    └ <PreparedRequest [GET]>
           │    └ <function CacheMixin.send at 0x75b19e109440>
           └ <CachedSession(cache=<SQLiteCache(name=data/cache/fastf1_http_cache)>, settings=CacheSettings(allowable_methods=('GET', 'POST...
  File "/workspaces/F1-Qualifying-Dashboard/.venv/lib/python3.11/site-packages/requests_cache/session.py", line 253, in send
    response = self._resend(request, actions, cached_response, **kwargs)  # type: ignore
               │    │       │        │        │                  └ {'timeout': None, 'allow_redirects': True, 'proxies': OrderedDict(), 'stream': False, 'verify': True, 'cert': None}
               │    │       │        │        └ CachedResponse(_content=b'{\n  "round_number":{\n    "0":0,\n    "1":1,\n    "2":2,\n    "3":3,\n    "4":4,\n    "5":5,\n    ...
               │    │       │        └ CacheActions(expire_after=datetime.timedelta(seconds=43200), resend_request=True)
               │    │       └ <PreparedRequest [GET]>
               │    └ <function CacheMixin._resend at 0x75b19e109580>
               └ <CachedSession(cache=<SQLiteCache(name=data/cache/fastf1_http_cache)>, settings=CacheSettings(allowable_methods=('GET', 'POST...
> File "/workspaces/F1-Qualifying-Dashboard/.venv/lib/python3.11/site-packages/requests_cache/session.py", line 311, in _resend
    response = self._send_and_cache(request, actions, cached_response, **kwargs)
               │    │               │        │        │                  └ {'timeout': None, 'allow_redirects': True, 'proxies': OrderedDict(), 'stream': False, 'verify': True, 'cert': None}
               │    │               │        │        └ CachedResponse(_content=b'{\n  "round_number":{\n    "0":0,\n    "1":1,\n    "2":2,\n    "3":3,\n    "4":4,\n    "5":5,\n    ...
               │    │               │        └ CacheActions(expire_after=datetime.timedelta(seconds=43200), resend_request=True)
               │    │               └ <PreparedRequest [GET]>
               │    └ <function CacheMixin._send_and_cache at 0x75b19e1094e0>
               └ <CachedSession(cache=<SQLiteCache(name=data/cache/fastf1_http_cache)>, settings=CacheSettings(allowable_methods=('GET', 'POST...
  File "/workspaces/F1-Qualifying-Dashboard/.venv/lib/python3.11/site-packages/requests_cache/session.py", line 279, in _send_and_cache
    response = super().send(request, **kwargs)
                            │          └ {'timeout': None, 'allow_redirects': True, 'proxies': OrderedDict(), 'stream': False, 'verify': True, 'cert': None}
                            └ <PreparedRequest [GET]>
  File "/workspaces/F1-Qualifying-Dashboard/.venv/lib/python3.11/site-packages/fastf1/req.py", line 110, in send
    lim.limit()
    │   └ <function _CallsPerIntervalLimitRaise.limit at 0x75b19e10a200>
    └ <fastf1.req._CallsPerIntervalLimitRaise object at 0x75b19e10dd50>
  File "/workspaces/F1-Qualifying-Dashboard/.venv/lib/python3.11/site-packages/fastf1/req.py", line 80, in limit
    raise RateLimitExceededError(self._info)
          │                      │    └ 'any API: 500 calls/h'
          │                      └ <fastf1.req._CallsPerIntervalLimitRaise object at 0x75b19e10dd50>
          └ <class 'fastf1.exceptions.RateLimitExceededError'>

fastf1.exceptions.RateLimitExceededError: any API: 500 calls/h
2026-04-02 13:52:04.757 | INFO     | fastf1.core:load:1408 - Loading data for Bahrain Grand Prix - Qualifying [v3.8.2]
2026-04-02 13:52:04.765 | INFO     | fastf1.req:_cached_api_request:457 - No cached data found for session_info. Loading data...
2026-04-02 13:52:04.765 | INFO     | fastf1._api:session_info:1728 - Fetching session info data...
2026-04-02 13:52:05.022 | WARNING  | requests_cache.session:_handle_error:333 - Request for URL https://raw.githubusercontent.com/theOehrly/f1schedule/master/schedule_2023.json failed; using cached response
Traceback (most recent call last):

  File "/workspaces/F1-Qualifying-Dashboard/src/f1_qualifying_dashboard/pipeline/run_ingestion_multiple_years.py", line 50, in <module>
    run_ingestion_multiple(
    └ <function run_ingestion_multiple at 0x75b19de42340>

  File "/workspaces/F1-Qualifying-Dashboard/src/f1_qualifying_dashboard/pipeline/run_ingestion_multiple_years.py", line 39, in run_ingestion_multiple
    df = load_multiple_years_rounds(years, rounds)
         │                          │      └ [1, 2, 3, 4, 5, 6, 7, 8, 9, 10, 11, 12, 13, 14, 15, 16, 17, 18, 19, 20, 21, 22]
         │                          └ [2019, 2020, 2021, 2022, 2023, 2026]
         └ <function load_multiple_years_rounds at 0x75b19d57a520>

  File "/workspaces/F1-Qualifying-Dashboard/src/f1_qualifying_dashboard/ingestion/fastf1_loader_multiple_years.py", line 26, in load_multiple_years_rounds
    df = load_qualifying_data(year, rnd)
         │                    │     └ 2
         │                    └ 2023
         └ <function load_qualifying_data at 0x75b19d57a660>

  File "/workspaces/F1-Qualifying-Dashboard/src/f1_qualifying_dashboard/ingestion/fastf1_loader.py", line 18, in load_qualifying_data
    session = fastf1.get_session(year, round, "Q")
              │      │           │     └ 2
              │      │           └ 2023
              │      └ <function get_session at 0x75b19ea7f920>
              └ <module 'fastf1' from '/workspaces/F1-Qualifying-Dashboard/.venv/lib/python3.11/site-packages/fastf1/__init__.py'>

  File "/workspaces/F1-Qualifying-Dashboard/.venv/lib/python3.11/site-packages/fastf1/events.py", line 118, in get_session
    event = get_event(year, gp, force_ergast=force_ergast, backend=backend)
            │         │     │                │                     └ None
            │         │     │                └ False
            │         │     └ 2
            │         └ 2023
            └ <function get_event at 0x75b19ddd2200>
  File "/workspaces/F1-Qualifying-Dashboard/.venv/lib/python3.11/site-packages/fastf1/events.py", line 213, in get_event
    schedule = get_event_schedule(year=year, include_testing=False,
               │                       └ 2023
               └ <function get_event_schedule at 0x75b19ddd2480>
  File "/workspaces/F1-Qualifying-Dashboard/.venv/lib/python3.11/site-packages/fastf1/events.py", line 325, in get_event_schedule
    schedule = func(year)
               │    └ 2023
               └ <function _get_schedule_ff1 at 0x75b19de17560>
  File "/workspaces/F1-Qualifying-Dashboard/.venv/lib/python3.11/site-packages/fastf1/logger.py", line 112, in __wrapped
    return func(*args, **kwargs)
           │     │       └ {}
           │     └ (2023,)
           └ <function _get_schedule_ff1 at 0x75b19de16f20>
  File "/workspaces/F1-Qualifying-Dashboard/.venv/lib/python3.11/site-packages/fastf1/events.py", line 407, in _get_schedule_ff1
    response = Cache.requests_get(
               │     └ <classmethod(<function Cache.requests_get at 0x75b19e10a5c0>)>
               └ FastF1 cache (4.13 GB) data/cache
  File "/workspaces/F1-Qualifying-Dashboard/.venv/lib/python3.11/site-packages/fastf1/req.py", line 283, in requests_get
    return cls._cached_request('GET', url, **kwargs)
           │   │                      │      └ {'headers': {'User-Agent': 'FastF1/3.8.2'}}
           │   │                      └ 'https://raw.githubusercontent.com/theOehrly/f1schedule/master/schedule_2023.json'
           │   └ <classmethod(<function Cache._cached_request at 0x75b19e10a700>)>
           └ FastF1 cache (4.13 GB) data/cache
  File "/workspaces/F1-Qualifying-Dashboard/.venv/lib/python3.11/site-packages/fastf1/req.py", line 327, in _cached_request
    response = func(url, **kwargs)
               │    │      └ {'headers': {'User-Agent': 'FastF1/3.8.2'}}
               │    └ 'https://raw.githubusercontent.com/theOehrly/f1schedule/master/schedule_2023.json'
               └ <bound method CacheMixin.get of <CachedSession(cache=<SQLiteCache(name=data/cache/fastf1_http_cache)>, settings=CacheSettings...
  File "/workspaces/F1-Qualifying-Dashboard/.venv/lib/python3.11/site-packages/requests_cache/session.py", line 133, in get
    return self.request('GET', url, params=params, **kwargs)
           │    │              │           │         └ {'headers': {'User-Agent': 'FastF1/3.8.2'}, 'allow_redirects': True}
           │    │              │           └ None
           │    │              └ 'https://raw.githubusercontent.com/theOehrly/f1schedule/master/schedule_2023.json'
           │    └ <function CacheMixin.request at 0x75b19e1093a0>
           └ <CachedSession(cache=<SQLiteCache(name=data/cache/fastf1_http_cache)>, settings=CacheSettings(allowable_methods=('GET', 'POST...
  File "/workspaces/F1-Qualifying-Dashboard/.venv/lib/python3.11/site-packages/requests_cache/session.py", line 189, in request
    return super().request(method, url, *args, headers=headers, **kwargs)  # type: ignore
                           │       │     │             │          └ {'params': None, 'allow_redirects': True}
                           │       │     │             └ {'User-Agent': 'FastF1/3.8.2'}
                           │       │     └ ()
                           │       └ 'https://raw.githubusercontent.com/theOehrly/f1schedule/master/schedule_2023.json'
                           └ 'GET'
  File "/workspaces/F1-Qualifying-Dashboard/.venv/lib/python3.11/site-packages/requests/sessions.py", line 592, in request
    resp = self.send(prep, **send_kwargs)
           │    │    │       └ {'timeout': None, 'allow_redirects': True, 'proxies': OrderedDict(), 'stream': False, 'verify': True, 'cert': None}
           │    │    └ <PreparedRequest [GET]>
           │    └ <function CacheMixin.send at 0x75b19e109440>
           └ <CachedSession(cache=<SQLiteCache(name=data/cache/fastf1_http_cache)>, settings=CacheSettings(allowable_methods=('GET', 'POST...
  File "/workspaces/F1-Qualifying-Dashboard/.venv/lib/python3.11/site-packages/requests_cache/session.py", line 253, in send
    response = self._resend(request, actions, cached_response, **kwargs)  # type: ignore
               │    │       │        │        │                  └ {'timeout': None, 'allow_redirects': True, 'proxies': OrderedDict(), 'stream': False, 'verify': True, 'cert': None}
               │    │       │        │        └ CachedResponse(_content=b'{\n  "round_number":{\n    "0":0,\n    "1":1,\n    "2":2,\n    "3":3,\n    "4":4,\n    "5":5,\n    ...
               │    │       │        └ CacheActions(expire_after=datetime.timedelta(seconds=43200), resend_request=True)
               │    │       └ <PreparedRequest [GET]>
               │    └ <function CacheMixin._resend at 0x75b19e109580>
               └ <CachedSession(cache=<SQLiteCache(name=data/cache/fastf1_http_cache)>, settings=CacheSettings(allowable_methods=('GET', 'POST...
> File "/workspaces/F1-Qualifying-Dashboard/.venv/lib/python3.11/site-packages/requests_cache/session.py", line 311, in _resend
    response = self._send_and_cache(request, actions, cached_response, **kwargs)
               │    │               │        │        │                  └ {'timeout': None, 'allow_redirects': True, 'proxies': OrderedDict(), 'stream': False, 'verify': True, 'cert': None}
               │    │               │        │        └ CachedResponse(_content=b'{\n  "round_number":{\n    "0":0,\n    "1":1,\n    "2":2,\n    "3":3,\n    "4":4,\n    "5":5,\n    ...
               │    │               │        └ CacheActions(expire_after=datetime.timedelta(seconds=43200), resend_request=True)
               │    │               └ <PreparedRequest [GET]>
               │    └ <function CacheMixin._send_and_cache at 0x75b19e1094e0>
               └ <CachedSession(cache=<SQLiteCache(name=data/cache/fastf1_http_cache)>, settings=CacheSettings(allowable_methods=('GET', 'POST...
  File "/workspaces/F1-Qualifying-Dashboard/.venv/lib/python3.11/site-packages/requests_cache/session.py", line 279, in _send_and_cache
    response = super().send(request, **kwargs)
                            │          └ {'timeout': None, 'allow_redirects': True, 'proxies': OrderedDict(), 'stream': False, 'verify': True, 'cert': None}
                            └ <PreparedRequest [GET]>
  File "/workspaces/F1-Qualifying-Dashboard/.venv/lib/python3.11/site-packages/fastf1/req.py", line 110, in send
    lim.limit()
    │   └ <function _CallsPerIntervalLimitRaise.limit at 0x75b19e10a200>
    └ <fastf1.req._CallsPerIntervalLimitRaise object at 0x75b19e10dd50>
  File "/workspaces/F1-Qualifying-Dashboard/.venv/lib/python3.11/site-packages/fastf1/req.py", line 80, in limit
    raise RateLimitExceededError(self._info)
          │                      │    └ 'any API: 500 calls/h'
          │                      └ <fastf1.req._CallsPerIntervalLimitRaise object at 0x75b19e10dd50>
          └ <class 'fastf1.exceptions.RateLimitExceededError'>

fastf1.exceptions.RateLimitExceededError: any API: 500 calls/h
2026-04-02 13:52:22.041 | INFO     | fastf1.core:load:1408 - Loading data for Saudi Arabian Grand Prix - Qualifying [v3.8.2]
2026-04-02 13:52:22.048 | INFO     | fastf1.req:_cached_api_request:457 - No cached data found for session_info. Loading data...
2026-04-02 13:52:22.049 | INFO     | fastf1._api:session_info:1728 - Fetching session info data...
2026-04-02 13:52:22.305 | WARNING  | requests_cache.session:_handle_error:333 - Request for URL https://raw.githubusercontent.com/theOehrly/f1schedule/master/schedule_2023.json failed; using cached response
Traceback (most recent call last):

  File "/workspaces/F1-Qualifying-Dashboard/src/f1_qualifying_dashboard/pipeline/run_ingestion_multiple_years.py", line 50, in <module>
    run_ingestion_multiple(
    └ <function run_ingestion_multiple at 0x75b19de42340>

  File "/workspaces/F1-Qualifying-Dashboard/src/f1_qualifying_dashboard/pipeline/run_ingestion_multiple_years.py", line 39, in run_ingestion_multiple
    df = load_multiple_years_rounds(years, rounds)
         │                          │      └ [1, 2, 3, 4, 5, 6, 7, 8, 9, 10, 11, 12, 13, 14, 15, 16, 17, 18, 19, 20, 21, 22]
         │                          └ [2019, 2020, 2021, 2022, 2023, 2026]
         └ <function load_multiple_years_rounds at 0x75b19d57a520>

  File "/workspaces/F1-Qualifying-Dashboard/src/f1_qualifying_dashboard/ingestion/fastf1_loader_multiple_years.py", line 26, in load_multiple_years_rounds
    df = load_qualifying_data(year, rnd)
         │                    │     └ 3
         │                    └ 2023
         └ <function load_qualifying_data at 0x75b19d57a660>

  File "/workspaces/F1-Qualifying-Dashboard/src/f1_qualifying_dashboard/ingestion/fastf1_loader.py", line 18, in load_qualifying_data
    session = fastf1.get_session(year, round, "Q")
              │      │           │     └ 3
              │      │           └ 2023
              │      └ <function get_session at 0x75b19ea7f920>
              └ <module 'fastf1' from '/workspaces/F1-Qualifying-Dashboard/.venv/lib/python3.11/site-packages/fastf1/__init__.py'>

  File "/workspaces/F1-Qualifying-Dashboard/.venv/lib/python3.11/site-packages/fastf1/events.py", line 118, in get_session
    event = get_event(year, gp, force_ergast=force_ergast, backend=backend)
            │         │     │                │                     └ None
            │         │     │                └ False
            │         │     └ 3
            │         └ 2023
            └ <function get_event at 0x75b19ddd2200>
  File "/workspaces/F1-Qualifying-Dashboard/.venv/lib/python3.11/site-packages/fastf1/events.py", line 213, in get_event
    schedule = get_event_schedule(year=year, include_testing=False,
               │                       └ 2023
               └ <function get_event_schedule at 0x75b19ddd2480>
  File "/workspaces/F1-Qualifying-Dashboard/.venv/lib/python3.11/site-packages/fastf1/events.py", line 325, in get_event_schedule
    schedule = func(year)
               │    └ 2023
               └ <function _get_schedule_ff1 at 0x75b19de17560>
  File "/workspaces/F1-Qualifying-Dashboard/.venv/lib/python3.11/site-packages/fastf1/logger.py", line 112, in __wrapped
    return func(*args, **kwargs)
           │     │       └ {}
           │     └ (2023,)
           └ <function _get_schedule_ff1 at 0x75b19de16f20>
  File "/workspaces/F1-Qualifying-Dashboard/.venv/lib/python3.11/site-packages/fastf1/events.py", line 407, in _get_schedule_ff1
    response = Cache.requests_get(
               │     └ <classmethod(<function Cache.requests_get at 0x75b19e10a5c0>)>
               └ FastF1 cache (4.13 GB) data/cache
  File "/workspaces/F1-Qualifying-Dashboard/.venv/lib/python3.11/site-packages/fastf1/req.py", line 283, in requests_get
    return cls._cached_request('GET', url, **kwargs)
           │   │                      │      └ {'headers': {'User-Agent': 'FastF1/3.8.2'}}
           │   │                      └ 'https://raw.githubusercontent.com/theOehrly/f1schedule/master/schedule_2023.json'
           │   └ <classmethod(<function Cache._cached_request at 0x75b19e10a700>)>
           └ FastF1 cache (4.13 GB) data/cache
  File "/workspaces/F1-Qualifying-Dashboard/.venv/lib/python3.11/site-packages/fastf1/req.py", line 327, in _cached_request
    response = func(url, **kwargs)
               │    │      └ {'headers': {'User-Agent': 'FastF1/3.8.2'}}
               │    └ 'https://raw.githubusercontent.com/theOehrly/f1schedule/master/schedule_2023.json'
               └ <bound method CacheMixin.get of <CachedSession(cache=<SQLiteCache(name=data/cache/fastf1_http_cache)>, settings=CacheSettings...
  File "/workspaces/F1-Qualifying-Dashboard/.venv/lib/python3.11/site-packages/requests_cache/session.py", line 133, in get
    return self.request('GET', url, params=params, **kwargs)
           │    │              │           │         └ {'headers': {'User-Agent': 'FastF1/3.8.2'}, 'allow_redirects': True}
           │    │              │           └ None
           │    │              └ 'https://raw.githubusercontent.com/theOehrly/f1schedule/master/schedule_2023.json'
           │    └ <function CacheMixin.request at 0x75b19e1093a0>
           └ <CachedSession(cache=<SQLiteCache(name=data/cache/fastf1_http_cache)>, settings=CacheSettings(allowable_methods=('GET', 'POST...
  File "/workspaces/F1-Qualifying-Dashboard/.venv/lib/python3.11/site-packages/requests_cache/session.py", line 189, in request
    return super().request(method, url, *args, headers=headers, **kwargs)  # type: ignore
                           │       │     │             │          └ {'params': None, 'allow_redirects': True}
                           │       │     │             └ {'User-Agent': 'FastF1/3.8.2'}
                           │       │     └ ()
                           │       └ 'https://raw.githubusercontent.com/theOehrly/f1schedule/master/schedule_2023.json'
                           └ 'GET'
  File "/workspaces/F1-Qualifying-Dashboard/.venv/lib/python3.11/site-packages/requests/sessions.py", line 592, in request
    resp = self.send(prep, **send_kwargs)
           │    │    │       └ {'timeout': None, 'allow_redirects': True, 'proxies': OrderedDict(), 'stream': False, 'verify': True, 'cert': None}
           │    │    └ <PreparedRequest [GET]>
           │    └ <function CacheMixin.send at 0x75b19e109440>
           └ <CachedSession(cache=<SQLiteCache(name=data/cache/fastf1_http_cache)>, settings=CacheSettings(allowable_methods=('GET', 'POST...
  File "/workspaces/F1-Qualifying-Dashboard/.venv/lib/python3.11/site-packages/requests_cache/session.py", line 253, in send
    response = self._resend(request, actions, cached_response, **kwargs)  # type: ignore
               │    │       │        │        │                  └ {'timeout': None, 'allow_redirects': True, 'proxies': OrderedDict(), 'stream': False, 'verify': True, 'cert': None}
               │    │       │        │        └ CachedResponse(_content=b'{\n  "round_number":{\n    "0":0,\n    "1":1,\n    "2":2,\n    "3":3,\n    "4":4,\n    "5":5,\n    ...
               │    │       │        └ CacheActions(expire_after=datetime.timedelta(seconds=43200), resend_request=True)
               │    │       └ <PreparedRequest [GET]>
               │    └ <function CacheMixin._resend at 0x75b19e109580>
               └ <CachedSession(cache=<SQLiteCache(name=data/cache/fastf1_http_cache)>, settings=CacheSettings(allowable_methods=('GET', 'POST...
> File "/workspaces/F1-Qualifying-Dashboard/.venv/lib/python3.11/site-packages/requests_cache/session.py", line 311, in _resend
    response = self._send_and_cache(request, actions, cached_response, **kwargs)
               │    │               │        │        │                  └ {'timeout': None, 'allow_redirects': True, 'proxies': OrderedDict(), 'stream': False, 'verify': True, 'cert': None}
               │    │               │        │        └ CachedResponse(_content=b'{\n  "round_number":{\n    "0":0,\n    "1":1,\n    "2":2,\n    "3":3,\n    "4":4,\n    "5":5,\n    ...
               │    │               │        └ CacheActions(expire_after=datetime.timedelta(seconds=43200), resend_request=True)
               │    │               └ <PreparedRequest [GET]>
               │    └ <function CacheMixin._send_and_cache at 0x75b19e1094e0>
               └ <CachedSession(cache=<SQLiteCache(name=data/cache/fastf1_http_cache)>, settings=CacheSettings(allowable_methods=('GET', 'POST...
  File "/workspaces/F1-Qualifying-Dashboard/.venv/lib/python3.11/site-packages/requests_cache/session.py", line 279, in _send_and_cache
    response = super().send(request, **kwargs)
                            │          └ {'timeout': None, 'allow_redirects': True, 'proxies': OrderedDict(), 'stream': False, 'verify': True, 'cert': None}
                            └ <PreparedRequest [GET]>
  File "/workspaces/F1-Qualifying-Dashboard/.venv/lib/python3.11/site-packages/fastf1/req.py", line 110, in send
    lim.limit()
    │   └ <function _CallsPerIntervalLimitRaise.limit at 0x75b19e10a200>
    └ <fastf1.req._CallsPerIntervalLimitRaise object at 0x75b19e10dd50>
  File "/workspaces/F1-Qualifying-Dashboard/.venv/lib/python3.11/site-packages/fastf1/req.py", line 80, in limit
    raise RateLimitExceededError(self._info)
          │                      │    └ 'any API: 500 calls/h'
          │                      └ <fastf1.req._CallsPerIntervalLimitRaise object at 0x75b19e10dd50>
          └ <class 'fastf1.exceptions.RateLimitExceededError'>

fastf1.exceptions.RateLimitExceededError: any API: 500 calls/h
2026-04-02 13:52:39.571 | INFO     | fastf1.core:load:1408 - Loading data for Australian Grand Prix - Qualifying [v3.8.2]
2026-04-02 13:52:39.577 | INFO     | fastf1.req:_cached_api_request:457 - No cached data found for session_info. Loading data...
2026-04-02 13:52:39.581 | INFO     | fastf1._api:session_info:1728 - Fetching session info data...
2026-04-02 13:52:39.838 | WARNING  | requests_cache.session:_handle_error:333 - Request for URL https://raw.githubusercontent.com/theOehrly/f1schedule/master/schedule_2023.json failed; using cached response
Traceback (most recent call last):

  File "/workspaces/F1-Qualifying-Dashboard/src/f1_qualifying_dashboard/pipeline/run_ingestion_multiple_years.py", line 50, in <module>
    run_ingestion_multiple(
    └ <function run_ingestion_multiple at 0x75b19de42340>

  File "/workspaces/F1-Qualifying-Dashboard/src/f1_qualifying_dashboard/pipeline/run_ingestion_multiple_years.py", line 39, in run_ingestion_multiple
    df = load_multiple_years_rounds(years, rounds)
         │                          │      └ [1, 2, 3, 4, 5, 6, 7, 8, 9, 10, 11, 12, 13, 14, 15, 16, 17, 18, 19, 20, 21, 22]
         │                          └ [2019, 2020, 2021, 2022, 2023, 2026]
         └ <function load_multiple_years_rounds at 0x75b19d57a520>

  File "/workspaces/F1-Qualifying-Dashboard/src/f1_qualifying_dashboard/ingestion/fastf1_loader_multiple_years.py", line 26, in load_multiple_years_rounds
    df = load_qualifying_data(year, rnd)
         │                    │     └ 4
         │                    └ 2023
         └ <function load_qualifying_data at 0x75b19d57a660>

  File "/workspaces/F1-Qualifying-Dashboard/src/f1_qualifying_dashboard/ingestion/fastf1_loader.py", line 18, in load_qualifying_data
    session = fastf1.get_session(year, round, "Q")
              │      │           │     └ 4
              │      │           └ 2023
              │      └ <function get_session at 0x75b19ea7f920>
              └ <module 'fastf1' from '/workspaces/F1-Qualifying-Dashboard/.venv/lib/python3.11/site-packages/fastf1/__init__.py'>

  File "/workspaces/F1-Qualifying-Dashboard/.venv/lib/python3.11/site-packages/fastf1/events.py", line 118, in get_session
    event = get_event(year, gp, force_ergast=force_ergast, backend=backend)
            │         │     │                │                     └ None
            │         │     │                └ False
            │         │     └ 4
            │         └ 2023
            └ <function get_event at 0x75b19ddd2200>
  File "/workspaces/F1-Qualifying-Dashboard/.venv/lib/python3.11/site-packages/fastf1/events.py", line 213, in get_event
    schedule = get_event_schedule(year=year, include_testing=False,
               │                       └ 2023
               └ <function get_event_schedule at 0x75b19ddd2480>
  File "/workspaces/F1-Qualifying-Dashboard/.venv/lib/python3.11/site-packages/fastf1/events.py", line 325, in get_event_schedule
    schedule = func(year)
               │    └ 2023
               └ <function _get_schedule_ff1 at 0x75b19de17560>
  File "/workspaces/F1-Qualifying-Dashboard/.venv/lib/python3.11/site-packages/fastf1/logger.py", line 112, in __wrapped
    return func(*args, **kwargs)
           │     │       └ {}
           │     └ (2023,)
           └ <function _get_schedule_ff1 at 0x75b19de16f20>
  File "/workspaces/F1-Qualifying-Dashboard/.venv/lib/python3.11/site-packages/fastf1/events.py", line 407, in _get_schedule_ff1
    response = Cache.requests_get(
               │     └ <classmethod(<function Cache.requests_get at 0x75b19e10a5c0>)>
               └ FastF1 cache (4.13 GB) data/cache
  File "/workspaces/F1-Qualifying-Dashboard/.venv/lib/python3.11/site-packages/fastf1/req.py", line 283, in requests_get
    return cls._cached_request('GET', url, **kwargs)
           │   │                      │      └ {'headers': {'User-Agent': 'FastF1/3.8.2'}}
           │   │                      └ 'https://raw.githubusercontent.com/theOehrly/f1schedule/master/schedule_2023.json'
           │   └ <classmethod(<function Cache._cached_request at 0x75b19e10a700>)>
           └ FastF1 cache (4.13 GB) data/cache
  File "/workspaces/F1-Qualifying-Dashboard/.venv/lib/python3.11/site-packages/fastf1/req.py", line 327, in _cached_request
    response = func(url, **kwargs)
               │    │      └ {'headers': {'User-Agent': 'FastF1/3.8.2'}}
               │    └ 'https://raw.githubusercontent.com/theOehrly/f1schedule/master/schedule_2023.json'
               └ <bound method CacheMixin.get of <CachedSession(cache=<SQLiteCache(name=data/cache/fastf1_http_cache)>, settings=CacheSettings...
  File "/workspaces/F1-Qualifying-Dashboard/.venv/lib/python3.11/site-packages/requests_cache/session.py", line 133, in get
    return self.request('GET', url, params=params, **kwargs)
           │    │              │           │         └ {'headers': {'User-Agent': 'FastF1/3.8.2'}, 'allow_redirects': True}
           │    │              │           └ None
           │    │              └ 'https://raw.githubusercontent.com/theOehrly/f1schedule/master/schedule_2023.json'
           │    └ <function CacheMixin.request at 0x75b19e1093a0>
           └ <CachedSession(cache=<SQLiteCache(name=data/cache/fastf1_http_cache)>, settings=CacheSettings(allowable_methods=('GET', 'POST...
  File "/workspaces/F1-Qualifying-Dashboard/.venv/lib/python3.11/site-packages/requests_cache/session.py", line 189, in request
    return super().request(method, url, *args, headers=headers, **kwargs)  # type: ignore
                           │       │     │             │          └ {'params': None, 'allow_redirects': True}
                           │       │     │             └ {'User-Agent': 'FastF1/3.8.2'}
                           │       │     └ ()
                           │       └ 'https://raw.githubusercontent.com/theOehrly/f1schedule/master/schedule_2023.json'
                           └ 'GET'
  File "/workspaces/F1-Qualifying-Dashboard/.venv/lib/python3.11/site-packages/requests/sessions.py", line 592, in request
    resp = self.send(prep, **send_kwargs)
           │    │    │       └ {'timeout': None, 'allow_redirects': True, 'proxies': OrderedDict(), 'stream': False, 'verify': True, 'cert': None}
           │    │    └ <PreparedRequest [GET]>
           │    └ <function CacheMixin.send at 0x75b19e109440>
           └ <CachedSession(cache=<SQLiteCache(name=data/cache/fastf1_http_cache)>, settings=CacheSettings(allowable_methods=('GET', 'POST...
  File "/workspaces/F1-Qualifying-Dashboard/.venv/lib/python3.11/site-packages/requests_cache/session.py", line 253, in send
    response = self._resend(request, actions, cached_response, **kwargs)  # type: ignore
               │    │       │        │        │                  └ {'timeout': None, 'allow_redirects': True, 'proxies': OrderedDict(), 'stream': False, 'verify': True, 'cert': None}
               │    │       │        │        └ CachedResponse(_content=b'{\n  "round_number":{\n    "0":0,\n    "1":1,\n    "2":2,\n    "3":3,\n    "4":4,\n    "5":5,\n    ...
               │    │       │        └ CacheActions(expire_after=datetime.timedelta(seconds=43200), resend_request=True)
               │    │       └ <PreparedRequest [GET]>
               │    └ <function CacheMixin._resend at 0x75b19e109580>
               └ <CachedSession(cache=<SQLiteCache(name=data/cache/fastf1_http_cache)>, settings=CacheSettings(allowable_methods=('GET', 'POST...
> File "/workspaces/F1-Qualifying-Dashboard/.venv/lib/python3.11/site-packages/requests_cache/session.py", line 311, in _resend
    response = self._send_and_cache(request, actions, cached_response, **kwargs)
               │    │               │        │        │                  └ {'timeout': None, 'allow_redirects': True, 'proxies': OrderedDict(), 'stream': False, 'verify': True, 'cert': None}
               │    │               │        │        └ CachedResponse(_content=b'{\n  "round_number":{\n    "0":0,\n    "1":1,\n    "2":2,\n    "3":3,\n    "4":4,\n    "5":5,\n    ...
               │    │               │        └ CacheActions(expire_after=datetime.timedelta(seconds=43200), resend_request=True)
               │    │               └ <PreparedRequest [GET]>
               │    └ <function CacheMixin._send_and_cache at 0x75b19e1094e0>
               └ <CachedSession(cache=<SQLiteCache(name=data/cache/fastf1_http_cache)>, settings=CacheSettings(allowable_methods=('GET', 'POST...
  File "/workspaces/F1-Qualifying-Dashboard/.venv/lib/python3.11/site-packages/requests_cache/session.py", line 279, in _send_and_cache
    response = super().send(request, **kwargs)
                            │          └ {'timeout': None, 'allow_redirects': True, 'proxies': OrderedDict(), 'stream': False, 'verify': True, 'cert': None}
                            └ <PreparedRequest [GET]>
  File "/workspaces/F1-Qualifying-Dashboard/.venv/lib/python3.11/site-packages/fastf1/req.py", line 110, in send
    lim.limit()
    │   └ <function _CallsPerIntervalLimitRaise.limit at 0x75b19e10a200>
    └ <fastf1.req._CallsPerIntervalLimitRaise object at 0x75b19e10dd50>
  File "/workspaces/F1-Qualifying-Dashboard/.venv/lib/python3.11/site-packages/fastf1/req.py", line 80, in limit
    raise RateLimitExceededError(self._info)
          │                      │    └ 'any API: 500 calls/h'
          │                      └ <fastf1.req._CallsPerIntervalLimitRaise object at 0x75b19e10dd50>
          └ <class 'fastf1.exceptions.RateLimitExceededError'>

fastf1.exceptions.RateLimitExceededError: any API: 500 calls/h
2026-04-02 13:52:56.689 | INFO     | fastf1.core:load:1408 - Loading data for Azerbaijan Grand Prix - Qualifying [v3.8.2]
2026-04-02 13:52:56.696 | INFO     | fastf1.req:_cached_api_request:457 - No cached data found for session_info. Loading data...
2026-04-02 13:52:56.697 | INFO     | fastf1._api:session_info:1728 - Fetching session info data...
2026-04-02 13:52:56.954 | WARNING  | requests_cache.session:_handle_error:333 - Request for URL https://raw.githubusercontent.com/theOehrly/f1schedule/master/schedule_2023.json failed; using cached response
Traceback (most recent call last):

  File "/workspaces/F1-Qualifying-Dashboard/src/f1_qualifying_dashboard/pipeline/run_ingestion_multiple_years.py", line 50, in <module>
    run_ingestion_multiple(
    └ <function run_ingestion_multiple at 0x75b19de42340>

  File "/workspaces/F1-Qualifying-Dashboard/src/f1_qualifying_dashboard/pipeline/run_ingestion_multiple_years.py", line 39, in run_ingestion_multiple
    df = load_multiple_years_rounds(years, rounds)
         │                          │      └ [1, 2, 3, 4, 5, 6, 7, 8, 9, 10, 11, 12, 13, 14, 15, 16, 17, 18, 19, 20, 21, 22]
         │                          └ [2019, 2020, 2021, 2022, 2023, 2026]
         └ <function load_multiple_years_rounds at 0x75b19d57a520>

  File "/workspaces/F1-Qualifying-Dashboard/src/f1_qualifying_dashboard/ingestion/fastf1_loader_multiple_years.py", line 26, in load_multiple_years_rounds
    df = load_qualifying_data(year, rnd)
         │                    │     └ 5
         │                    └ 2023
         └ <function load_qualifying_data at 0x75b19d57a660>

  File "/workspaces/F1-Qualifying-Dashboard/src/f1_qualifying_dashboard/ingestion/fastf1_loader.py", line 18, in load_qualifying_data
    session = fastf1.get_session(year, round, "Q")
              │      │           │     └ 5
              │      │           └ 2023
              │      └ <function get_session at 0x75b19ea7f920>
              └ <module 'fastf1' from '/workspaces/F1-Qualifying-Dashboard/.venv/lib/python3.11/site-packages/fastf1/__init__.py'>

  File "/workspaces/F1-Qualifying-Dashboard/.venv/lib/python3.11/site-packages/fastf1/events.py", line 118, in get_session
    event = get_event(year, gp, force_ergast=force_ergast, backend=backend)
            │         │     │                │                     └ None
            │         │     │                └ False
            │         │     └ 5
            │         └ 2023
            └ <function get_event at 0x75b19ddd2200>
  File "/workspaces/F1-Qualifying-Dashboard/.venv/lib/python3.11/site-packages/fastf1/events.py", line 213, in get_event
    schedule = get_event_schedule(year=year, include_testing=False,
               │                       └ 2023
               └ <function get_event_schedule at 0x75b19ddd2480>
  File "/workspaces/F1-Qualifying-Dashboard/.venv/lib/python3.11/site-packages/fastf1/events.py", line 325, in get_event_schedule
    schedule = func(year)
               │    └ 2023
               └ <function _get_schedule_ff1 at 0x75b19de17560>
  File "/workspaces/F1-Qualifying-Dashboard/.venv/lib/python3.11/site-packages/fastf1/logger.py", line 112, in __wrapped
    return func(*args, **kwargs)
           │     │       └ {}
           │     └ (2023,)
           └ <function _get_schedule_ff1 at 0x75b19de16f20>
  File "/workspaces/F1-Qualifying-Dashboard/.venv/lib/python3.11/site-packages/fastf1/events.py", line 407, in _get_schedule_ff1
    response = Cache.requests_get(
               │     └ <classmethod(<function Cache.requests_get at 0x75b19e10a5c0>)>
               └ FastF1 cache (4.13 GB) data/cache
  File "/workspaces/F1-Qualifying-Dashboard/.venv/lib/python3.11/site-packages/fastf1/req.py", line 283, in requests_get
    return cls._cached_request('GET', url, **kwargs)
           │   │                      │      └ {'headers': {'User-Agent': 'FastF1/3.8.2'}}
           │   │                      └ 'https://raw.githubusercontent.com/theOehrly/f1schedule/master/schedule_2023.json'
           │   └ <classmethod(<function Cache._cached_request at 0x75b19e10a700>)>
           └ FastF1 cache (4.13 GB) data/cache
  File "/workspaces/F1-Qualifying-Dashboard/.venv/lib/python3.11/site-packages/fastf1/req.py", line 327, in _cached_request
    response = func(url, **kwargs)
               │    │      └ {'headers': {'User-Agent': 'FastF1/3.8.2'}}
               │    └ 'https://raw.githubusercontent.com/theOehrly/f1schedule/master/schedule_2023.json'
               └ <bound method CacheMixin.get of <CachedSession(cache=<SQLiteCache(name=data/cache/fastf1_http_cache)>, settings=CacheSettings...
  File "/workspaces/F1-Qualifying-Dashboard/.venv/lib/python3.11/site-packages/requests_cache/session.py", line 133, in get
    return self.request('GET', url, params=params, **kwargs)
           │    │              │           │         └ {'headers': {'User-Agent': 'FastF1/3.8.2'}, 'allow_redirects': True}
           │    │              │           └ None
           │    │              └ 'https://raw.githubusercontent.com/theOehrly/f1schedule/master/schedule_2023.json'
           │    └ <function CacheMixin.request at 0x75b19e1093a0>
           └ <CachedSession(cache=<SQLiteCache(name=data/cache/fastf1_http_cache)>, settings=CacheSettings(allowable_methods=('GET', 'POST...
  File "/workspaces/F1-Qualifying-Dashboard/.venv/lib/python3.11/site-packages/requests_cache/session.py", line 189, in request
    return super().request(method, url, *args, headers=headers, **kwargs)  # type: ignore
                           │       │     │             │          └ {'params': None, 'allow_redirects': True}
                           │       │     │             └ {'User-Agent': 'FastF1/3.8.2'}
                           │       │     └ ()
                           │       └ 'https://raw.githubusercontent.com/theOehrly/f1schedule/master/schedule_2023.json'
                           └ 'GET'
  File "/workspaces/F1-Qualifying-Dashboard/.venv/lib/python3.11/site-packages/requests/sessions.py", line 592, in request
    resp = self.send(prep, **send_kwargs)
           │    │    │       └ {'timeout': None, 'allow_redirects': True, 'proxies': OrderedDict(), 'stream': False, 'verify': True, 'cert': None}
           │    │    └ <PreparedRequest [GET]>
           │    └ <function CacheMixin.send at 0x75b19e109440>
           └ <CachedSession(cache=<SQLiteCache(name=data/cache/fastf1_http_cache)>, settings=CacheSettings(allowable_methods=('GET', 'POST...
  File "/workspaces/F1-Qualifying-Dashboard/.venv/lib/python3.11/site-packages/requests_cache/session.py", line 253, in send
    response = self._resend(request, actions, cached_response, **kwargs)  # type: ignore
               │    │       │        │        │                  └ {'timeout': None, 'allow_redirects': True, 'proxies': OrderedDict(), 'stream': False, 'verify': True, 'cert': None}
               │    │       │        │        └ CachedResponse(_content=b'{\n  "round_number":{\n    "0":0,\n    "1":1,\n    "2":2,\n    "3":3,\n    "4":4,\n    "5":5,\n    ...
               │    │       │        └ CacheActions(expire_after=datetime.timedelta(seconds=43200), resend_request=True)
               │    │       └ <PreparedRequest [GET]>
               │    └ <function CacheMixin._resend at 0x75b19e109580>
               └ <CachedSession(cache=<SQLiteCache(name=data/cache/fastf1_http_cache)>, settings=CacheSettings(allowable_methods=('GET', 'POST...
> File "/workspaces/F1-Qualifying-Dashboard/.venv/lib/python3.11/site-packages/requests_cache/session.py", line 311, in _resend
    response = self._send_and_cache(request, actions, cached_response, **kwargs)
               │    │               │        │        │                  └ {'timeout': None, 'allow_redirects': True, 'proxies': OrderedDict(), 'stream': False, 'verify': True, 'cert': None}
               │    │               │        │        └ CachedResponse(_content=b'{\n  "round_number":{\n    "0":0,\n    "1":1,\n    "2":2,\n    "3":3,\n    "4":4,\n    "5":5,\n    ...
               │    │               │        └ CacheActions(expire_after=datetime.timedelta(seconds=43200), resend_request=True)
               │    │               └ <PreparedRequest [GET]>
               │    └ <function CacheMixin._send_and_cache at 0x75b19e1094e0>
               └ <CachedSession(cache=<SQLiteCache(name=data/cache/fastf1_http_cache)>, settings=CacheSettings(allowable_methods=('GET', 'POST...
  File "/workspaces/F1-Qualifying-Dashboard/.venv/lib/python3.11/site-packages/requests_cache/session.py", line 279, in _send_and_cache
    response = super().send(request, **kwargs)
                            │          └ {'timeout': None, 'allow_redirects': True, 'proxies': OrderedDict(), 'stream': False, 'verify': True, 'cert': None}
                            └ <PreparedRequest [GET]>
  File "/workspaces/F1-Qualifying-Dashboard/.venv/lib/python3.11/site-packages/fastf1/req.py", line 110, in send
    lim.limit()
    │   └ <function _CallsPerIntervalLimitRaise.limit at 0x75b19e10a200>
    └ <fastf1.req._CallsPerIntervalLimitRaise object at 0x75b19e10dd50>
  File "/workspaces/F1-Qualifying-Dashboard/.venv/lib/python3.11/site-packages/fastf1/req.py", line 80, in limit
    raise RateLimitExceededError(self._info)
          │                      │    └ 'any API: 500 calls/h'
          │                      └ <fastf1.req._CallsPerIntervalLimitRaise object at 0x75b19e10dd50>
          └ <class 'fastf1.exceptions.RateLimitExceededError'>

fastf1.exceptions.RateLimitExceededError: any API: 500 calls/h
2026-04-02 13:53:14.210 | INFO     | fastf1.core:load:1408 - Loading data for Miami Grand Prix - Qualifying [v3.8.2]
2026-04-02 13:53:14.215 | INFO     | fastf1.req:_cached_api_request:457 - No cached data found for session_info. Loading data...
2026-04-02 13:53:14.216 | INFO     | fastf1._api:session_info:1728 - Fetching session info data...
2026-04-02 13:53:14.474 | WARNING  | requests_cache.session:_handle_error:333 - Request for URL https://raw.githubusercontent.com/theOehrly/f1schedule/master/schedule_2023.json failed; using cached response
Traceback (most recent call last):

  File "/workspaces/F1-Qualifying-Dashboard/src/f1_qualifying_dashboard/pipeline/run_ingestion_multiple_years.py", line 50, in <module>
    run_ingestion_multiple(
    └ <function run_ingestion_multiple at 0x75b19de42340>

  File "/workspaces/F1-Qualifying-Dashboard/src/f1_qualifying_dashboard/pipeline/run_ingestion_multiple_years.py", line 39, in run_ingestion_multiple
    df = load_multiple_years_rounds(years, rounds)
         │                          │      └ [1, 2, 3, 4, 5, 6, 7, 8, 9, 10, 11, 12, 13, 14, 15, 16, 17, 18, 19, 20, 21, 22]
         │                          └ [2019, 2020, 2021, 2022, 2023, 2026]
         └ <function load_multiple_years_rounds at 0x75b19d57a520>

  File "/workspaces/F1-Qualifying-Dashboard/src/f1_qualifying_dashboard/ingestion/fastf1_loader_multiple_years.py", line 26, in load_multiple_years_rounds
    df = load_qualifying_data(year, rnd)
         │                    │     └ 6
         │                    └ 2023
         └ <function load_qualifying_data at 0x75b19d57a660>

  File "/workspaces/F1-Qualifying-Dashboard/src/f1_qualifying_dashboard/ingestion/fastf1_loader.py", line 18, in load_qualifying_data
    session = fastf1.get_session(year, round, "Q")
              │      │           │     └ 6
              │      │           └ 2023
              │      └ <function get_session at 0x75b19ea7f920>
              └ <module 'fastf1' from '/workspaces/F1-Qualifying-Dashboard/.venv/lib/python3.11/site-packages/fastf1/__init__.py'>

  File "/workspaces/F1-Qualifying-Dashboard/.venv/lib/python3.11/site-packages/fastf1/events.py", line 118, in get_session
    event = get_event(year, gp, force_ergast=force_ergast, backend=backend)
            │         │     │                │                     └ None
            │         │     │                └ False
            │         │     └ 6
            │         └ 2023
            └ <function get_event at 0x75b19ddd2200>
  File "/workspaces/F1-Qualifying-Dashboard/.venv/lib/python3.11/site-packages/fastf1/events.py", line 213, in get_event
    schedule = get_event_schedule(year=year, include_testing=False,
               │                       └ 2023
               └ <function get_event_schedule at 0x75b19ddd2480>
  File "/workspaces/F1-Qualifying-Dashboard/.venv/lib/python3.11/site-packages/fastf1/events.py", line 325, in get_event_schedule
    schedule = func(year)
               │    └ 2023
               └ <function _get_schedule_ff1 at 0x75b19de17560>
  File "/workspaces/F1-Qualifying-Dashboard/.venv/lib/python3.11/site-packages/fastf1/logger.py", line 112, in __wrapped
    return func(*args, **kwargs)
           │     │       └ {}
           │     └ (2023,)
           └ <function _get_schedule_ff1 at 0x75b19de16f20>
  File "/workspaces/F1-Qualifying-Dashboard/.venv/lib/python3.11/site-packages/fastf1/events.py", line 407, in _get_schedule_ff1
    response = Cache.requests_get(
               │     └ <classmethod(<function Cache.requests_get at 0x75b19e10a5c0>)>
               └ FastF1 cache (4.13 GB) data/cache
  File "/workspaces/F1-Qualifying-Dashboard/.venv/lib/python3.11/site-packages/fastf1/req.py", line 283, in requests_get
    return cls._cached_request('GET', url, **kwargs)
           │   │                      │      └ {'headers': {'User-Agent': 'FastF1/3.8.2'}}
           │   │                      └ 'https://raw.githubusercontent.com/theOehrly/f1schedule/master/schedule_2023.json'
           │   └ <classmethod(<function Cache._cached_request at 0x75b19e10a700>)>
           └ FastF1 cache (4.13 GB) data/cache
  File "/workspaces/F1-Qualifying-Dashboard/.venv/lib/python3.11/site-packages/fastf1/req.py", line 327, in _cached_request
    response = func(url, **kwargs)
               │    │      └ {'headers': {'User-Agent': 'FastF1/3.8.2'}}
               │    └ 'https://raw.githubusercontent.com/theOehrly/f1schedule/master/schedule_2023.json'
               └ <bound method CacheMixin.get of <CachedSession(cache=<SQLiteCache(name=data/cache/fastf1_http_cache)>, settings=CacheSettings...
  File "/workspaces/F1-Qualifying-Dashboard/.venv/lib/python3.11/site-packages/requests_cache/session.py", line 133, in get
    return self.request('GET', url, params=params, **kwargs)
           │    │              │           │         └ {'headers': {'User-Agent': 'FastF1/3.8.2'}, 'allow_redirects': True}
           │    │              │           └ None
           │    │              └ 'https://raw.githubusercontent.com/theOehrly/f1schedule/master/schedule_2023.json'
           │    └ <function CacheMixin.request at 0x75b19e1093a0>
           └ <CachedSession(cache=<SQLiteCache(name=data/cache/fastf1_http_cache)>, settings=CacheSettings(allowable_methods=('GET', 'POST...
  File "/workspaces/F1-Qualifying-Dashboard/.venv/lib/python3.11/site-packages/requests_cache/session.py", line 189, in request
    return super().request(method, url, *args, headers=headers, **kwargs)  # type: ignore
                           │       │     │             │          └ {'params': None, 'allow_redirects': True}
                           │       │     │             └ {'User-Agent': 'FastF1/3.8.2'}
                           │       │     └ ()
                           │       └ 'https://raw.githubusercontent.com/theOehrly/f1schedule/master/schedule_2023.json'
                           └ 'GET'
  File "/workspaces/F1-Qualifying-Dashboard/.venv/lib/python3.11/site-packages/requests/sessions.py", line 592, in request
    resp = self.send(prep, **send_kwargs)
           │    │    │       └ {'timeout': None, 'allow_redirects': True, 'proxies': OrderedDict(), 'stream': False, 'verify': True, 'cert': None}
           │    │    └ <PreparedRequest [GET]>
           │    └ <function CacheMixin.send at 0x75b19e109440>
           └ <CachedSession(cache=<SQLiteCache(name=data/cache/fastf1_http_cache)>, settings=CacheSettings(allowable_methods=('GET', 'POST...
  File "/workspaces/F1-Qualifying-Dashboard/.venv/lib/python3.11/site-packages/requests_cache/session.py", line 253, in send
    response = self._resend(request, actions, cached_response, **kwargs)  # type: ignore
               │    │       │        │        │                  └ {'timeout': None, 'allow_redirects': True, 'proxies': OrderedDict(), 'stream': False, 'verify': True, 'cert': None}
               │    │       │        │        └ CachedResponse(_content=b'{\n  "round_number":{\n    "0":0,\n    "1":1,\n    "2":2,\n    "3":3,\n    "4":4,\n    "5":5,\n    ...
               │    │       │        └ CacheActions(expire_after=datetime.timedelta(seconds=43200), resend_request=True)
               │    │       └ <PreparedRequest [GET]>
               │    └ <function CacheMixin._resend at 0x75b19e109580>
               └ <CachedSession(cache=<SQLiteCache(name=data/cache/fastf1_http_cache)>, settings=CacheSettings(allowable_methods=('GET', 'POST...
> File "/workspaces/F1-Qualifying-Dashboard/.venv/lib/python3.11/site-packages/requests_cache/session.py", line 311, in _resend
    response = self._send_and_cache(request, actions, cached_response, **kwargs)
               │    │               │        │        │                  └ {'timeout': None, 'allow_redirects': True, 'proxies': OrderedDict(), 'stream': False, 'verify': True, 'cert': None}
               │    │               │        │        └ CachedResponse(_content=b'{\n  "round_number":{\n    "0":0,\n    "1":1,\n    "2":2,\n    "3":3,\n    "4":4,\n    "5":5,\n    ...
               │    │               │        └ CacheActions(expire_after=datetime.timedelta(seconds=43200), resend_request=True)
               │    │               └ <PreparedRequest [GET]>
               │    └ <function CacheMixin._send_and_cache at 0x75b19e1094e0>
               └ <CachedSession(cache=<SQLiteCache(name=data/cache/fastf1_http_cache)>, settings=CacheSettings(allowable_methods=('GET', 'POST...
  File "/workspaces/F1-Qualifying-Dashboard/.venv/lib/python3.11/site-packages/requests_cache/session.py", line 279, in _send_and_cache
    response = super().send(request, **kwargs)
                            │          └ {'timeout': None, 'allow_redirects': True, 'proxies': OrderedDict(), 'stream': False, 'verify': True, 'cert': None}
                            └ <PreparedRequest [GET]>
  File "/workspaces/F1-Qualifying-Dashboard/.venv/lib/python3.11/site-packages/fastf1/req.py", line 110, in send
    lim.limit()
    │   └ <function _CallsPerIntervalLimitRaise.limit at 0x75b19e10a200>
    └ <fastf1.req._CallsPerIntervalLimitRaise object at 0x75b19e10dd50>
  File "/workspaces/F1-Qualifying-Dashboard/.venv/lib/python3.11/site-packages/fastf1/req.py", line 80, in limit
    raise RateLimitExceededError(self._info)
          │                      │    └ 'any API: 500 calls/h'
          │                      └ <fastf1.req._CallsPerIntervalLimitRaise object at 0x75b19e10dd50>
          └ <class 'fastf1.exceptions.RateLimitExceededError'>

fastf1.exceptions.RateLimitExceededError: any API: 500 calls/h
2026-04-02 13:53:31.670 | INFO     | fastf1.core:load:1408 - Loading data for Monaco Grand Prix - Qualifying [v3.8.2]
2026-04-02 13:53:31.676 | INFO     | fastf1.req:_cached_api_request:457 - No cached data found for session_info. Loading data...
2026-04-02 13:53:31.677 | INFO     | fastf1._api:session_info:1728 - Fetching session info data...
2026-04-02 13:53:31.933 | WARNING  | requests_cache.session:_handle_error:333 - Request for URL https://raw.githubusercontent.com/theOehrly/f1schedule/master/schedule_2023.json failed; using cached response
Traceback (most recent call last):

  File "/workspaces/F1-Qualifying-Dashboard/src/f1_qualifying_dashboard/pipeline/run_ingestion_multiple_years.py", line 50, in <module>
    run_ingestion_multiple(
    └ <function run_ingestion_multiple at 0x75b19de42340>

  File "/workspaces/F1-Qualifying-Dashboard/src/f1_qualifying_dashboard/pipeline/run_ingestion_multiple_years.py", line 39, in run_ingestion_multiple
    df = load_multiple_years_rounds(years, rounds)
         │                          │      └ [1, 2, 3, 4, 5, 6, 7, 8, 9, 10, 11, 12, 13, 14, 15, 16, 17, 18, 19, 20, 21, 22]
         │                          └ [2019, 2020, 2021, 2022, 2023, 2026]
         └ <function load_multiple_years_rounds at 0x75b19d57a520>

  File "/workspaces/F1-Qualifying-Dashboard/src/f1_qualifying_dashboard/ingestion/fastf1_loader_multiple_years.py", line 26, in load_multiple_years_rounds
    df = load_qualifying_data(year, rnd)
         │                    │     └ 7
         │                    └ 2023
         └ <function load_qualifying_data at 0x75b19d57a660>

  File "/workspaces/F1-Qualifying-Dashboard/src/f1_qualifying_dashboard/ingestion/fastf1_loader.py", line 18, in load_qualifying_data
    session = fastf1.get_session(year, round, "Q")
              │      │           │     └ 7
              │      │           └ 2023
              │      └ <function get_session at 0x75b19ea7f920>
              └ <module 'fastf1' from '/workspaces/F1-Qualifying-Dashboard/.venv/lib/python3.11/site-packages/fastf1/__init__.py'>

  File "/workspaces/F1-Qualifying-Dashboard/.venv/lib/python3.11/site-packages/fastf1/events.py", line 118, in get_session
    event = get_event(year, gp, force_ergast=force_ergast, backend=backend)
            │         │     │                │                     └ None
            │         │     │                └ False
            │         │     └ 7
            │         └ 2023
            └ <function get_event at 0x75b19ddd2200>
  File "/workspaces/F1-Qualifying-Dashboard/.venv/lib/python3.11/site-packages/fastf1/events.py", line 213, in get_event
    schedule = get_event_schedule(year=year, include_testing=False,
               │                       └ 2023
               └ <function get_event_schedule at 0x75b19ddd2480>
  File "/workspaces/F1-Qualifying-Dashboard/.venv/lib/python3.11/site-packages/fastf1/events.py", line 325, in get_event_schedule
    schedule = func(year)
               │    └ 2023
               └ <function _get_schedule_ff1 at 0x75b19de17560>
  File "/workspaces/F1-Qualifying-Dashboard/.venv/lib/python3.11/site-packages/fastf1/logger.py", line 112, in __wrapped
    return func(*args, **kwargs)
           │     │       └ {}
           │     └ (2023,)
           └ <function _get_schedule_ff1 at 0x75b19de16f20>
  File "/workspaces/F1-Qualifying-Dashboard/.venv/lib/python3.11/site-packages/fastf1/events.py", line 407, in _get_schedule_ff1
    response = Cache.requests_get(
               │     └ <classmethod(<function Cache.requests_get at 0x75b19e10a5c0>)>
               └ FastF1 cache (4.13 GB) data/cache
  File "/workspaces/F1-Qualifying-Dashboard/.venv/lib/python3.11/site-packages/fastf1/req.py", line 283, in requests_get
    return cls._cached_request('GET', url, **kwargs)
           │   │                      │      └ {'headers': {'User-Agent': 'FastF1/3.8.2'}}
           │   │                      └ 'https://raw.githubusercontent.com/theOehrly/f1schedule/master/schedule_2023.json'
           │   └ <classmethod(<function Cache._cached_request at 0x75b19e10a700>)>
           └ FastF1 cache (4.13 GB) data/cache
  File "/workspaces/F1-Qualifying-Dashboard/.venv/lib/python3.11/site-packages/fastf1/req.py", line 327, in _cached_request
    response = func(url, **kwargs)
               │    │      └ {'headers': {'User-Agent': 'FastF1/3.8.2'}}
               │    └ 'https://raw.githubusercontent.com/theOehrly/f1schedule/master/schedule_2023.json'
               └ <bound method CacheMixin.get of <CachedSession(cache=<SQLiteCache(name=data/cache/fastf1_http_cache)>, settings=CacheSettings...
  File "/workspaces/F1-Qualifying-Dashboard/.venv/lib/python3.11/site-packages/requests_cache/session.py", line 133, in get
    return self.request('GET', url, params=params, **kwargs)
           │    │              │           │         └ {'headers': {'User-Agent': 'FastF1/3.8.2'}, 'allow_redirects': True}
           │    │              │           └ None
           │    │              └ 'https://raw.githubusercontent.com/theOehrly/f1schedule/master/schedule_2023.json'
           │    └ <function CacheMixin.request at 0x75b19e1093a0>
           └ <CachedSession(cache=<SQLiteCache(name=data/cache/fastf1_http_cache)>, settings=CacheSettings(allowable_methods=('GET', 'POST...
  File "/workspaces/F1-Qualifying-Dashboard/.venv/lib/python3.11/site-packages/requests_cache/session.py", line 189, in request
    return super().request(method, url, *args, headers=headers, **kwargs)  # type: ignore
                           │       │     │             │          └ {'params': None, 'allow_redirects': True}
                           │       │     │             └ {'User-Agent': 'FastF1/3.8.2'}
                           │       │     └ ()
                           │       └ 'https://raw.githubusercontent.com/theOehrly/f1schedule/master/schedule_2023.json'
                           └ 'GET'
  File "/workspaces/F1-Qualifying-Dashboard/.venv/lib/python3.11/site-packages/requests/sessions.py", line 592, in request
    resp = self.send(prep, **send_kwargs)
           │    │    │       └ {'timeout': None, 'allow_redirects': True, 'proxies': OrderedDict(), 'stream': False, 'verify': True, 'cert': None}
           │    │    └ <PreparedRequest [GET]>
           │    └ <function CacheMixin.send at 0x75b19e109440>
           └ <CachedSession(cache=<SQLiteCache(name=data/cache/fastf1_http_cache)>, settings=CacheSettings(allowable_methods=('GET', 'POST...
  File "/workspaces/F1-Qualifying-Dashboard/.venv/lib/python3.11/site-packages/requests_cache/session.py", line 253, in send
    response = self._resend(request, actions, cached_response, **kwargs)  # type: ignore
               │    │       │        │        │                  └ {'timeout': None, 'allow_redirects': True, 'proxies': OrderedDict(), 'stream': False, 'verify': True, 'cert': None}
               │    │       │        │        └ CachedResponse(_content=b'{\n  "round_number":{\n    "0":0,\n    "1":1,\n    "2":2,\n    "3":3,\n    "4":4,\n    "5":5,\n    ...
               │    │       │        └ CacheActions(expire_after=datetime.timedelta(seconds=43200), resend_request=True)
               │    │       └ <PreparedRequest [GET]>
               │    └ <function CacheMixin._resend at 0x75b19e109580>
               └ <CachedSession(cache=<SQLiteCache(name=data/cache/fastf1_http_cache)>, settings=CacheSettings(allowable_methods=('GET', 'POST...
> File "/workspaces/F1-Qualifying-Dashboard/.venv/lib/python3.11/site-packages/requests_cache/session.py", line 311, in _resend
    response = self._send_and_cache(request, actions, cached_response, **kwargs)
               │    │               │        │        │                  └ {'timeout': None, 'allow_redirects': True, 'proxies': OrderedDict(), 'stream': False, 'verify': True, 'cert': None}
               │    │               │        │        └ CachedResponse(_content=b'{\n  "round_number":{\n    "0":0,\n    "1":1,\n    "2":2,\n    "3":3,\n    "4":4,\n    "5":5,\n    ...
               │    │               │        └ CacheActions(expire_after=datetime.timedelta(seconds=43200), resend_request=True)
               │    │               └ <PreparedRequest [GET]>
               │    └ <function CacheMixin._send_and_cache at 0x75b19e1094e0>
               └ <CachedSession(cache=<SQLiteCache(name=data/cache/fastf1_http_cache)>, settings=CacheSettings(allowable_methods=('GET', 'POST...
  File "/workspaces/F1-Qualifying-Dashboard/.venv/lib/python3.11/site-packages/requests_cache/session.py", line 279, in _send_and_cache
    response = super().send(request, **kwargs)
                            │          └ {'timeout': None, 'allow_redirects': True, 'proxies': OrderedDict(), 'stream': False, 'verify': True, 'cert': None}
                            └ <PreparedRequest [GET]>
  File "/workspaces/F1-Qualifying-Dashboard/.venv/lib/python3.11/site-packages/fastf1/req.py", line 110, in send
    lim.limit()
    │   └ <function _CallsPerIntervalLimitRaise.limit at 0x75b19e10a200>
    └ <fastf1.req._CallsPerIntervalLimitRaise object at 0x75b19e10dd50>
  File "/workspaces/F1-Qualifying-Dashboard/.venv/lib/python3.11/site-packages/fastf1/req.py", line 80, in limit
    raise RateLimitExceededError(self._info)
          │                      │    └ 'any API: 500 calls/h'
          │                      └ <fastf1.req._CallsPerIntervalLimitRaise object at 0x75b19e10dd50>
          └ <class 'fastf1.exceptions.RateLimitExceededError'>

fastf1.exceptions.RateLimitExceededError: any API: 500 calls/h
2026-04-02 13:53:49.863 | INFO     | fastf1.core:load:1408 - Loading data for Spanish Grand Prix - Qualifying [v3.8.2]
2026-04-02 13:53:49.870 | INFO     | fastf1.req:_cached_api_request:457 - No cached data found for session_info. Loading data...
2026-04-02 13:53:49.870 | INFO     | fastf1._api:session_info:1728 - Fetching session info data...
2026-04-02 13:53:50.127 | WARNING  | requests_cache.session:_handle_error:333 - Request for URL https://raw.githubusercontent.com/theOehrly/f1schedule/master/schedule_2023.json failed; using cached response
Traceback (most recent call last):

  File "/workspaces/F1-Qualifying-Dashboard/src/f1_qualifying_dashboard/pipeline/run_ingestion_multiple_years.py", line 50, in <module>
    run_ingestion_multiple(
    └ <function run_ingestion_multiple at 0x75b19de42340>

  File "/workspaces/F1-Qualifying-Dashboard/src/f1_qualifying_dashboard/pipeline/run_ingestion_multiple_years.py", line 39, in run_ingestion_multiple
    df = load_multiple_years_rounds(years, rounds)
         │                          │      └ [1, 2, 3, 4, 5, 6, 7, 8, 9, 10, 11, 12, 13, 14, 15, 16, 17, 18, 19, 20, 21, 22]
         │                          └ [2019, 2020, 2021, 2022, 2023, 2026]
         └ <function load_multiple_years_rounds at 0x75b19d57a520>

  File "/workspaces/F1-Qualifying-Dashboard/src/f1_qualifying_dashboard/ingestion/fastf1_loader_multiple_years.py", line 26, in load_multiple_years_rounds
    df = load_qualifying_data(year, rnd)
         │                    │     └ 8
         │                    └ 2023
         └ <function load_qualifying_data at 0x75b19d57a660>

  File "/workspaces/F1-Qualifying-Dashboard/src/f1_qualifying_dashboard/ingestion/fastf1_loader.py", line 18, in load_qualifying_data
    session = fastf1.get_session(year, round, "Q")
              │      │           │     └ 8
              │      │           └ 2023
              │      └ <function get_session at 0x75b19ea7f920>
              └ <module 'fastf1' from '/workspaces/F1-Qualifying-Dashboard/.venv/lib/python3.11/site-packages/fastf1/__init__.py'>

  File "/workspaces/F1-Qualifying-Dashboard/.venv/lib/python3.11/site-packages/fastf1/events.py", line 118, in get_session
    event = get_event(year, gp, force_ergast=force_ergast, backend=backend)
            │         │     │                │                     └ None
            │         │     │                └ False
            │         │     └ 8
            │         └ 2023
            └ <function get_event at 0x75b19ddd2200>
  File "/workspaces/F1-Qualifying-Dashboard/.venv/lib/python3.11/site-packages/fastf1/events.py", line 213, in get_event
    schedule = get_event_schedule(year=year, include_testing=False,
               │                       └ 2023
               └ <function get_event_schedule at 0x75b19ddd2480>
  File "/workspaces/F1-Qualifying-Dashboard/.venv/lib/python3.11/site-packages/fastf1/events.py", line 325, in get_event_schedule
    schedule = func(year)
               │    └ 2023
               └ <function _get_schedule_ff1 at 0x75b19de17560>
  File "/workspaces/F1-Qualifying-Dashboard/.venv/lib/python3.11/site-packages/fastf1/logger.py", line 112, in __wrapped
    return func(*args, **kwargs)
           │     │       └ {}
           │     └ (2023,)
           └ <function _get_schedule_ff1 at 0x75b19de16f20>
  File "/workspaces/F1-Qualifying-Dashboard/.venv/lib/python3.11/site-packages/fastf1/events.py", line 407, in _get_schedule_ff1
    response = Cache.requests_get(
               │     └ <classmethod(<function Cache.requests_get at 0x75b19e10a5c0>)>
               └ FastF1 cache (4.13 GB) data/cache
  File "/workspaces/F1-Qualifying-Dashboard/.venv/lib/python3.11/site-packages/fastf1/req.py", line 283, in requests_get
    return cls._cached_request('GET', url, **kwargs)
           │   │                      │      └ {'headers': {'User-Agent': 'FastF1/3.8.2'}}
           │   │                      └ 'https://raw.githubusercontent.com/theOehrly/f1schedule/master/schedule_2023.json'
           │   └ <classmethod(<function Cache._cached_request at 0x75b19e10a700>)>
           └ FastF1 cache (4.13 GB) data/cache
  File "/workspaces/F1-Qualifying-Dashboard/.venv/lib/python3.11/site-packages/fastf1/req.py", line 327, in _cached_request
    response = func(url, **kwargs)
               │    │      └ {'headers': {'User-Agent': 'FastF1/3.8.2'}}
               │    └ 'https://raw.githubusercontent.com/theOehrly/f1schedule/master/schedule_2023.json'
               └ <bound method CacheMixin.get of <CachedSession(cache=<SQLiteCache(name=data/cache/fastf1_http_cache)>, settings=CacheSettings...
  File "/workspaces/F1-Qualifying-Dashboard/.venv/lib/python3.11/site-packages/requests_cache/session.py", line 133, in get
    return self.request('GET', url, params=params, **kwargs)
           │    │              │           │         └ {'headers': {'User-Agent': 'FastF1/3.8.2'}, 'allow_redirects': True}
           │    │              │           └ None
           │    │              └ 'https://raw.githubusercontent.com/theOehrly/f1schedule/master/schedule_2023.json'
           │    └ <function CacheMixin.request at 0x75b19e1093a0>
           └ <CachedSession(cache=<SQLiteCache(name=data/cache/fastf1_http_cache)>, settings=CacheSettings(allowable_methods=('GET', 'POST...
  File "/workspaces/F1-Qualifying-Dashboard/.venv/lib/python3.11/site-packages/requests_cache/session.py", line 189, in request
    return super().request(method, url, *args, headers=headers, **kwargs)  # type: ignore
                           │       │     │             │          └ {'params': None, 'allow_redirects': True}
                           │       │     │             └ {'User-Agent': 'FastF1/3.8.2'}
                           │       │     └ ()
                           │       └ 'https://raw.githubusercontent.com/theOehrly/f1schedule/master/schedule_2023.json'
                           └ 'GET'
  File "/workspaces/F1-Qualifying-Dashboard/.venv/lib/python3.11/site-packages/requests/sessions.py", line 592, in request
    resp = self.send(prep, **send_kwargs)
           │    │    │       └ {'timeout': None, 'allow_redirects': True, 'proxies': OrderedDict(), 'stream': False, 'verify': True, 'cert': None}
           │    │    └ <PreparedRequest [GET]>
           │    └ <function CacheMixin.send at 0x75b19e109440>
           └ <CachedSession(cache=<SQLiteCache(name=data/cache/fastf1_http_cache)>, settings=CacheSettings(allowable_methods=('GET', 'POST...
  File "/workspaces/F1-Qualifying-Dashboard/.venv/lib/python3.11/site-packages/requests_cache/session.py", line 253, in send
    response = self._resend(request, actions, cached_response, **kwargs)  # type: ignore
               │    │       │        │        │                  └ {'timeout': None, 'allow_redirects': True, 'proxies': OrderedDict(), 'stream': False, 'verify': True, 'cert': None}
               │    │       │        │        └ CachedResponse(_content=b'{\n  "round_number":{\n    "0":0,\n    "1":1,\n    "2":2,\n    "3":3,\n    "4":4,\n    "5":5,\n    ...
               │    │       │        └ CacheActions(expire_after=datetime.timedelta(seconds=43200), resend_request=True)
               │    │       └ <PreparedRequest [GET]>
               │    └ <function CacheMixin._resend at 0x75b19e109580>
               └ <CachedSession(cache=<SQLiteCache(name=data/cache/fastf1_http_cache)>, settings=CacheSettings(allowable_methods=('GET', 'POST...
> File "/workspaces/F1-Qualifying-Dashboard/.venv/lib/python3.11/site-packages/requests_cache/session.py", line 311, in _resend
    response = self._send_and_cache(request, actions, cached_response, **kwargs)
               │    │               │        │        │                  └ {'timeout': None, 'allow_redirects': True, 'proxies': OrderedDict(), 'stream': False, 'verify': True, 'cert': None}
               │    │               │        │        └ CachedResponse(_content=b'{\n  "round_number":{\n    "0":0,\n    "1":1,\n    "2":2,\n    "3":3,\n    "4":4,\n    "5":5,\n    ...
               │    │               │        └ CacheActions(expire_after=datetime.timedelta(seconds=43200), resend_request=True)
               │    │               └ <PreparedRequest [GET]>
               │    └ <function CacheMixin._send_and_cache at 0x75b19e1094e0>
               └ <CachedSession(cache=<SQLiteCache(name=data/cache/fastf1_http_cache)>, settings=CacheSettings(allowable_methods=('GET', 'POST...
  File "/workspaces/F1-Qualifying-Dashboard/.venv/lib/python3.11/site-packages/requests_cache/session.py", line 279, in _send_and_cache
    response = super().send(request, **kwargs)
                            │          └ {'timeout': None, 'allow_redirects': True, 'proxies': OrderedDict(), 'stream': False, 'verify': True, 'cert': None}
                            └ <PreparedRequest [GET]>
  File "/workspaces/F1-Qualifying-Dashboard/.venv/lib/python3.11/site-packages/fastf1/req.py", line 110, in send
    lim.limit()
    │   └ <function _CallsPerIntervalLimitRaise.limit at 0x75b19e10a200>
    └ <fastf1.req._CallsPerIntervalLimitRaise object at 0x75b19e10dd50>
  File "/workspaces/F1-Qualifying-Dashboard/.venv/lib/python3.11/site-packages/fastf1/req.py", line 80, in limit
    raise RateLimitExceededError(self._info)
          │                      │    └ 'any API: 500 calls/h'
          │                      └ <fastf1.req._CallsPerIntervalLimitRaise object at 0x75b19e10dd50>
          └ <class 'fastf1.exceptions.RateLimitExceededError'>

fastf1.exceptions.RateLimitExceededError: any API: 500 calls/h
2026-04-02 13:54:07.041 | INFO     | fastf1.core:load:1408 - Loading data for Canadian Grand Prix - Qualifying [v3.8.2]
2026-04-02 13:54:07.047 | INFO     | fastf1.req:_cached_api_request:457 - No cached data found for session_info. Loading data...
2026-04-02 13:54:07.048 | INFO     | fastf1._api:session_info:1728 - Fetching session info data...
2026-04-02 13:54:07.304 | WARNING  | requests_cache.session:_handle_error:333 - Request for URL https://raw.githubusercontent.com/theOehrly/f1schedule/master/schedule_2023.json failed; using cached response
Traceback (most recent call last):

  File "/workspaces/F1-Qualifying-Dashboard/src/f1_qualifying_dashboard/pipeline/run_ingestion_multiple_years.py", line 50, in <module>
    run_ingestion_multiple(
    └ <function run_ingestion_multiple at 0x75b19de42340>

  File "/workspaces/F1-Qualifying-Dashboard/src/f1_qualifying_dashboard/pipeline/run_ingestion_multiple_years.py", line 39, in run_ingestion_multiple
    df = load_multiple_years_rounds(years, rounds)
         │                          │      └ [1, 2, 3, 4, 5, 6, 7, 8, 9, 10, 11, 12, 13, 14, 15, 16, 17, 18, 19, 20, 21, 22]
         │                          └ [2019, 2020, 2021, 2022, 2023, 2026]
         └ <function load_multiple_years_rounds at 0x75b19d57a520>

  File "/workspaces/F1-Qualifying-Dashboard/src/f1_qualifying_dashboard/ingestion/fastf1_loader_multiple_years.py", line 26, in load_multiple_years_rounds
    df = load_qualifying_data(year, rnd)
         │                    │     └ 9
         │                    └ 2023
         └ <function load_qualifying_data at 0x75b19d57a660>

  File "/workspaces/F1-Qualifying-Dashboard/src/f1_qualifying_dashboard/ingestion/fastf1_loader.py", line 18, in load_qualifying_data
    session = fastf1.get_session(year, round, "Q")
              │      │           │     └ 9
              │      │           └ 2023
              │      └ <function get_session at 0x75b19ea7f920>
              └ <module 'fastf1' from '/workspaces/F1-Qualifying-Dashboard/.venv/lib/python3.11/site-packages/fastf1/__init__.py'>

  File "/workspaces/F1-Qualifying-Dashboard/.venv/lib/python3.11/site-packages/fastf1/events.py", line 118, in get_session
    event = get_event(year, gp, force_ergast=force_ergast, backend=backend)
            │         │     │                │                     └ None
            │         │     │                └ False
            │         │     └ 9
            │         └ 2023
            └ <function get_event at 0x75b19ddd2200>
  File "/workspaces/F1-Qualifying-Dashboard/.venv/lib/python3.11/site-packages/fastf1/events.py", line 213, in get_event
    schedule = get_event_schedule(year=year, include_testing=False,
               │                       └ 2023
               └ <function get_event_schedule at 0x75b19ddd2480>
  File "/workspaces/F1-Qualifying-Dashboard/.venv/lib/python3.11/site-packages/fastf1/events.py", line 325, in get_event_schedule
    schedule = func(year)
               │    └ 2023
               └ <function _get_schedule_ff1 at 0x75b19de17560>
  File "/workspaces/F1-Qualifying-Dashboard/.venv/lib/python3.11/site-packages/fastf1/logger.py", line 112, in __wrapped
    return func(*args, **kwargs)
           │     │       └ {}
           │     └ (2023,)
           └ <function _get_schedule_ff1 at 0x75b19de16f20>
  File "/workspaces/F1-Qualifying-Dashboard/.venv/lib/python3.11/site-packages/fastf1/events.py", line 407, in _get_schedule_ff1
    response = Cache.requests_get(
               │     └ <classmethod(<function Cache.requests_get at 0x75b19e10a5c0>)>
               └ FastF1 cache (4.13 GB) data/cache
  File "/workspaces/F1-Qualifying-Dashboard/.venv/lib/python3.11/site-packages/fastf1/req.py", line 283, in requests_get
    return cls._cached_request('GET', url, **kwargs)
           │   │                      │      └ {'headers': {'User-Agent': 'FastF1/3.8.2'}}
           │   │                      └ 'https://raw.githubusercontent.com/theOehrly/f1schedule/master/schedule_2023.json'
           │   └ <classmethod(<function Cache._cached_request at 0x75b19e10a700>)>
           └ FastF1 cache (4.13 GB) data/cache
  File "/workspaces/F1-Qualifying-Dashboard/.venv/lib/python3.11/site-packages/fastf1/req.py", line 327, in _cached_request
    response = func(url, **kwargs)
               │    │      └ {'headers': {'User-Agent': 'FastF1/3.8.2'}}
               │    └ 'https://raw.githubusercontent.com/theOehrly/f1schedule/master/schedule_2023.json'
               └ <bound method CacheMixin.get of <CachedSession(cache=<SQLiteCache(name=data/cache/fastf1_http_cache)>, settings=CacheSettings...
  File "/workspaces/F1-Qualifying-Dashboard/.venv/lib/python3.11/site-packages/requests_cache/session.py", line 133, in get
    return self.request('GET', url, params=params, **kwargs)
           │    │              │           │         └ {'headers': {'User-Agent': 'FastF1/3.8.2'}, 'allow_redirects': True}
           │    │              │           └ None
           │    │              └ 'https://raw.githubusercontent.com/theOehrly/f1schedule/master/schedule_2023.json'
           │    └ <function CacheMixin.request at 0x75b19e1093a0>
           └ <CachedSession(cache=<SQLiteCache(name=data/cache/fastf1_http_cache)>, settings=CacheSettings(allowable_methods=('GET', 'POST...
  File "/workspaces/F1-Qualifying-Dashboard/.venv/lib/python3.11/site-packages/requests_cache/session.py", line 189, in request
    return super().request(method, url, *args, headers=headers, **kwargs)  # type: ignore
                           │       │     │             │          └ {'params': None, 'allow_redirects': True}
                           │       │     │             └ {'User-Agent': 'FastF1/3.8.2'}
                           │       │     └ ()
                           │       └ 'https://raw.githubusercontent.com/theOehrly/f1schedule/master/schedule_2023.json'
                           └ 'GET'
  File "/workspaces/F1-Qualifying-Dashboard/.venv/lib/python3.11/site-packages/requests/sessions.py", line 592, in request
    resp = self.send(prep, **send_kwargs)
           │    │    │       └ {'timeout': None, 'allow_redirects': True, 'proxies': OrderedDict(), 'stream': False, 'verify': True, 'cert': None}
           │    │    └ <PreparedRequest [GET]>
           │    └ <function CacheMixin.send at 0x75b19e109440>
           └ <CachedSession(cache=<SQLiteCache(name=data/cache/fastf1_http_cache)>, settings=CacheSettings(allowable_methods=('GET', 'POST...
  File "/workspaces/F1-Qualifying-Dashboard/.venv/lib/python3.11/site-packages/requests_cache/session.py", line 253, in send
    response = self._resend(request, actions, cached_response, **kwargs)  # type: ignore
               │    │       │        │        │                  └ {'timeout': None, 'allow_redirects': True, 'proxies': OrderedDict(), 'stream': False, 'verify': True, 'cert': None}
               │    │       │        │        └ CachedResponse(_content=b'{\n  "round_number":{\n    "0":0,\n    "1":1,\n    "2":2,\n    "3":3,\n    "4":4,\n    "5":5,\n    ...
               │    │       │        └ CacheActions(expire_after=datetime.timedelta(seconds=43200), resend_request=True)
               │    │       └ <PreparedRequest [GET]>
               │    └ <function CacheMixin._resend at 0x75b19e109580>
               └ <CachedSession(cache=<SQLiteCache(name=data/cache/fastf1_http_cache)>, settings=CacheSettings(allowable_methods=('GET', 'POST...
> File "/workspaces/F1-Qualifying-Dashboard/.venv/lib/python3.11/site-packages/requests_cache/session.py", line 311, in _resend
    response = self._send_and_cache(request, actions, cached_response, **kwargs)
               │    │               │        │        │                  └ {'timeout': None, 'allow_redirects': True, 'proxies': OrderedDict(), 'stream': False, 'verify': True, 'cert': None}
               │    │               │        │        └ CachedResponse(_content=b'{\n  "round_number":{\n    "0":0,\n    "1":1,\n    "2":2,\n    "3":3,\n    "4":4,\n    "5":5,\n    ...
               │    │               │        └ CacheActions(expire_after=datetime.timedelta(seconds=43200), resend_request=True)
               │    │               └ <PreparedRequest [GET]>
               │    └ <function CacheMixin._send_and_cache at 0x75b19e1094e0>
               └ <CachedSession(cache=<SQLiteCache(name=data/cache/fastf1_http_cache)>, settings=CacheSettings(allowable_methods=('GET', 'POST...
  File "/workspaces/F1-Qualifying-Dashboard/.venv/lib/python3.11/site-packages/requests_cache/session.py", line 279, in _send_and_cache
    response = super().send(request, **kwargs)
                            │          └ {'timeout': None, 'allow_redirects': True, 'proxies': OrderedDict(), 'stream': False, 'verify': True, 'cert': None}
                            └ <PreparedRequest [GET]>
  File "/workspaces/F1-Qualifying-Dashboard/.venv/lib/python3.11/site-packages/fastf1/req.py", line 110, in send
    lim.limit()
    │   └ <function _CallsPerIntervalLimitRaise.limit at 0x75b19e10a200>
    └ <fastf1.req._CallsPerIntervalLimitRaise object at 0x75b19e10dd50>
  File "/workspaces/F1-Qualifying-Dashboard/.venv/lib/python3.11/site-packages/fastf1/req.py", line 80, in limit
    raise RateLimitExceededError(self._info)
          │                      │    └ 'any API: 500 calls/h'
          │                      └ <fastf1.req._CallsPerIntervalLimitRaise object at 0x75b19e10dd50>
          └ <class 'fastf1.exceptions.RateLimitExceededError'>

fastf1.exceptions.RateLimitExceededError: any API: 500 calls/h
2026-04-02 13:54:24.186 | INFO     | fastf1.core:load:1408 - Loading data for Austrian Grand Prix - Qualifying [v3.8.2]
2026-04-02 13:54:24.192 | INFO     | fastf1.req:_cached_api_request:457 - No cached data found for session_info. Loading data...
2026-04-02 13:54:24.193 | INFO     | fastf1._api:session_info:1728 - Fetching session info data...
2026-04-02 13:54:24.450 | WARNING  | requests_cache.session:_handle_error:333 - Request for URL https://raw.githubusercontent.com/theOehrly/f1schedule/master/schedule_2023.json failed; using cached response
Traceback (most recent call last):

  File "/workspaces/F1-Qualifying-Dashboard/src/f1_qualifying_dashboard/pipeline/run_ingestion_multiple_years.py", line 50, in <module>
    run_ingestion_multiple(
    └ <function run_ingestion_multiple at 0x75b19de42340>

  File "/workspaces/F1-Qualifying-Dashboard/src/f1_qualifying_dashboard/pipeline/run_ingestion_multiple_years.py", line 39, in run_ingestion_multiple
    df = load_multiple_years_rounds(years, rounds)
         │                          │      └ [1, 2, 3, 4, 5, 6, 7, 8, 9, 10, 11, 12, 13, 14, 15, 16, 17, 18, 19, 20, 21, 22]
         │                          └ [2019, 2020, 2021, 2022, 2023, 2026]
         └ <function load_multiple_years_rounds at 0x75b19d57a520>

  File "/workspaces/F1-Qualifying-Dashboard/src/f1_qualifying_dashboard/ingestion/fastf1_loader_multiple_years.py", line 26, in load_multiple_years_rounds
    df = load_qualifying_data(year, rnd)
         │                    │     └ 10
         │                    └ 2023
         └ <function load_qualifying_data at 0x75b19d57a660>

  File "/workspaces/F1-Qualifying-Dashboard/src/f1_qualifying_dashboard/ingestion/fastf1_loader.py", line 18, in load_qualifying_data
    session = fastf1.get_session(year, round, "Q")
              │      │           │     └ 10
              │      │           └ 2023
              │      └ <function get_session at 0x75b19ea7f920>
              └ <module 'fastf1' from '/workspaces/F1-Qualifying-Dashboard/.venv/lib/python3.11/site-packages/fastf1/__init__.py'>

  File "/workspaces/F1-Qualifying-Dashboard/.venv/lib/python3.11/site-packages/fastf1/events.py", line 118, in get_session
    event = get_event(year, gp, force_ergast=force_ergast, backend=backend)
            │         │     │                │                     └ None
            │         │     │                └ False
            │         │     └ 10
            │         └ 2023
            └ <function get_event at 0x75b19ddd2200>
  File "/workspaces/F1-Qualifying-Dashboard/.venv/lib/python3.11/site-packages/fastf1/events.py", line 213, in get_event
    schedule = get_event_schedule(year=year, include_testing=False,
               │                       └ 2023
               └ <function get_event_schedule at 0x75b19ddd2480>
  File "/workspaces/F1-Qualifying-Dashboard/.venv/lib/python3.11/site-packages/fastf1/events.py", line 325, in get_event_schedule
    schedule = func(year)
               │    └ 2023
               └ <function _get_schedule_ff1 at 0x75b19de17560>
  File "/workspaces/F1-Qualifying-Dashboard/.venv/lib/python3.11/site-packages/fastf1/logger.py", line 112, in __wrapped
    return func(*args, **kwargs)
           │     │       └ {}
           │     └ (2023,)
           └ <function _get_schedule_ff1 at 0x75b19de16f20>
  File "/workspaces/F1-Qualifying-Dashboard/.venv/lib/python3.11/site-packages/fastf1/events.py", line 407, in _get_schedule_ff1
    response = Cache.requests_get(
               │     └ <classmethod(<function Cache.requests_get at 0x75b19e10a5c0>)>
               └ FastF1 cache (4.13 GB) data/cache
  File "/workspaces/F1-Qualifying-Dashboard/.venv/lib/python3.11/site-packages/fastf1/req.py", line 283, in requests_get
    return cls._cached_request('GET', url, **kwargs)
           │   │                      │      └ {'headers': {'User-Agent': 'FastF1/3.8.2'}}
           │   │                      └ 'https://raw.githubusercontent.com/theOehrly/f1schedule/master/schedule_2023.json'
           │   └ <classmethod(<function Cache._cached_request at 0x75b19e10a700>)>
           └ FastF1 cache (4.13 GB) data/cache
  File "/workspaces/F1-Qualifying-Dashboard/.venv/lib/python3.11/site-packages/fastf1/req.py", line 327, in _cached_request
    response = func(url, **kwargs)
               │    │      └ {'headers': {'User-Agent': 'FastF1/3.8.2'}}
               │    └ 'https://raw.githubusercontent.com/theOehrly/f1schedule/master/schedule_2023.json'
               └ <bound method CacheMixin.get of <CachedSession(cache=<SQLiteCache(name=data/cache/fastf1_http_cache)>, settings=CacheSettings...
  File "/workspaces/F1-Qualifying-Dashboard/.venv/lib/python3.11/site-packages/requests_cache/session.py", line 133, in get
    return self.request('GET', url, params=params, **kwargs)
           │    │              │           │         └ {'headers': {'User-Agent': 'FastF1/3.8.2'}, 'allow_redirects': True}
           │    │              │           └ None
           │    │              └ 'https://raw.githubusercontent.com/theOehrly/f1schedule/master/schedule_2023.json'
           │    └ <function CacheMixin.request at 0x75b19e1093a0>
           └ <CachedSession(cache=<SQLiteCache(name=data/cache/fastf1_http_cache)>, settings=CacheSettings(allowable_methods=('GET', 'POST...
  File "/workspaces/F1-Qualifying-Dashboard/.venv/lib/python3.11/site-packages/requests_cache/session.py", line 189, in request
    return super().request(method, url, *args, headers=headers, **kwargs)  # type: ignore
                           │       │     │             │          └ {'params': None, 'allow_redirects': True}
                           │       │     │             └ {'User-Agent': 'FastF1/3.8.2'}
                           │       │     └ ()
                           │       └ 'https://raw.githubusercontent.com/theOehrly/f1schedule/master/schedule_2023.json'
                           └ 'GET'
  File "/workspaces/F1-Qualifying-Dashboard/.venv/lib/python3.11/site-packages/requests/sessions.py", line 592, in request
    resp = self.send(prep, **send_kwargs)
           │    │    │       └ {'timeout': None, 'allow_redirects': True, 'proxies': OrderedDict(), 'stream': False, 'verify': True, 'cert': None}
           │    │    └ <PreparedRequest [GET]>
           │    └ <function CacheMixin.send at 0x75b19e109440>
           └ <CachedSession(cache=<SQLiteCache(name=data/cache/fastf1_http_cache)>, settings=CacheSettings(allowable_methods=('GET', 'POST...
  File "/workspaces/F1-Qualifying-Dashboard/.venv/lib/python3.11/site-packages/requests_cache/session.py", line 253, in send
    response = self._resend(request, actions, cached_response, **kwargs)  # type: ignore
               │    │       │        │        │                  └ {'timeout': None, 'allow_redirects': True, 'proxies': OrderedDict(), 'stream': False, 'verify': True, 'cert': None}
               │    │       │        │        └ CachedResponse(_content=b'{\n  "round_number":{\n    "0":0,\n    "1":1,\n    "2":2,\n    "3":3,\n    "4":4,\n    "5":5,\n    ...
               │    │       │        └ CacheActions(expire_after=datetime.timedelta(seconds=43200), resend_request=True)
               │    │       └ <PreparedRequest [GET]>
               │    └ <function CacheMixin._resend at 0x75b19e109580>
               └ <CachedSession(cache=<SQLiteCache(name=data/cache/fastf1_http_cache)>, settings=CacheSettings(allowable_methods=('GET', 'POST...
> File "/workspaces/F1-Qualifying-Dashboard/.venv/lib/python3.11/site-packages/requests_cache/session.py", line 311, in _resend
    response = self._send_and_cache(request, actions, cached_response, **kwargs)
               │    │               │        │        │                  └ {'timeout': None, 'allow_redirects': True, 'proxies': OrderedDict(), 'stream': False, 'verify': True, 'cert': None}
               │    │               │        │        └ CachedResponse(_content=b'{\n  "round_number":{\n    "0":0,\n    "1":1,\n    "2":2,\n    "3":3,\n    "4":4,\n    "5":5,\n    ...
               │    │               │        └ CacheActions(expire_after=datetime.timedelta(seconds=43200), resend_request=True)
               │    │               └ <PreparedRequest [GET]>
               │    └ <function CacheMixin._send_and_cache at 0x75b19e1094e0>
               └ <CachedSession(cache=<SQLiteCache(name=data/cache/fastf1_http_cache)>, settings=CacheSettings(allowable_methods=('GET', 'POST...
  File "/workspaces/F1-Qualifying-Dashboard/.venv/lib/python3.11/site-packages/requests_cache/session.py", line 279, in _send_and_cache
    response = super().send(request, **kwargs)
                            │          └ {'timeout': None, 'allow_redirects': True, 'proxies': OrderedDict(), 'stream': False, 'verify': True, 'cert': None}
                            └ <PreparedRequest [GET]>
  File "/workspaces/F1-Qualifying-Dashboard/.venv/lib/python3.11/site-packages/fastf1/req.py", line 110, in send
    lim.limit()
    │   └ <function _CallsPerIntervalLimitRaise.limit at 0x75b19e10a200>
    └ <fastf1.req._CallsPerIntervalLimitRaise object at 0x75b19e10dd50>
  File "/workspaces/F1-Qualifying-Dashboard/.venv/lib/python3.11/site-packages/fastf1/req.py", line 80, in limit
    raise RateLimitExceededError(self._info)
          │                      │    └ 'any API: 500 calls/h'
          │                      └ <fastf1.req._CallsPerIntervalLimitRaise object at 0x75b19e10dd50>
          └ <class 'fastf1.exceptions.RateLimitExceededError'>

fastf1.exceptions.RateLimitExceededError: any API: 500 calls/h
2026-04-02 13:54:41.775 | INFO     | fastf1.core:load:1408 - Loading data for British Grand Prix - Qualifying [v3.8.2]
2026-04-02 13:54:41.782 | INFO     | fastf1.req:_cached_api_request:457 - No cached data found for session_info. Loading data...
2026-04-02 13:54:41.782 | INFO     | fastf1._api:session_info:1728 - Fetching session info data...
2026-04-02 13:54:42.039 | WARNING  | requests_cache.session:_handle_error:333 - Request for URL https://raw.githubusercontent.com/theOehrly/f1schedule/master/schedule_2023.json failed; using cached response
Traceback (most recent call last):

  File "/workspaces/F1-Qualifying-Dashboard/src/f1_qualifying_dashboard/pipeline/run_ingestion_multiple_years.py", line 50, in <module>
    run_ingestion_multiple(
    └ <function run_ingestion_multiple at 0x75b19de42340>

  File "/workspaces/F1-Qualifying-Dashboard/src/f1_qualifying_dashboard/pipeline/run_ingestion_multiple_years.py", line 39, in run_ingestion_multiple
    df = load_multiple_years_rounds(years, rounds)
         │                          │      └ [1, 2, 3, 4, 5, 6, 7, 8, 9, 10, 11, 12, 13, 14, 15, 16, 17, 18, 19, 20, 21, 22]
         │                          └ [2019, 2020, 2021, 2022, 2023, 2026]
         └ <function load_multiple_years_rounds at 0x75b19d57a520>

  File "/workspaces/F1-Qualifying-Dashboard/src/f1_qualifying_dashboard/ingestion/fastf1_loader_multiple_years.py", line 26, in load_multiple_years_rounds
    df = load_qualifying_data(year, rnd)
         │                    │     └ 11
         │                    └ 2023
         └ <function load_qualifying_data at 0x75b19d57a660>

  File "/workspaces/F1-Qualifying-Dashboard/src/f1_qualifying_dashboard/ingestion/fastf1_loader.py", line 18, in load_qualifying_data
    session = fastf1.get_session(year, round, "Q")
              │      │           │     └ 11
              │      │           └ 2023
              │      └ <function get_session at 0x75b19ea7f920>
              └ <module 'fastf1' from '/workspaces/F1-Qualifying-Dashboard/.venv/lib/python3.11/site-packages/fastf1/__init__.py'>

  File "/workspaces/F1-Qualifying-Dashboard/.venv/lib/python3.11/site-packages/fastf1/events.py", line 118, in get_session
    event = get_event(year, gp, force_ergast=force_ergast, backend=backend)
            │         │     │                │                     └ None
            │         │     │                └ False
            │         │     └ 11
            │         └ 2023
            └ <function get_event at 0x75b19ddd2200>
  File "/workspaces/F1-Qualifying-Dashboard/.venv/lib/python3.11/site-packages/fastf1/events.py", line 213, in get_event
    schedule = get_event_schedule(year=year, include_testing=False,
               │                       └ 2023
               └ <function get_event_schedule at 0x75b19ddd2480>
  File "/workspaces/F1-Qualifying-Dashboard/.venv/lib/python3.11/site-packages/fastf1/events.py", line 325, in get_event_schedule
    schedule = func(year)
               │    └ 2023
               └ <function _get_schedule_ff1 at 0x75b19de17560>
  File "/workspaces/F1-Qualifying-Dashboard/.venv/lib/python3.11/site-packages/fastf1/logger.py", line 112, in __wrapped
    return func(*args, **kwargs)
           │     │       └ {}
           │     └ (2023,)
           └ <function _get_schedule_ff1 at 0x75b19de16f20>
  File "/workspaces/F1-Qualifying-Dashboard/.venv/lib/python3.11/site-packages/fastf1/events.py", line 407, in _get_schedule_ff1
    response = Cache.requests_get(
               │     └ <classmethod(<function Cache.requests_get at 0x75b19e10a5c0>)>
               └ FastF1 cache (4.13 GB) data/cache
  File "/workspaces/F1-Qualifying-Dashboard/.venv/lib/python3.11/site-packages/fastf1/req.py", line 283, in requests_get
    return cls._cached_request('GET', url, **kwargs)
           │   │                      │      └ {'headers': {'User-Agent': 'FastF1/3.8.2'}}
           │   │                      └ 'https://raw.githubusercontent.com/theOehrly/f1schedule/master/schedule_2023.json'
           │   └ <classmethod(<function Cache._cached_request at 0x75b19e10a700>)>
           └ FastF1 cache (4.13 GB) data/cache
  File "/workspaces/F1-Qualifying-Dashboard/.venv/lib/python3.11/site-packages/fastf1/req.py", line 327, in _cached_request
    response = func(url, **kwargs)
               │    │      └ {'headers': {'User-Agent': 'FastF1/3.8.2'}}
               │    └ 'https://raw.githubusercontent.com/theOehrly/f1schedule/master/schedule_2023.json'
               └ <bound method CacheMixin.get of <CachedSession(cache=<SQLiteCache(name=data/cache/fastf1_http_cache)>, settings=CacheSettings...
  File "/workspaces/F1-Qualifying-Dashboard/.venv/lib/python3.11/site-packages/requests_cache/session.py", line 133, in get
    return self.request('GET', url, params=params, **kwargs)
           │    │              │           │         └ {'headers': {'User-Agent': 'FastF1/3.8.2'}, 'allow_redirects': True}
           │    │              │           └ None
           │    │              └ 'https://raw.githubusercontent.com/theOehrly/f1schedule/master/schedule_2023.json'
           │    └ <function CacheMixin.request at 0x75b19e1093a0>
           └ <CachedSession(cache=<SQLiteCache(name=data/cache/fastf1_http_cache)>, settings=CacheSettings(allowable_methods=('GET', 'POST...
  File "/workspaces/F1-Qualifying-Dashboard/.venv/lib/python3.11/site-packages/requests_cache/session.py", line 189, in request
    return super().request(method, url, *args, headers=headers, **kwargs)  # type: ignore
                           │       │     │             │          └ {'params': None, 'allow_redirects': True}
                           │       │     │             └ {'User-Agent': 'FastF1/3.8.2'}
                           │       │     └ ()
                           │       └ 'https://raw.githubusercontent.com/theOehrly/f1schedule/master/schedule_2023.json'
                           └ 'GET'
  File "/workspaces/F1-Qualifying-Dashboard/.venv/lib/python3.11/site-packages/requests/sessions.py", line 592, in request
    resp = self.send(prep, **send_kwargs)
           │    │    │       └ {'timeout': None, 'allow_redirects': True, 'proxies': OrderedDict(), 'stream': False, 'verify': True, 'cert': None}
           │    │    └ <PreparedRequest [GET]>
           │    └ <function CacheMixin.send at 0x75b19e109440>
           └ <CachedSession(cache=<SQLiteCache(name=data/cache/fastf1_http_cache)>, settings=CacheSettings(allowable_methods=('GET', 'POST...
  File "/workspaces/F1-Qualifying-Dashboard/.venv/lib/python3.11/site-packages/requests_cache/session.py", line 253, in send
    response = self._resend(request, actions, cached_response, **kwargs)  # type: ignore
               │    │       │        │        │                  └ {'timeout': None, 'allow_redirects': True, 'proxies': OrderedDict(), 'stream': False, 'verify': True, 'cert': None}
               │    │       │        │        └ CachedResponse(_content=b'{\n  "round_number":{\n    "0":0,\n    "1":1,\n    "2":2,\n    "3":3,\n    "4":4,\n    "5":5,\n    ...
               │    │       │        └ CacheActions(expire_after=datetime.timedelta(seconds=43200), resend_request=True)
               │    │       └ <PreparedRequest [GET]>
               │    └ <function CacheMixin._resend at 0x75b19e109580>
               └ <CachedSession(cache=<SQLiteCache(name=data/cache/fastf1_http_cache)>, settings=CacheSettings(allowable_methods=('GET', 'POST...
> File "/workspaces/F1-Qualifying-Dashboard/.venv/lib/python3.11/site-packages/requests_cache/session.py", line 311, in _resend
    response = self._send_and_cache(request, actions, cached_response, **kwargs)
               │    │               │        │        │                  └ {'timeout': None, 'allow_redirects': True, 'proxies': OrderedDict(), 'stream': False, 'verify': True, 'cert': None}
               │    │               │        │        └ CachedResponse(_content=b'{\n  "round_number":{\n    "0":0,\n    "1":1,\n    "2":2,\n    "3":3,\n    "4":4,\n    "5":5,\n    ...
               │    │               │        └ CacheActions(expire_after=datetime.timedelta(seconds=43200), resend_request=True)
               │    │               └ <PreparedRequest [GET]>
               │    └ <function CacheMixin._send_and_cache at 0x75b19e1094e0>
               └ <CachedSession(cache=<SQLiteCache(name=data/cache/fastf1_http_cache)>, settings=CacheSettings(allowable_methods=('GET', 'POST...
  File "/workspaces/F1-Qualifying-Dashboard/.venv/lib/python3.11/site-packages/requests_cache/session.py", line 279, in _send_and_cache
    response = super().send(request, **kwargs)
                            │          └ {'timeout': None, 'allow_redirects': True, 'proxies': OrderedDict(), 'stream': False, 'verify': True, 'cert': None}
                            └ <PreparedRequest [GET]>
  File "/workspaces/F1-Qualifying-Dashboard/.venv/lib/python3.11/site-packages/fastf1/req.py", line 110, in send
    lim.limit()
    │   └ <function _CallsPerIntervalLimitRaise.limit at 0x75b19e10a200>
    └ <fastf1.req._CallsPerIntervalLimitRaise object at 0x75b19e10dd50>
  File "/workspaces/F1-Qualifying-Dashboard/.venv/lib/python3.11/site-packages/fastf1/req.py", line 80, in limit
    raise RateLimitExceededError(self._info)
          │                      │    └ 'any API: 500 calls/h'
          │                      └ <fastf1.req._CallsPerIntervalLimitRaise object at 0x75b19e10dd50>
          └ <class 'fastf1.exceptions.RateLimitExceededError'>

fastf1.exceptions.RateLimitExceededError: any API: 500 calls/h
2026-04-02 13:54:59.111 | INFO     | fastf1.core:load:1408 - Loading data for Hungarian Grand Prix - Qualifying [v3.8.2]
2026-04-02 13:54:59.118 | INFO     | fastf1.req:_cached_api_request:457 - No cached data found for session_info. Loading data...
2026-04-02 13:54:59.118 | INFO     | fastf1._api:session_info:1728 - Fetching session info data...
2026-04-02 13:54:59.374 | WARNING  | requests_cache.session:_handle_error:333 - Request for URL https://raw.githubusercontent.com/theOehrly/f1schedule/master/schedule_2023.json failed; using cached response
Traceback (most recent call last):

  File "/workspaces/F1-Qualifying-Dashboard/src/f1_qualifying_dashboard/pipeline/run_ingestion_multiple_years.py", line 50, in <module>
    run_ingestion_multiple(
    └ <function run_ingestion_multiple at 0x75b19de42340>

  File "/workspaces/F1-Qualifying-Dashboard/src/f1_qualifying_dashboard/pipeline/run_ingestion_multiple_years.py", line 39, in run_ingestion_multiple
    df = load_multiple_years_rounds(years, rounds)
         │                          │      └ [1, 2, 3, 4, 5, 6, 7, 8, 9, 10, 11, 12, 13, 14, 15, 16, 17, 18, 19, 20, 21, 22]
         │                          └ [2019, 2020, 2021, 2022, 2023, 2026]
         └ <function load_multiple_years_rounds at 0x75b19d57a520>

  File "/workspaces/F1-Qualifying-Dashboard/src/f1_qualifying_dashboard/ingestion/fastf1_loader_multiple_years.py", line 26, in load_multiple_years_rounds
    df = load_qualifying_data(year, rnd)
         │                    │     └ 12
         │                    └ 2023
         └ <function load_qualifying_data at 0x75b19d57a660>

  File "/workspaces/F1-Qualifying-Dashboard/src/f1_qualifying_dashboard/ingestion/fastf1_loader.py", line 18, in load_qualifying_data
    session = fastf1.get_session(year, round, "Q")
              │      │           │     └ 12
              │      │           └ 2023
              │      └ <function get_session at 0x75b19ea7f920>
              └ <module 'fastf1' from '/workspaces/F1-Qualifying-Dashboard/.venv/lib/python3.11/site-packages/fastf1/__init__.py'>

  File "/workspaces/F1-Qualifying-Dashboard/.venv/lib/python3.11/site-packages/fastf1/events.py", line 118, in get_session
    event = get_event(year, gp, force_ergast=force_ergast, backend=backend)
            │         │     │                │                     └ None
            │         │     │                └ False
            │         │     └ 12
            │         └ 2023
            └ <function get_event at 0x75b19ddd2200>
  File "/workspaces/F1-Qualifying-Dashboard/.venv/lib/python3.11/site-packages/fastf1/events.py", line 213, in get_event
    schedule = get_event_schedule(year=year, include_testing=False,
               │                       └ 2023
               └ <function get_event_schedule at 0x75b19ddd2480>
  File "/workspaces/F1-Qualifying-Dashboard/.venv/lib/python3.11/site-packages/fastf1/events.py", line 325, in get_event_schedule
    schedule = func(year)
               │    └ 2023
               └ <function _get_schedule_ff1 at 0x75b19de17560>
  File "/workspaces/F1-Qualifying-Dashboard/.venv/lib/python3.11/site-packages/fastf1/logger.py", line 112, in __wrapped
    return func(*args, **kwargs)
           │     │       └ {}
           │     └ (2023,)
           └ <function _get_schedule_ff1 at 0x75b19de16f20>
  File "/workspaces/F1-Qualifying-Dashboard/.venv/lib/python3.11/site-packages/fastf1/events.py", line 407, in _get_schedule_ff1
    response = Cache.requests_get(
               │     └ <classmethod(<function Cache.requests_get at 0x75b19e10a5c0>)>
               └ FastF1 cache (4.13 GB) data/cache
  File "/workspaces/F1-Qualifying-Dashboard/.venv/lib/python3.11/site-packages/fastf1/req.py", line 283, in requests_get
    return cls._cached_request('GET', url, **kwargs)
           │   │                      │      └ {'headers': {'User-Agent': 'FastF1/3.8.2'}}
           │   │                      └ 'https://raw.githubusercontent.com/theOehrly/f1schedule/master/schedule_2023.json'
           │   └ <classmethod(<function Cache._cached_request at 0x75b19e10a700>)>
           └ FastF1 cache (4.13 GB) data/cache
  File "/workspaces/F1-Qualifying-Dashboard/.venv/lib/python3.11/site-packages/fastf1/req.py", line 327, in _cached_request
    response = func(url, **kwargs)
               │    │      └ {'headers': {'User-Agent': 'FastF1/3.8.2'}}
               │    └ 'https://raw.githubusercontent.com/theOehrly/f1schedule/master/schedule_2023.json'
               └ <bound method CacheMixin.get of <CachedSession(cache=<SQLiteCache(name=data/cache/fastf1_http_cache)>, settings=CacheSettings...
  File "/workspaces/F1-Qualifying-Dashboard/.venv/lib/python3.11/site-packages/requests_cache/session.py", line 133, in get
    return self.request('GET', url, params=params, **kwargs)
           │    │              │           │         └ {'headers': {'User-Agent': 'FastF1/3.8.2'}, 'allow_redirects': True}
           │    │              │           └ None
           │    │              └ 'https://raw.githubusercontent.com/theOehrly/f1schedule/master/schedule_2023.json'
           │    └ <function CacheMixin.request at 0x75b19e1093a0>
           └ <CachedSession(cache=<SQLiteCache(name=data/cache/fastf1_http_cache)>, settings=CacheSettings(allowable_methods=('GET', 'POST...
  File "/workspaces/F1-Qualifying-Dashboard/.venv/lib/python3.11/site-packages/requests_cache/session.py", line 189, in request
    return super().request(method, url, *args, headers=headers, **kwargs)  # type: ignore
                           │       │     │             │          └ {'params': None, 'allow_redirects': True}
                           │       │     │             └ {'User-Agent': 'FastF1/3.8.2'}
                           │       │     └ ()
                           │       └ 'https://raw.githubusercontent.com/theOehrly/f1schedule/master/schedule_2023.json'
                           └ 'GET'
  File "/workspaces/F1-Qualifying-Dashboard/.venv/lib/python3.11/site-packages/requests/sessions.py", line 592, in request
    resp = self.send(prep, **send_kwargs)
           │    │    │       └ {'timeout': None, 'allow_redirects': True, 'proxies': OrderedDict(), 'stream': False, 'verify': True, 'cert': None}
           │    │    └ <PreparedRequest [GET]>
           │    └ <function CacheMixin.send at 0x75b19e109440>
           └ <CachedSession(cache=<SQLiteCache(name=data/cache/fastf1_http_cache)>, settings=CacheSettings(allowable_methods=('GET', 'POST...
  File "/workspaces/F1-Qualifying-Dashboard/.venv/lib/python3.11/site-packages/requests_cache/session.py", line 253, in send
    response = self._resend(request, actions, cached_response, **kwargs)  # type: ignore
               │    │       │        │        │                  └ {'timeout': None, 'allow_redirects': True, 'proxies': OrderedDict(), 'stream': False, 'verify': True, 'cert': None}
               │    │       │        │        └ CachedResponse(_content=b'{\n  "round_number":{\n    "0":0,\n    "1":1,\n    "2":2,\n    "3":3,\n    "4":4,\n    "5":5,\n    ...
               │    │       │        └ CacheActions(expire_after=datetime.timedelta(seconds=43200), resend_request=True)
               │    │       └ <PreparedRequest [GET]>
               │    └ <function CacheMixin._resend at 0x75b19e109580>
               └ <CachedSession(cache=<SQLiteCache(name=data/cache/fastf1_http_cache)>, settings=CacheSettings(allowable_methods=('GET', 'POST...
> File "/workspaces/F1-Qualifying-Dashboard/.venv/lib/python3.11/site-packages/requests_cache/session.py", line 311, in _resend
    response = self._send_and_cache(request, actions, cached_response, **kwargs)
               │    │               │        │        │                  └ {'timeout': None, 'allow_redirects': True, 'proxies': OrderedDict(), 'stream': False, 'verify': True, 'cert': None}
               │    │               │        │        └ CachedResponse(_content=b'{\n  "round_number":{\n    "0":0,\n    "1":1,\n    "2":2,\n    "3":3,\n    "4":4,\n    "5":5,\n    ...
               │    │               │        └ CacheActions(expire_after=datetime.timedelta(seconds=43200), resend_request=True)
               │    │               └ <PreparedRequest [GET]>
               │    └ <function CacheMixin._send_and_cache at 0x75b19e1094e0>
               └ <CachedSession(cache=<SQLiteCache(name=data/cache/fastf1_http_cache)>, settings=CacheSettings(allowable_methods=('GET', 'POST...
  File "/workspaces/F1-Qualifying-Dashboard/.venv/lib/python3.11/site-packages/requests_cache/session.py", line 279, in _send_and_cache
    response = super().send(request, **kwargs)
                            │          └ {'timeout': None, 'allow_redirects': True, 'proxies': OrderedDict(), 'stream': False, 'verify': True, 'cert': None}
                            └ <PreparedRequest [GET]>
  File "/workspaces/F1-Qualifying-Dashboard/.venv/lib/python3.11/site-packages/fastf1/req.py", line 110, in send
    lim.limit()
    │   └ <function _CallsPerIntervalLimitRaise.limit at 0x75b19e10a200>
    └ <fastf1.req._CallsPerIntervalLimitRaise object at 0x75b19e10dd50>
  File "/workspaces/F1-Qualifying-Dashboard/.venv/lib/python3.11/site-packages/fastf1/req.py", line 80, in limit
    raise RateLimitExceededError(self._info)
          │                      │    └ 'any API: 500 calls/h'
          │                      └ <fastf1.req._CallsPerIntervalLimitRaise object at 0x75b19e10dd50>
          └ <class 'fastf1.exceptions.RateLimitExceededError'>

fastf1.exceptions.RateLimitExceededError: any API: 500 calls/h
2026-04-02 13:55:16.301 | INFO     | fastf1.core:load:1408 - Loading data for Belgian Grand Prix - Qualifying [v3.8.2]
2026-04-02 13:55:16.308 | INFO     | fastf1.req:_cached_api_request:457 - No cached data found for session_info. Loading data...
2026-04-02 13:55:16.309 | INFO     | fastf1._api:session_info:1728 - Fetching session info data...
2026-04-02 13:55:16.567 | WARNING  | requests_cache.session:_handle_error:333 - Request for URL https://raw.githubusercontent.com/theOehrly/f1schedule/master/schedule_2023.json failed; using cached response
Traceback (most recent call last):

  File "/workspaces/F1-Qualifying-Dashboard/src/f1_qualifying_dashboard/pipeline/run_ingestion_multiple_years.py", line 50, in <module>
    run_ingestion_multiple(
    └ <function run_ingestion_multiple at 0x75b19de42340>

  File "/workspaces/F1-Qualifying-Dashboard/src/f1_qualifying_dashboard/pipeline/run_ingestion_multiple_years.py", line 39, in run_ingestion_multiple
    df = load_multiple_years_rounds(years, rounds)
         │                          │      └ [1, 2, 3, 4, 5, 6, 7, 8, 9, 10, 11, 12, 13, 14, 15, 16, 17, 18, 19, 20, 21, 22]
         │                          └ [2019, 2020, 2021, 2022, 2023, 2026]
         └ <function load_multiple_years_rounds at 0x75b19d57a520>

  File "/workspaces/F1-Qualifying-Dashboard/src/f1_qualifying_dashboard/ingestion/fastf1_loader_multiple_years.py", line 26, in load_multiple_years_rounds
    df = load_qualifying_data(year, rnd)
         │                    │     └ 13
         │                    └ 2023
         └ <function load_qualifying_data at 0x75b19d57a660>

  File "/workspaces/F1-Qualifying-Dashboard/src/f1_qualifying_dashboard/ingestion/fastf1_loader.py", line 18, in load_qualifying_data
    session = fastf1.get_session(year, round, "Q")
              │      │           │     └ 13
              │      │           └ 2023
              │      └ <function get_session at 0x75b19ea7f920>
              └ <module 'fastf1' from '/workspaces/F1-Qualifying-Dashboard/.venv/lib/python3.11/site-packages/fastf1/__init__.py'>

  File "/workspaces/F1-Qualifying-Dashboard/.venv/lib/python3.11/site-packages/fastf1/events.py", line 118, in get_session
    event = get_event(year, gp, force_ergast=force_ergast, backend=backend)
            │         │     │                │                     └ None
            │         │     │                └ False
            │         │     └ 13
            │         └ 2023
            └ <function get_event at 0x75b19ddd2200>
  File "/workspaces/F1-Qualifying-Dashboard/.venv/lib/python3.11/site-packages/fastf1/events.py", line 213, in get_event
    schedule = get_event_schedule(year=year, include_testing=False,
               │                       └ 2023
               └ <function get_event_schedule at 0x75b19ddd2480>
  File "/workspaces/F1-Qualifying-Dashboard/.venv/lib/python3.11/site-packages/fastf1/events.py", line 325, in get_event_schedule
    schedule = func(year)
               │    └ 2023
               └ <function _get_schedule_ff1 at 0x75b19de17560>
  File "/workspaces/F1-Qualifying-Dashboard/.venv/lib/python3.11/site-packages/fastf1/logger.py", line 112, in __wrapped
    return func(*args, **kwargs)
           │     │       └ {}
           │     └ (2023,)
           └ <function _get_schedule_ff1 at 0x75b19de16f20>
  File "/workspaces/F1-Qualifying-Dashboard/.venv/lib/python3.11/site-packages/fastf1/events.py", line 407, in _get_schedule_ff1
    response = Cache.requests_get(
               │     └ <classmethod(<function Cache.requests_get at 0x75b19e10a5c0>)>
               └ FastF1 cache (4.13 GB) data/cache
  File "/workspaces/F1-Qualifying-Dashboard/.venv/lib/python3.11/site-packages/fastf1/req.py", line 283, in requests_get
    return cls._cached_request('GET', url, **kwargs)
           │   │                      │      └ {'headers': {'User-Agent': 'FastF1/3.8.2'}}
           │   │                      └ 'https://raw.githubusercontent.com/theOehrly/f1schedule/master/schedule_2023.json'
           │   └ <classmethod(<function Cache._cached_request at 0x75b19e10a700>)>
           └ FastF1 cache (4.13 GB) data/cache
  File "/workspaces/F1-Qualifying-Dashboard/.venv/lib/python3.11/site-packages/fastf1/req.py", line 327, in _cached_request
    response = func(url, **kwargs)
               │    │      └ {'headers': {'User-Agent': 'FastF1/3.8.2'}}
               │    └ 'https://raw.githubusercontent.com/theOehrly/f1schedule/master/schedule_2023.json'
               └ <bound method CacheMixin.get of <CachedSession(cache=<SQLiteCache(name=data/cache/fastf1_http_cache)>, settings=CacheSettings...
  File "/workspaces/F1-Qualifying-Dashboard/.venv/lib/python3.11/site-packages/requests_cache/session.py", line 133, in get
    return self.request('GET', url, params=params, **kwargs)
           │    │              │           │         └ {'headers': {'User-Agent': 'FastF1/3.8.2'}, 'allow_redirects': True}
           │    │              │           └ None
           │    │              └ 'https://raw.githubusercontent.com/theOehrly/f1schedule/master/schedule_2023.json'
           │    └ <function CacheMixin.request at 0x75b19e1093a0>
           └ <CachedSession(cache=<SQLiteCache(name=data/cache/fastf1_http_cache)>, settings=CacheSettings(allowable_methods=('GET', 'POST...
  File "/workspaces/F1-Qualifying-Dashboard/.venv/lib/python3.11/site-packages/requests_cache/session.py", line 189, in request
    return super().request(method, url, *args, headers=headers, **kwargs)  # type: ignore
                           │       │     │             │          └ {'params': None, 'allow_redirects': True}
                           │       │     │             └ {'User-Agent': 'FastF1/3.8.2'}
                           │       │     └ ()
                           │       └ 'https://raw.githubusercontent.com/theOehrly/f1schedule/master/schedule_2023.json'
                           └ 'GET'
  File "/workspaces/F1-Qualifying-Dashboard/.venv/lib/python3.11/site-packages/requests/sessions.py", line 592, in request
    resp = self.send(prep, **send_kwargs)
           │    │    │       └ {'timeout': None, 'allow_redirects': True, 'proxies': OrderedDict(), 'stream': False, 'verify': True, 'cert': None}
           │    │    └ <PreparedRequest [GET]>
           │    └ <function CacheMixin.send at 0x75b19e109440>
           └ <CachedSession(cache=<SQLiteCache(name=data/cache/fastf1_http_cache)>, settings=CacheSettings(allowable_methods=('GET', 'POST...
  File "/workspaces/F1-Qualifying-Dashboard/.venv/lib/python3.11/site-packages/requests_cache/session.py", line 253, in send
    response = self._resend(request, actions, cached_response, **kwargs)  # type: ignore
               │    │       │        │        │                  └ {'timeout': None, 'allow_redirects': True, 'proxies': OrderedDict(), 'stream': False, 'verify': True, 'cert': None}
               │    │       │        │        └ CachedResponse(_content=b'{\n  "round_number":{\n    "0":0,\n    "1":1,\n    "2":2,\n    "3":3,\n    "4":4,\n    "5":5,\n    ...
               │    │       │        └ CacheActions(expire_after=datetime.timedelta(seconds=43200), resend_request=True)
               │    │       └ <PreparedRequest [GET]>
               │    └ <function CacheMixin._resend at 0x75b19e109580>
               └ <CachedSession(cache=<SQLiteCache(name=data/cache/fastf1_http_cache)>, settings=CacheSettings(allowable_methods=('GET', 'POST...
> File "/workspaces/F1-Qualifying-Dashboard/.venv/lib/python3.11/site-packages/requests_cache/session.py", line 311, in _resend
    response = self._send_and_cache(request, actions, cached_response, **kwargs)
               │    │               │        │        │                  └ {'timeout': None, 'allow_redirects': True, 'proxies': OrderedDict(), 'stream': False, 'verify': True, 'cert': None}
               │    │               │        │        └ CachedResponse(_content=b'{\n  "round_number":{\n    "0":0,\n    "1":1,\n    "2":2,\n    "3":3,\n    "4":4,\n    "5":5,\n    ...
               │    │               │        └ CacheActions(expire_after=datetime.timedelta(seconds=43200), resend_request=True)
               │    │               └ <PreparedRequest [GET]>
               │    └ <function CacheMixin._send_and_cache at 0x75b19e1094e0>
               └ <CachedSession(cache=<SQLiteCache(name=data/cache/fastf1_http_cache)>, settings=CacheSettings(allowable_methods=('GET', 'POST...
  File "/workspaces/F1-Qualifying-Dashboard/.venv/lib/python3.11/site-packages/requests_cache/session.py", line 279, in _send_and_cache
    response = super().send(request, **kwargs)
                            │          └ {'timeout': None, 'allow_redirects': True, 'proxies': OrderedDict(), 'stream': False, 'verify': True, 'cert': None}
                            └ <PreparedRequest [GET]>
  File "/workspaces/F1-Qualifying-Dashboard/.venv/lib/python3.11/site-packages/fastf1/req.py", line 110, in send
    lim.limit()
    │   └ <function _CallsPerIntervalLimitRaise.limit at 0x75b19e10a200>
    └ <fastf1.req._CallsPerIntervalLimitRaise object at 0x75b19e10dd50>
  File "/workspaces/F1-Qualifying-Dashboard/.venv/lib/python3.11/site-packages/fastf1/req.py", line 80, in limit
    raise RateLimitExceededError(self._info)
          │                      │    └ 'any API: 500 calls/h'
          │                      └ <fastf1.req._CallsPerIntervalLimitRaise object at 0x75b19e10dd50>
          └ <class 'fastf1.exceptions.RateLimitExceededError'>

fastf1.exceptions.RateLimitExceededError: any API: 500 calls/h
2026-04-02 13:55:33.904 | INFO     | fastf1.core:load:1408 - Loading data for Dutch Grand Prix - Qualifying [v3.8.2]
2026-04-02 13:55:33.912 | INFO     | fastf1.req:_cached_api_request:457 - No cached data found for session_info. Loading data...
2026-04-02 13:55:33.913 | INFO     | fastf1._api:session_info:1728 - Fetching session info data...
2026-04-02 13:55:34.171 | WARNING  | requests_cache.session:_handle_error:333 - Request for URL https://raw.githubusercontent.com/theOehrly/f1schedule/master/schedule_2023.json failed; using cached response
Traceback (most recent call last):

  File "/workspaces/F1-Qualifying-Dashboard/src/f1_qualifying_dashboard/pipeline/run_ingestion_multiple_years.py", line 50, in <module>
    run_ingestion_multiple(
    └ <function run_ingestion_multiple at 0x75b19de42340>

  File "/workspaces/F1-Qualifying-Dashboard/src/f1_qualifying_dashboard/pipeline/run_ingestion_multiple_years.py", line 39, in run_ingestion_multiple
    df = load_multiple_years_rounds(years, rounds)
         │                          │      └ [1, 2, 3, 4, 5, 6, 7, 8, 9, 10, 11, 12, 13, 14, 15, 16, 17, 18, 19, 20, 21, 22]
         │                          └ [2019, 2020, 2021, 2022, 2023, 2026]
         └ <function load_multiple_years_rounds at 0x75b19d57a520>

  File "/workspaces/F1-Qualifying-Dashboard/src/f1_qualifying_dashboard/ingestion/fastf1_loader_multiple_years.py", line 26, in load_multiple_years_rounds
    df = load_qualifying_data(year, rnd)
         │                    │     └ 14
         │                    └ 2023
         └ <function load_qualifying_data at 0x75b19d57a660>

  File "/workspaces/F1-Qualifying-Dashboard/src/f1_qualifying_dashboard/ingestion/fastf1_loader.py", line 18, in load_qualifying_data
    session = fastf1.get_session(year, round, "Q")
              │      │           │     └ 14
              │      │           └ 2023
              │      └ <function get_session at 0x75b19ea7f920>
              └ <module 'fastf1' from '/workspaces/F1-Qualifying-Dashboard/.venv/lib/python3.11/site-packages/fastf1/__init__.py'>

  File "/workspaces/F1-Qualifying-Dashboard/.venv/lib/python3.11/site-packages/fastf1/events.py", line 118, in get_session
    event = get_event(year, gp, force_ergast=force_ergast, backend=backend)
            │         │     │                │                     └ None
            │         │     │                └ False
            │         │     └ 14
            │         └ 2023
            └ <function get_event at 0x75b19ddd2200>
  File "/workspaces/F1-Qualifying-Dashboard/.venv/lib/python3.11/site-packages/fastf1/events.py", line 213, in get_event
    schedule = get_event_schedule(year=year, include_testing=False,
               │                       └ 2023
               └ <function get_event_schedule at 0x75b19ddd2480>
  File "/workspaces/F1-Qualifying-Dashboard/.venv/lib/python3.11/site-packages/fastf1/events.py", line 325, in get_event_schedule
    schedule = func(year)
               │    └ 2023
               └ <function _get_schedule_ff1 at 0x75b19de17560>
  File "/workspaces/F1-Qualifying-Dashboard/.venv/lib/python3.11/site-packages/fastf1/logger.py", line 112, in __wrapped
    return func(*args, **kwargs)
           │     │       └ {}
           │     └ (2023,)
           └ <function _get_schedule_ff1 at 0x75b19de16f20>
  File "/workspaces/F1-Qualifying-Dashboard/.venv/lib/python3.11/site-packages/fastf1/events.py", line 407, in _get_schedule_ff1
    response = Cache.requests_get(
               │     └ <classmethod(<function Cache.requests_get at 0x75b19e10a5c0>)>
               └ FastF1 cache (4.13 GB) data/cache
  File "/workspaces/F1-Qualifying-Dashboard/.venv/lib/python3.11/site-packages/fastf1/req.py", line 283, in requests_get
    return cls._cached_request('GET', url, **kwargs)
           │   │                      │      └ {'headers': {'User-Agent': 'FastF1/3.8.2'}}
           │   │                      └ 'https://raw.githubusercontent.com/theOehrly/f1schedule/master/schedule_2023.json'
           │   └ <classmethod(<function Cache._cached_request at 0x75b19e10a700>)>
           └ FastF1 cache (4.13 GB) data/cache
  File "/workspaces/F1-Qualifying-Dashboard/.venv/lib/python3.11/site-packages/fastf1/req.py", line 327, in _cached_request
    response = func(url, **kwargs)
               │    │      └ {'headers': {'User-Agent': 'FastF1/3.8.2'}}
               │    └ 'https://raw.githubusercontent.com/theOehrly/f1schedule/master/schedule_2023.json'
               └ <bound method CacheMixin.get of <CachedSession(cache=<SQLiteCache(name=data/cache/fastf1_http_cache)>, settings=CacheSettings...
  File "/workspaces/F1-Qualifying-Dashboard/.venv/lib/python3.11/site-packages/requests_cache/session.py", line 133, in get
    return self.request('GET', url, params=params, **kwargs)
           │    │              │           │         └ {'headers': {'User-Agent': 'FastF1/3.8.2'}, 'allow_redirects': True}
           │    │              │           └ None
           │    │              └ 'https://raw.githubusercontent.com/theOehrly/f1schedule/master/schedule_2023.json'
           │    └ <function CacheMixin.request at 0x75b19e1093a0>
           └ <CachedSession(cache=<SQLiteCache(name=data/cache/fastf1_http_cache)>, settings=CacheSettings(allowable_methods=('GET', 'POST...
  File "/workspaces/F1-Qualifying-Dashboard/.venv/lib/python3.11/site-packages/requests_cache/session.py", line 189, in request
    return super().request(method, url, *args, headers=headers, **kwargs)  # type: ignore
                           │       │     │             │          └ {'params': None, 'allow_redirects': True}
                           │       │     │             └ {'User-Agent': 'FastF1/3.8.2'}
                           │       │     └ ()
                           │       └ 'https://raw.githubusercontent.com/theOehrly/f1schedule/master/schedule_2023.json'
                           └ 'GET'
  File "/workspaces/F1-Qualifying-Dashboard/.venv/lib/python3.11/site-packages/requests/sessions.py", line 592, in request
    resp = self.send(prep, **send_kwargs)
           │    │    │       └ {'timeout': None, 'allow_redirects': True, 'proxies': OrderedDict(), 'stream': False, 'verify': True, 'cert': None}
           │    │    └ <PreparedRequest [GET]>
           │    └ <function CacheMixin.send at 0x75b19e109440>
           └ <CachedSession(cache=<SQLiteCache(name=data/cache/fastf1_http_cache)>, settings=CacheSettings(allowable_methods=('GET', 'POST...
  File "/workspaces/F1-Qualifying-Dashboard/.venv/lib/python3.11/site-packages/requests_cache/session.py", line 253, in send
    response = self._resend(request, actions, cached_response, **kwargs)  # type: ignore
               │    │       │        │        │                  └ {'timeout': None, 'allow_redirects': True, 'proxies': OrderedDict(), 'stream': False, 'verify': True, 'cert': None}
               │    │       │        │        └ CachedResponse(_content=b'{\n  "round_number":{\n    "0":0,\n    "1":1,\n    "2":2,\n    "3":3,\n    "4":4,\n    "5":5,\n    ...
               │    │       │        └ CacheActions(expire_after=datetime.timedelta(seconds=43200), resend_request=True)
               │    │       └ <PreparedRequest [GET]>
               │    └ <function CacheMixin._resend at 0x75b19e109580>
               └ <CachedSession(cache=<SQLiteCache(name=data/cache/fastf1_http_cache)>, settings=CacheSettings(allowable_methods=('GET', 'POST...
> File "/workspaces/F1-Qualifying-Dashboard/.venv/lib/python3.11/site-packages/requests_cache/session.py", line 311, in _resend
    response = self._send_and_cache(request, actions, cached_response, **kwargs)
               │    │               │        │        │                  └ {'timeout': None, 'allow_redirects': True, 'proxies': OrderedDict(), 'stream': False, 'verify': True, 'cert': None}
               │    │               │        │        └ CachedResponse(_content=b'{\n  "round_number":{\n    "0":0,\n    "1":1,\n    "2":2,\n    "3":3,\n    "4":4,\n    "5":5,\n    ...
               │    │               │        └ CacheActions(expire_after=datetime.timedelta(seconds=43200), resend_request=True)
               │    │               └ <PreparedRequest [GET]>
               │    └ <function CacheMixin._send_and_cache at 0x75b19e1094e0>
               └ <CachedSession(cache=<SQLiteCache(name=data/cache/fastf1_http_cache)>, settings=CacheSettings(allowable_methods=('GET', 'POST...
  File "/workspaces/F1-Qualifying-Dashboard/.venv/lib/python3.11/site-packages/requests_cache/session.py", line 279, in _send_and_cache
    response = super().send(request, **kwargs)
                            │          └ {'timeout': None, 'allow_redirects': True, 'proxies': OrderedDict(), 'stream': False, 'verify': True, 'cert': None}
                            └ <PreparedRequest [GET]>
  File "/workspaces/F1-Qualifying-Dashboard/.venv/lib/python3.11/site-packages/fastf1/req.py", line 110, in send
    lim.limit()
    │   └ <function _CallsPerIntervalLimitRaise.limit at 0x75b19e10a200>
    └ <fastf1.req._CallsPerIntervalLimitRaise object at 0x75b19e10dd50>
  File "/workspaces/F1-Qualifying-Dashboard/.venv/lib/python3.11/site-packages/fastf1/req.py", line 80, in limit
    raise RateLimitExceededError(self._info)
          │                      │    └ 'any API: 500 calls/h'
          │                      └ <fastf1.req._CallsPerIntervalLimitRaise object at 0x75b19e10dd50>
          └ <class 'fastf1.exceptions.RateLimitExceededError'>

fastf1.exceptions.RateLimitExceededError: any API: 500 calls/h
2026-04-02 13:55:51.400 | INFO     | fastf1.core:load:1408 - Loading data for Italian Grand Prix - Qualifying [v3.8.2]
2026-04-02 13:55:51.407 | INFO     | fastf1.req:_cached_api_request:457 - No cached data found for session_info. Loading data...
2026-04-02 13:55:51.408 | INFO     | fastf1._api:session_info:1728 - Fetching session info data...
2026-04-02 13:55:51.665 | WARNING  | requests_cache.session:_handle_error:333 - Request for URL https://raw.githubusercontent.com/theOehrly/f1schedule/master/schedule_2023.json failed; using cached response
Traceback (most recent call last):

  File "/workspaces/F1-Qualifying-Dashboard/src/f1_qualifying_dashboard/pipeline/run_ingestion_multiple_years.py", line 50, in <module>
    run_ingestion_multiple(
    └ <function run_ingestion_multiple at 0x75b19de42340>

  File "/workspaces/F1-Qualifying-Dashboard/src/f1_qualifying_dashboard/pipeline/run_ingestion_multiple_years.py", line 39, in run_ingestion_multiple
    df = load_multiple_years_rounds(years, rounds)
         │                          │      └ [1, 2, 3, 4, 5, 6, 7, 8, 9, 10, 11, 12, 13, 14, 15, 16, 17, 18, 19, 20, 21, 22]
         │                          └ [2019, 2020, 2021, 2022, 2023, 2026]
         └ <function load_multiple_years_rounds at 0x75b19d57a520>

  File "/workspaces/F1-Qualifying-Dashboard/src/f1_qualifying_dashboard/ingestion/fastf1_loader_multiple_years.py", line 26, in load_multiple_years_rounds
    df = load_qualifying_data(year, rnd)
         │                    │     └ 15
         │                    └ 2023
         └ <function load_qualifying_data at 0x75b19d57a660>

  File "/workspaces/F1-Qualifying-Dashboard/src/f1_qualifying_dashboard/ingestion/fastf1_loader.py", line 18, in load_qualifying_data
    session = fastf1.get_session(year, round, "Q")
              │      │           │     └ 15
              │      │           └ 2023
              │      └ <function get_session at 0x75b19ea7f920>
              └ <module 'fastf1' from '/workspaces/F1-Qualifying-Dashboard/.venv/lib/python3.11/site-packages/fastf1/__init__.py'>

  File "/workspaces/F1-Qualifying-Dashboard/.venv/lib/python3.11/site-packages/fastf1/events.py", line 118, in get_session
    event = get_event(year, gp, force_ergast=force_ergast, backend=backend)
            │         │     │                │                     └ None
            │         │     │                └ False
            │         │     └ 15
            │         └ 2023
            └ <function get_event at 0x75b19ddd2200>
  File "/workspaces/F1-Qualifying-Dashboard/.venv/lib/python3.11/site-packages/fastf1/events.py", line 213, in get_event
    schedule = get_event_schedule(year=year, include_testing=False,
               │                       └ 2023
               └ <function get_event_schedule at 0x75b19ddd2480>
  File "/workspaces/F1-Qualifying-Dashboard/.venv/lib/python3.11/site-packages/fastf1/events.py", line 325, in get_event_schedule
    schedule = func(year)
               │    └ 2023
               └ <function _get_schedule_ff1 at 0x75b19de17560>
  File "/workspaces/F1-Qualifying-Dashboard/.venv/lib/python3.11/site-packages/fastf1/logger.py", line 112, in __wrapped
    return func(*args, **kwargs)
           │     │       └ {}
           │     └ (2023,)
           └ <function _get_schedule_ff1 at 0x75b19de16f20>
  File "/workspaces/F1-Qualifying-Dashboard/.venv/lib/python3.11/site-packages/fastf1/events.py", line 407, in _get_schedule_ff1
    response = Cache.requests_get(
               │     └ <classmethod(<function Cache.requests_get at 0x75b19e10a5c0>)>
               └ FastF1 cache (4.13 GB) data/cache
  File "/workspaces/F1-Qualifying-Dashboard/.venv/lib/python3.11/site-packages/fastf1/req.py", line 283, in requests_get
    return cls._cached_request('GET', url, **kwargs)
           │   │                      │      └ {'headers': {'User-Agent': 'FastF1/3.8.2'}}
           │   │                      └ 'https://raw.githubusercontent.com/theOehrly/f1schedule/master/schedule_2023.json'
           │   └ <classmethod(<function Cache._cached_request at 0x75b19e10a700>)>
           └ FastF1 cache (4.13 GB) data/cache
  File "/workspaces/F1-Qualifying-Dashboard/.venv/lib/python3.11/site-packages/fastf1/req.py", line 327, in _cached_request
    response = func(url, **kwargs)
               │    │      └ {'headers': {'User-Agent': 'FastF1/3.8.2'}}
               │    └ 'https://raw.githubusercontent.com/theOehrly/f1schedule/master/schedule_2023.json'
               └ <bound method CacheMixin.get of <CachedSession(cache=<SQLiteCache(name=data/cache/fastf1_http_cache)>, settings=CacheSettings...
  File "/workspaces/F1-Qualifying-Dashboard/.venv/lib/python3.11/site-packages/requests_cache/session.py", line 133, in get
    return self.request('GET', url, params=params, **kwargs)
           │    │              │           │         └ {'headers': {'User-Agent': 'FastF1/3.8.2'}, 'allow_redirects': True}
           │    │              │           └ None
           │    │              └ 'https://raw.githubusercontent.com/theOehrly/f1schedule/master/schedule_2023.json'
           │    └ <function CacheMixin.request at 0x75b19e1093a0>
           └ <CachedSession(cache=<SQLiteCache(name=data/cache/fastf1_http_cache)>, settings=CacheSettings(allowable_methods=('GET', 'POST...
  File "/workspaces/F1-Qualifying-Dashboard/.venv/lib/python3.11/site-packages/requests_cache/session.py", line 189, in request
    return super().request(method, url, *args, headers=headers, **kwargs)  # type: ignore
                           │       │     │             │          └ {'params': None, 'allow_redirects': True}
                           │       │     │             └ {'User-Agent': 'FastF1/3.8.2'}
                           │       │     └ ()
                           │       └ 'https://raw.githubusercontent.com/theOehrly/f1schedule/master/schedule_2023.json'
                           └ 'GET'
  File "/workspaces/F1-Qualifying-Dashboard/.venv/lib/python3.11/site-packages/requests/sessions.py", line 592, in request
    resp = self.send(prep, **send_kwargs)
           │    │    │       └ {'timeout': None, 'allow_redirects': True, 'proxies': OrderedDict(), 'stream': False, 'verify': True, 'cert': None}
           │    │    └ <PreparedRequest [GET]>
           │    └ <function CacheMixin.send at 0x75b19e109440>
           └ <CachedSession(cache=<SQLiteCache(name=data/cache/fastf1_http_cache)>, settings=CacheSettings(allowable_methods=('GET', 'POST...
  File "/workspaces/F1-Qualifying-Dashboard/.venv/lib/python3.11/site-packages/requests_cache/session.py", line 253, in send
    response = self._resend(request, actions, cached_response, **kwargs)  # type: ignore
               │    │       │        │        │                  └ {'timeout': None, 'allow_redirects': True, 'proxies': OrderedDict(), 'stream': False, 'verify': True, 'cert': None}
               │    │       │        │        └ CachedResponse(_content=b'{\n  "round_number":{\n    "0":0,\n    "1":1,\n    "2":2,\n    "3":3,\n    "4":4,\n    "5":5,\n    ...
               │    │       │        └ CacheActions(expire_after=datetime.timedelta(seconds=43200), resend_request=True)
               │    │       └ <PreparedRequest [GET]>
               │    └ <function CacheMixin._resend at 0x75b19e109580>
               └ <CachedSession(cache=<SQLiteCache(name=data/cache/fastf1_http_cache)>, settings=CacheSettings(allowable_methods=('GET', 'POST...
> File "/workspaces/F1-Qualifying-Dashboard/.venv/lib/python3.11/site-packages/requests_cache/session.py", line 311, in _resend
    response = self._send_and_cache(request, actions, cached_response, **kwargs)
               │    │               │        │        │                  └ {'timeout': None, 'allow_redirects': True, 'proxies': OrderedDict(), 'stream': False, 'verify': True, 'cert': None}
               │    │               │        │        └ CachedResponse(_content=b'{\n  "round_number":{\n    "0":0,\n    "1":1,\n    "2":2,\n    "3":3,\n    "4":4,\n    "5":5,\n    ...
               │    │               │        └ CacheActions(expire_after=datetime.timedelta(seconds=43200), resend_request=True)
               │    │               └ <PreparedRequest [GET]>
               │    └ <function CacheMixin._send_and_cache at 0x75b19e1094e0>
               └ <CachedSession(cache=<SQLiteCache(name=data/cache/fastf1_http_cache)>, settings=CacheSettings(allowable_methods=('GET', 'POST...
  File "/workspaces/F1-Qualifying-Dashboard/.venv/lib/python3.11/site-packages/requests_cache/session.py", line 279, in _send_and_cache
    response = super().send(request, **kwargs)
                            │          └ {'timeout': None, 'allow_redirects': True, 'proxies': OrderedDict(), 'stream': False, 'verify': True, 'cert': None}
                            └ <PreparedRequest [GET]>
  File "/workspaces/F1-Qualifying-Dashboard/.venv/lib/python3.11/site-packages/fastf1/req.py", line 110, in send
    lim.limit()
    │   └ <function _CallsPerIntervalLimitRaise.limit at 0x75b19e10a200>
    └ <fastf1.req._CallsPerIntervalLimitRaise object at 0x75b19e10dd50>
  File "/workspaces/F1-Qualifying-Dashboard/.venv/lib/python3.11/site-packages/fastf1/req.py", line 80, in limit
    raise RateLimitExceededError(self._info)
          │                      │    └ 'any API: 500 calls/h'
          │                      └ <fastf1.req._CallsPerIntervalLimitRaise object at 0x75b19e10dd50>
          └ <class 'fastf1.exceptions.RateLimitExceededError'>

fastf1.exceptions.RateLimitExceededError: any API: 500 calls/h
2026-04-02 13:56:09.046 | INFO     | fastf1.core:load:1408 - Loading data for Singapore Grand Prix - Qualifying [v3.8.2]
2026-04-02 13:56:09.052 | INFO     | fastf1.req:_cached_api_request:457 - No cached data found for session_info. Loading data...
2026-04-02 13:56:09.052 | INFO     | fastf1._api:session_info:1728 - Fetching session info data...
2026-04-02 13:56:09.309 | WARNING  | requests_cache.session:_handle_error:333 - Request for URL https://raw.githubusercontent.com/theOehrly/f1schedule/master/schedule_2023.json failed; using cached response
Traceback (most recent call last):

  File "/workspaces/F1-Qualifying-Dashboard/src/f1_qualifying_dashboard/pipeline/run_ingestion_multiple_years.py", line 50, in <module>
    run_ingestion_multiple(
    └ <function run_ingestion_multiple at 0x75b19de42340>

  File "/workspaces/F1-Qualifying-Dashboard/src/f1_qualifying_dashboard/pipeline/run_ingestion_multiple_years.py", line 39, in run_ingestion_multiple
    df = load_multiple_years_rounds(years, rounds)
         │                          │      └ [1, 2, 3, 4, 5, 6, 7, 8, 9, 10, 11, 12, 13, 14, 15, 16, 17, 18, 19, 20, 21, 22]
         │                          └ [2019, 2020, 2021, 2022, 2023, 2026]
         └ <function load_multiple_years_rounds at 0x75b19d57a520>

  File "/workspaces/F1-Qualifying-Dashboard/src/f1_qualifying_dashboard/ingestion/fastf1_loader_multiple_years.py", line 26, in load_multiple_years_rounds
    df = load_qualifying_data(year, rnd)
         │                    │     └ 16
         │                    └ 2023
         └ <function load_qualifying_data at 0x75b19d57a660>

  File "/workspaces/F1-Qualifying-Dashboard/src/f1_qualifying_dashboard/ingestion/fastf1_loader.py", line 18, in load_qualifying_data
    session = fastf1.get_session(year, round, "Q")
              │      │           │     └ 16
              │      │           └ 2023
              │      └ <function get_session at 0x75b19ea7f920>
              └ <module 'fastf1' from '/workspaces/F1-Qualifying-Dashboard/.venv/lib/python3.11/site-packages/fastf1/__init__.py'>

  File "/workspaces/F1-Qualifying-Dashboard/.venv/lib/python3.11/site-packages/fastf1/events.py", line 118, in get_session
    event = get_event(year, gp, force_ergast=force_ergast, backend=backend)
            │         │     │                │                     └ None
            │         │     │                └ False
            │         │     └ 16
            │         └ 2023
            └ <function get_event at 0x75b19ddd2200>
  File "/workspaces/F1-Qualifying-Dashboard/.venv/lib/python3.11/site-packages/fastf1/events.py", line 213, in get_event
    schedule = get_event_schedule(year=year, include_testing=False,
               │                       └ 2023
               └ <function get_event_schedule at 0x75b19ddd2480>
  File "/workspaces/F1-Qualifying-Dashboard/.venv/lib/python3.11/site-packages/fastf1/events.py", line 325, in get_event_schedule
    schedule = func(year)
               │    └ 2023
               └ <function _get_schedule_ff1 at 0x75b19de17560>
  File "/workspaces/F1-Qualifying-Dashboard/.venv/lib/python3.11/site-packages/fastf1/logger.py", line 112, in __wrapped
    return func(*args, **kwargs)
           │     │       └ {}
           │     └ (2023,)
           └ <function _get_schedule_ff1 at 0x75b19de16f20>
  File "/workspaces/F1-Qualifying-Dashboard/.venv/lib/python3.11/site-packages/fastf1/events.py", line 407, in _get_schedule_ff1
    response = Cache.requests_get(
               │     └ <classmethod(<function Cache.requests_get at 0x75b19e10a5c0>)>
               └ FastF1 cache (4.13 GB) data/cache
  File "/workspaces/F1-Qualifying-Dashboard/.venv/lib/python3.11/site-packages/fastf1/req.py", line 283, in requests_get
    return cls._cached_request('GET', url, **kwargs)
           │   │                      │      └ {'headers': {'User-Agent': 'FastF1/3.8.2'}}
           │   │                      └ 'https://raw.githubusercontent.com/theOehrly/f1schedule/master/schedule_2023.json'
           │   └ <classmethod(<function Cache._cached_request at 0x75b19e10a700>)>
           └ FastF1 cache (4.13 GB) data/cache
  File "/workspaces/F1-Qualifying-Dashboard/.venv/lib/python3.11/site-packages/fastf1/req.py", line 327, in _cached_request
    response = func(url, **kwargs)
               │    │      └ {'headers': {'User-Agent': 'FastF1/3.8.2'}}
               │    └ 'https://raw.githubusercontent.com/theOehrly/f1schedule/master/schedule_2023.json'
               └ <bound method CacheMixin.get of <CachedSession(cache=<SQLiteCache(name=data/cache/fastf1_http_cache)>, settings=CacheSettings...
  File "/workspaces/F1-Qualifying-Dashboard/.venv/lib/python3.11/site-packages/requests_cache/session.py", line 133, in get
    return self.request('GET', url, params=params, **kwargs)
           │    │              │           │         └ {'headers': {'User-Agent': 'FastF1/3.8.2'}, 'allow_redirects': True}
           │    │              │           └ None
           │    │              └ 'https://raw.githubusercontent.com/theOehrly/f1schedule/master/schedule_2023.json'
           │    └ <function CacheMixin.request at 0x75b19e1093a0>
           └ <CachedSession(cache=<SQLiteCache(name=data/cache/fastf1_http_cache)>, settings=CacheSettings(allowable_methods=('GET', 'POST...
  File "/workspaces/F1-Qualifying-Dashboard/.venv/lib/python3.11/site-packages/requests_cache/session.py", line 189, in request
    return super().request(method, url, *args, headers=headers, **kwargs)  # type: ignore
                           │       │     │             │          └ {'params': None, 'allow_redirects': True}
                           │       │     │             └ {'User-Agent': 'FastF1/3.8.2'}
                           │       │     └ ()
                           │       └ 'https://raw.githubusercontent.com/theOehrly/f1schedule/master/schedule_2023.json'
                           └ 'GET'
  File "/workspaces/F1-Qualifying-Dashboard/.venv/lib/python3.11/site-packages/requests/sessions.py", line 592, in request
    resp = self.send(prep, **send_kwargs)
           │    │    │       └ {'timeout': None, 'allow_redirects': True, 'proxies': OrderedDict(), 'stream': False, 'verify': True, 'cert': None}
           │    │    └ <PreparedRequest [GET]>
           │    └ <function CacheMixin.send at 0x75b19e109440>
           └ <CachedSession(cache=<SQLiteCache(name=data/cache/fastf1_http_cache)>, settings=CacheSettings(allowable_methods=('GET', 'POST...
  File "/workspaces/F1-Qualifying-Dashboard/.venv/lib/python3.11/site-packages/requests_cache/session.py", line 253, in send
    response = self._resend(request, actions, cached_response, **kwargs)  # type: ignore
               │    │       │        │        │                  └ {'timeout': None, 'allow_redirects': True, 'proxies': OrderedDict(), 'stream': False, 'verify': True, 'cert': None}
               │    │       │        │        └ CachedResponse(_content=b'{\n  "round_number":{\n    "0":0,\n    "1":1,\n    "2":2,\n    "3":3,\n    "4":4,\n    "5":5,\n    ...
               │    │       │        └ CacheActions(expire_after=datetime.timedelta(seconds=43200), resend_request=True)
               │    │       └ <PreparedRequest [GET]>
               │    └ <function CacheMixin._resend at 0x75b19e109580>
               └ <CachedSession(cache=<SQLiteCache(name=data/cache/fastf1_http_cache)>, settings=CacheSettings(allowable_methods=('GET', 'POST...
> File "/workspaces/F1-Qualifying-Dashboard/.venv/lib/python3.11/site-packages/requests_cache/session.py", line 311, in _resend
    response = self._send_and_cache(request, actions, cached_response, **kwargs)
               │    │               │        │        │                  └ {'timeout': None, 'allow_redirects': True, 'proxies': OrderedDict(), 'stream': False, 'verify': True, 'cert': None}
               │    │               │        │        └ CachedResponse(_content=b'{\n  "round_number":{\n    "0":0,\n    "1":1,\n    "2":2,\n    "3":3,\n    "4":4,\n    "5":5,\n    ...
               │    │               │        └ CacheActions(expire_after=datetime.timedelta(seconds=43200), resend_request=True)
               │    │               └ <PreparedRequest [GET]>
               │    └ <function CacheMixin._send_and_cache at 0x75b19e1094e0>
               └ <CachedSession(cache=<SQLiteCache(name=data/cache/fastf1_http_cache)>, settings=CacheSettings(allowable_methods=('GET', 'POST...
  File "/workspaces/F1-Qualifying-Dashboard/.venv/lib/python3.11/site-packages/requests_cache/session.py", line 279, in _send_and_cache
    response = super().send(request, **kwargs)
                            │          └ {'timeout': None, 'allow_redirects': True, 'proxies': OrderedDict(), 'stream': False, 'verify': True, 'cert': None}
                            └ <PreparedRequest [GET]>
  File "/workspaces/F1-Qualifying-Dashboard/.venv/lib/python3.11/site-packages/fastf1/req.py", line 110, in send
    lim.limit()
    │   └ <function _CallsPerIntervalLimitRaise.limit at 0x75b19e10a200>
    └ <fastf1.req._CallsPerIntervalLimitRaise object at 0x75b19e10dd50>
  File "/workspaces/F1-Qualifying-Dashboard/.venv/lib/python3.11/site-packages/fastf1/req.py", line 80, in limit
    raise RateLimitExceededError(self._info)
          │                      │    └ 'any API: 500 calls/h'
          │                      └ <fastf1.req._CallsPerIntervalLimitRaise object at 0x75b19e10dd50>
          └ <class 'fastf1.exceptions.RateLimitExceededError'>

fastf1.exceptions.RateLimitExceededError: any API: 500 calls/h
2026-04-02 13:56:26.327 | INFO     | fastf1.core:load:1408 - Loading data for Japanese Grand Prix - Qualifying [v3.8.2]
2026-04-02 13:56:26.334 | INFO     | fastf1.req:_cached_api_request:457 - No cached data found for session_info. Loading data...
2026-04-02 13:56:26.341 | INFO     | fastf1._api:session_info:1728 - Fetching session info data...
2026-04-02 13:56:26.598 | WARNING  | requests_cache.session:_handle_error:333 - Request for URL https://raw.githubusercontent.com/theOehrly/f1schedule/master/schedule_2023.json failed; using cached response
Traceback (most recent call last):

  File "/workspaces/F1-Qualifying-Dashboard/src/f1_qualifying_dashboard/pipeline/run_ingestion_multiple_years.py", line 50, in <module>
    run_ingestion_multiple(
    └ <function run_ingestion_multiple at 0x75b19de42340>

  File "/workspaces/F1-Qualifying-Dashboard/src/f1_qualifying_dashboard/pipeline/run_ingestion_multiple_years.py", line 39, in run_ingestion_multiple
    df = load_multiple_years_rounds(years, rounds)
         │                          │      └ [1, 2, 3, 4, 5, 6, 7, 8, 9, 10, 11, 12, 13, 14, 15, 16, 17, 18, 19, 20, 21, 22]
         │                          └ [2019, 2020, 2021, 2022, 2023, 2026]
         └ <function load_multiple_years_rounds at 0x75b19d57a520>

  File "/workspaces/F1-Qualifying-Dashboard/src/f1_qualifying_dashboard/ingestion/fastf1_loader_multiple_years.py", line 26, in load_multiple_years_rounds
    df = load_qualifying_data(year, rnd)
         │                    │     └ 17
         │                    └ 2023
         └ <function load_qualifying_data at 0x75b19d57a660>

  File "/workspaces/F1-Qualifying-Dashboard/src/f1_qualifying_dashboard/ingestion/fastf1_loader.py", line 18, in load_qualifying_data
    session = fastf1.get_session(year, round, "Q")
              │      │           │     └ 17
              │      │           └ 2023
              │      └ <function get_session at 0x75b19ea7f920>
              └ <module 'fastf1' from '/workspaces/F1-Qualifying-Dashboard/.venv/lib/python3.11/site-packages/fastf1/__init__.py'>

  File "/workspaces/F1-Qualifying-Dashboard/.venv/lib/python3.11/site-packages/fastf1/events.py", line 118, in get_session
    event = get_event(year, gp, force_ergast=force_ergast, backend=backend)
            │         │     │                │                     └ None
            │         │     │                └ False
            │         │     └ 17
            │         └ 2023
            └ <function get_event at 0x75b19ddd2200>
  File "/workspaces/F1-Qualifying-Dashboard/.venv/lib/python3.11/site-packages/fastf1/events.py", line 213, in get_event
    schedule = get_event_schedule(year=year, include_testing=False,
               │                       └ 2023
               └ <function get_event_schedule at 0x75b19ddd2480>
  File "/workspaces/F1-Qualifying-Dashboard/.venv/lib/python3.11/site-packages/fastf1/events.py", line 325, in get_event_schedule
    schedule = func(year)
               │    └ 2023
               └ <function _get_schedule_ff1 at 0x75b19de17560>
  File "/workspaces/F1-Qualifying-Dashboard/.venv/lib/python3.11/site-packages/fastf1/logger.py", line 112, in __wrapped
    return func(*args, **kwargs)
           │     │       └ {}
           │     └ (2023,)
           └ <function _get_schedule_ff1 at 0x75b19de16f20>
  File "/workspaces/F1-Qualifying-Dashboard/.venv/lib/python3.11/site-packages/fastf1/events.py", line 407, in _get_schedule_ff1
    response = Cache.requests_get(
               │     └ <classmethod(<function Cache.requests_get at 0x75b19e10a5c0>)>
               └ FastF1 cache (4.13 GB) data/cache
  File "/workspaces/F1-Qualifying-Dashboard/.venv/lib/python3.11/site-packages/fastf1/req.py", line 283, in requests_get
    return cls._cached_request('GET', url, **kwargs)
           │   │                      │      └ {'headers': {'User-Agent': 'FastF1/3.8.2'}}
           │   │                      └ 'https://raw.githubusercontent.com/theOehrly/f1schedule/master/schedule_2023.json'
           │   └ <classmethod(<function Cache._cached_request at 0x75b19e10a700>)>
           └ FastF1 cache (4.13 GB) data/cache
  File "/workspaces/F1-Qualifying-Dashboard/.venv/lib/python3.11/site-packages/fastf1/req.py", line 327, in _cached_request
    response = func(url, **kwargs)
               │    │      └ {'headers': {'User-Agent': 'FastF1/3.8.2'}}
               │    └ 'https://raw.githubusercontent.com/theOehrly/f1schedule/master/schedule_2023.json'
               └ <bound method CacheMixin.get of <CachedSession(cache=<SQLiteCache(name=data/cache/fastf1_http_cache)>, settings=CacheSettings...
  File "/workspaces/F1-Qualifying-Dashboard/.venv/lib/python3.11/site-packages/requests_cache/session.py", line 133, in get
    return self.request('GET', url, params=params, **kwargs)
           │    │              │           │         └ {'headers': {'User-Agent': 'FastF1/3.8.2'}, 'allow_redirects': True}
           │    │              │           └ None
           │    │              └ 'https://raw.githubusercontent.com/theOehrly/f1schedule/master/schedule_2023.json'
           │    └ <function CacheMixin.request at 0x75b19e1093a0>
           └ <CachedSession(cache=<SQLiteCache(name=data/cache/fastf1_http_cache)>, settings=CacheSettings(allowable_methods=('GET', 'POST...
  File "/workspaces/F1-Qualifying-Dashboard/.venv/lib/python3.11/site-packages/requests_cache/session.py", line 189, in request
    return super().request(method, url, *args, headers=headers, **kwargs)  # type: ignore
                           │       │     │             │          └ {'params': None, 'allow_redirects': True}
                           │       │     │             └ {'User-Agent': 'FastF1/3.8.2'}
                           │       │     └ ()
                           │       └ 'https://raw.githubusercontent.com/theOehrly/f1schedule/master/schedule_2023.json'
                           └ 'GET'
  File "/workspaces/F1-Qualifying-Dashboard/.venv/lib/python3.11/site-packages/requests/sessions.py", line 592, in request
    resp = self.send(prep, **send_kwargs)
           │    │    │       └ {'timeout': None, 'allow_redirects': True, 'proxies': OrderedDict(), 'stream': False, 'verify': True, 'cert': None}
           │    │    └ <PreparedRequest [GET]>
           │    └ <function CacheMixin.send at 0x75b19e109440>
           └ <CachedSession(cache=<SQLiteCache(name=data/cache/fastf1_http_cache)>, settings=CacheSettings(allowable_methods=('GET', 'POST...
  File "/workspaces/F1-Qualifying-Dashboard/.venv/lib/python3.11/site-packages/requests_cache/session.py", line 253, in send
    response = self._resend(request, actions, cached_response, **kwargs)  # type: ignore
               │    │       │        │        │                  └ {'timeout': None, 'allow_redirects': True, 'proxies': OrderedDict(), 'stream': False, 'verify': True, 'cert': None}
               │    │       │        │        └ CachedResponse(_content=b'{\n  "round_number":{\n    "0":0,\n    "1":1,\n    "2":2,\n    "3":3,\n    "4":4,\n    "5":5,\n    ...
               │    │       │        └ CacheActions(expire_after=datetime.timedelta(seconds=43200), resend_request=True)
               │    │       └ <PreparedRequest [GET]>
               │    └ <function CacheMixin._resend at 0x75b19e109580>
               └ <CachedSession(cache=<SQLiteCache(name=data/cache/fastf1_http_cache)>, settings=CacheSettings(allowable_methods=('GET', 'POST...
> File "/workspaces/F1-Qualifying-Dashboard/.venv/lib/python3.11/site-packages/requests_cache/session.py", line 311, in _resend
    response = self._send_and_cache(request, actions, cached_response, **kwargs)
               │    │               │        │        │                  └ {'timeout': None, 'allow_redirects': True, 'proxies': OrderedDict(), 'stream': False, 'verify': True, 'cert': None}
               │    │               │        │        └ CachedResponse(_content=b'{\n  "round_number":{\n    "0":0,\n    "1":1,\n    "2":2,\n    "3":3,\n    "4":4,\n    "5":5,\n    ...
               │    │               │        └ CacheActions(expire_after=datetime.timedelta(seconds=43200), resend_request=True)
               │    │               └ <PreparedRequest [GET]>
               │    └ <function CacheMixin._send_and_cache at 0x75b19e1094e0>
               └ <CachedSession(cache=<SQLiteCache(name=data/cache/fastf1_http_cache)>, settings=CacheSettings(allowable_methods=('GET', 'POST...
  File "/workspaces/F1-Qualifying-Dashboard/.venv/lib/python3.11/site-packages/requests_cache/session.py", line 279, in _send_and_cache
    response = super().send(request, **kwargs)
                            │          └ {'timeout': None, 'allow_redirects': True, 'proxies': OrderedDict(), 'stream': False, 'verify': True, 'cert': None}
                            └ <PreparedRequest [GET]>
  File "/workspaces/F1-Qualifying-Dashboard/.venv/lib/python3.11/site-packages/fastf1/req.py", line 110, in send
    lim.limit()
    │   └ <function _CallsPerIntervalLimitRaise.limit at 0x75b19e10a200>
    └ <fastf1.req._CallsPerIntervalLimitRaise object at 0x75b19e10dd50>
  File "/workspaces/F1-Qualifying-Dashboard/.venv/lib/python3.11/site-packages/fastf1/req.py", line 80, in limit
    raise RateLimitExceededError(self._info)
          │                      │    └ 'any API: 500 calls/h'
          │                      └ <fastf1.req._CallsPerIntervalLimitRaise object at 0x75b19e10dd50>
          └ <class 'fastf1.exceptions.RateLimitExceededError'>

fastf1.exceptions.RateLimitExceededError: any API: 500 calls/h
2026-04-02 13:56:43.536 | INFO     | fastf1.core:load:1408 - Loading data for Qatar Grand Prix - Qualifying [v3.8.2]
2026-04-02 13:56:43.543 | INFO     | fastf1.req:_cached_api_request:457 - No cached data found for session_info. Loading data...
2026-04-02 13:56:43.544 | INFO     | fastf1._api:session_info:1728 - Fetching session info data...
2026-04-02 13:56:43.801 | WARNING  | requests_cache.session:_handle_error:333 - Request for URL https://raw.githubusercontent.com/theOehrly/f1schedule/master/schedule_2023.json failed; using cached response
Traceback (most recent call last):

  File "/workspaces/F1-Qualifying-Dashboard/src/f1_qualifying_dashboard/pipeline/run_ingestion_multiple_years.py", line 50, in <module>
    run_ingestion_multiple(
    └ <function run_ingestion_multiple at 0x75b19de42340>

  File "/workspaces/F1-Qualifying-Dashboard/src/f1_qualifying_dashboard/pipeline/run_ingestion_multiple_years.py", line 39, in run_ingestion_multiple
    df = load_multiple_years_rounds(years, rounds)
         │                          │      └ [1, 2, 3, 4, 5, 6, 7, 8, 9, 10, 11, 12, 13, 14, 15, 16, 17, 18, 19, 20, 21, 22]
         │                          └ [2019, 2020, 2021, 2022, 2023, 2026]
         └ <function load_multiple_years_rounds at 0x75b19d57a520>

  File "/workspaces/F1-Qualifying-Dashboard/src/f1_qualifying_dashboard/ingestion/fastf1_loader_multiple_years.py", line 26, in load_multiple_years_rounds
    df = load_qualifying_data(year, rnd)
         │                    │     └ 18
         │                    └ 2023
         └ <function load_qualifying_data at 0x75b19d57a660>

  File "/workspaces/F1-Qualifying-Dashboard/src/f1_qualifying_dashboard/ingestion/fastf1_loader.py", line 18, in load_qualifying_data
    session = fastf1.get_session(year, round, "Q")
              │      │           │     └ 18
              │      │           └ 2023
              │      └ <function get_session at 0x75b19ea7f920>
              └ <module 'fastf1' from '/workspaces/F1-Qualifying-Dashboard/.venv/lib/python3.11/site-packages/fastf1/__init__.py'>

  File "/workspaces/F1-Qualifying-Dashboard/.venv/lib/python3.11/site-packages/fastf1/events.py", line 118, in get_session
    event = get_event(year, gp, force_ergast=force_ergast, backend=backend)
            │         │     │                │                     └ None
            │         │     │                └ False
            │         │     └ 18
            │         └ 2023
            └ <function get_event at 0x75b19ddd2200>
  File "/workspaces/F1-Qualifying-Dashboard/.venv/lib/python3.11/site-packages/fastf1/events.py", line 213, in get_event
    schedule = get_event_schedule(year=year, include_testing=False,
               │                       └ 2023
               └ <function get_event_schedule at 0x75b19ddd2480>
  File "/workspaces/F1-Qualifying-Dashboard/.venv/lib/python3.11/site-packages/fastf1/events.py", line 325, in get_event_schedule
    schedule = func(year)
               │    └ 2023
               └ <function _get_schedule_ff1 at 0x75b19de17560>
  File "/workspaces/F1-Qualifying-Dashboard/.venv/lib/python3.11/site-packages/fastf1/logger.py", line 112, in __wrapped
    return func(*args, **kwargs)
           │     │       └ {}
           │     └ (2023,)
           └ <function _get_schedule_ff1 at 0x75b19de16f20>
  File "/workspaces/F1-Qualifying-Dashboard/.venv/lib/python3.11/site-packages/fastf1/events.py", line 407, in _get_schedule_ff1
    response = Cache.requests_get(
               │     └ <classmethod(<function Cache.requests_get at 0x75b19e10a5c0>)>
               └ FastF1 cache (4.13 GB) data/cache
  File "/workspaces/F1-Qualifying-Dashboard/.venv/lib/python3.11/site-packages/fastf1/req.py", line 283, in requests_get
    return cls._cached_request('GET', url, **kwargs)
           │   │                      │      └ {'headers': {'User-Agent': 'FastF1/3.8.2'}}
           │   │                      └ 'https://raw.githubusercontent.com/theOehrly/f1schedule/master/schedule_2023.json'
           │   └ <classmethod(<function Cache._cached_request at 0x75b19e10a700>)>
           └ FastF1 cache (4.13 GB) data/cache
  File "/workspaces/F1-Qualifying-Dashboard/.venv/lib/python3.11/site-packages/fastf1/req.py", line 327, in _cached_request
    response = func(url, **kwargs)
               │    │      └ {'headers': {'User-Agent': 'FastF1/3.8.2'}}
               │    └ 'https://raw.githubusercontent.com/theOehrly/f1schedule/master/schedule_2023.json'
               └ <bound method CacheMixin.get of <CachedSession(cache=<SQLiteCache(name=data/cache/fastf1_http_cache)>, settings=CacheSettings...
  File "/workspaces/F1-Qualifying-Dashboard/.venv/lib/python3.11/site-packages/requests_cache/session.py", line 133, in get
    return self.request('GET', url, params=params, **kwargs)
           │    │              │           │         └ {'headers': {'User-Agent': 'FastF1/3.8.2'}, 'allow_redirects': True}
           │    │              │           └ None
           │    │              └ 'https://raw.githubusercontent.com/theOehrly/f1schedule/master/schedule_2023.json'
           │    └ <function CacheMixin.request at 0x75b19e1093a0>
           └ <CachedSession(cache=<SQLiteCache(name=data/cache/fastf1_http_cache)>, settings=CacheSettings(allowable_methods=('GET', 'POST...
  File "/workspaces/F1-Qualifying-Dashboard/.venv/lib/python3.11/site-packages/requests_cache/session.py", line 189, in request
    return super().request(method, url, *args, headers=headers, **kwargs)  # type: ignore
                           │       │     │             │          └ {'params': None, 'allow_redirects': True}
                           │       │     │             └ {'User-Agent': 'FastF1/3.8.2'}
                           │       │     └ ()
                           │       └ 'https://raw.githubusercontent.com/theOehrly/f1schedule/master/schedule_2023.json'
                           └ 'GET'
  File "/workspaces/F1-Qualifying-Dashboard/.venv/lib/python3.11/site-packages/requests/sessions.py", line 592, in request
    resp = self.send(prep, **send_kwargs)
           │    │    │       └ {'timeout': None, 'allow_redirects': True, 'proxies': OrderedDict(), 'stream': False, 'verify': True, 'cert': None}
           │    │    └ <PreparedRequest [GET]>
           │    └ <function CacheMixin.send at 0x75b19e109440>
           └ <CachedSession(cache=<SQLiteCache(name=data/cache/fastf1_http_cache)>, settings=CacheSettings(allowable_methods=('GET', 'POST...
  File "/workspaces/F1-Qualifying-Dashboard/.venv/lib/python3.11/site-packages/requests_cache/session.py", line 253, in send
    response = self._resend(request, actions, cached_response, **kwargs)  # type: ignore
               │    │       │        │        │                  └ {'timeout': None, 'allow_redirects': True, 'proxies': OrderedDict(), 'stream': False, 'verify': True, 'cert': None}
               │    │       │        │        └ CachedResponse(_content=b'{\n  "round_number":{\n    "0":0,\n    "1":1,\n    "2":2,\n    "3":3,\n    "4":4,\n    "5":5,\n    ...
               │    │       │        └ CacheActions(expire_after=datetime.timedelta(seconds=43200), resend_request=True)
               │    │       └ <PreparedRequest [GET]>
               │    └ <function CacheMixin._resend at 0x75b19e109580>
               └ <CachedSession(cache=<SQLiteCache(name=data/cache/fastf1_http_cache)>, settings=CacheSettings(allowable_methods=('GET', 'POST...
> File "/workspaces/F1-Qualifying-Dashboard/.venv/lib/python3.11/site-packages/requests_cache/session.py", line 311, in _resend
    response = self._send_and_cache(request, actions, cached_response, **kwargs)
               │    │               │        │        │                  └ {'timeout': None, 'allow_redirects': True, 'proxies': OrderedDict(), 'stream': False, 'verify': True, 'cert': None}
               │    │               │        │        └ CachedResponse(_content=b'{\n  "round_number":{\n    "0":0,\n    "1":1,\n    "2":2,\n    "3":3,\n    "4":4,\n    "5":5,\n    ...
               │    │               │        └ CacheActions(expire_after=datetime.timedelta(seconds=43200), resend_request=True)
               │    │               └ <PreparedRequest [GET]>
               │    └ <function CacheMixin._send_and_cache at 0x75b19e1094e0>
               └ <CachedSession(cache=<SQLiteCache(name=data/cache/fastf1_http_cache)>, settings=CacheSettings(allowable_methods=('GET', 'POST...
  File "/workspaces/F1-Qualifying-Dashboard/.venv/lib/python3.11/site-packages/requests_cache/session.py", line 279, in _send_and_cache
    response = super().send(request, **kwargs)
                            │          └ {'timeout': None, 'allow_redirects': True, 'proxies': OrderedDict(), 'stream': False, 'verify': True, 'cert': None}
                            └ <PreparedRequest [GET]>
  File "/workspaces/F1-Qualifying-Dashboard/.venv/lib/python3.11/site-packages/fastf1/req.py", line 110, in send
    lim.limit()
    │   └ <function _CallsPerIntervalLimitRaise.limit at 0x75b19e10a200>
    └ <fastf1.req._CallsPerIntervalLimitRaise object at 0x75b19e10dd50>
  File "/workspaces/F1-Qualifying-Dashboard/.venv/lib/python3.11/site-packages/fastf1/req.py", line 80, in limit
    raise RateLimitExceededError(self._info)
          │                      │    └ 'any API: 500 calls/h'
          │                      └ <fastf1.req._CallsPerIntervalLimitRaise object at 0x75b19e10dd50>
          └ <class 'fastf1.exceptions.RateLimitExceededError'>

fastf1.exceptions.RateLimitExceededError: any API: 500 calls/h
2026-04-02 13:57:01.015 | INFO     | fastf1.core:load:1408 - Loading data for United States Grand Prix - Qualifying [v3.8.2]
2026-04-02 13:57:01.021 | INFO     | fastf1.req:_cached_api_request:457 - No cached data found for session_info. Loading data...
2026-04-02 13:57:01.021 | INFO     | fastf1._api:session_info:1728 - Fetching session info data...
2026-04-02 13:57:01.278 | WARNING  | requests_cache.session:_handle_error:333 - Request for URL https://raw.githubusercontent.com/theOehrly/f1schedule/master/schedule_2023.json failed; using cached response
Traceback (most recent call last):

  File "/workspaces/F1-Qualifying-Dashboard/src/f1_qualifying_dashboard/pipeline/run_ingestion_multiple_years.py", line 50, in <module>
    run_ingestion_multiple(
    └ <function run_ingestion_multiple at 0x75b19de42340>

  File "/workspaces/F1-Qualifying-Dashboard/src/f1_qualifying_dashboard/pipeline/run_ingestion_multiple_years.py", line 39, in run_ingestion_multiple
    df = load_multiple_years_rounds(years, rounds)
         │                          │      └ [1, 2, 3, 4, 5, 6, 7, 8, 9, 10, 11, 12, 13, 14, 15, 16, 17, 18, 19, 20, 21, 22]
         │                          └ [2019, 2020, 2021, 2022, 2023, 2026]
         └ <function load_multiple_years_rounds at 0x75b19d57a520>

  File "/workspaces/F1-Qualifying-Dashboard/src/f1_qualifying_dashboard/ingestion/fastf1_loader_multiple_years.py", line 26, in load_multiple_years_rounds
    df = load_qualifying_data(year, rnd)
         │                    │     └ 19
         │                    └ 2023
         └ <function load_qualifying_data at 0x75b19d57a660>

  File "/workspaces/F1-Qualifying-Dashboard/src/f1_qualifying_dashboard/ingestion/fastf1_loader.py", line 18, in load_qualifying_data
    session = fastf1.get_session(year, round, "Q")
              │      │           │     └ 19
              │      │           └ 2023
              │      └ <function get_session at 0x75b19ea7f920>
              └ <module 'fastf1' from '/workspaces/F1-Qualifying-Dashboard/.venv/lib/python3.11/site-packages/fastf1/__init__.py'>

  File "/workspaces/F1-Qualifying-Dashboard/.venv/lib/python3.11/site-packages/fastf1/events.py", line 118, in get_session
    event = get_event(year, gp, force_ergast=force_ergast, backend=backend)
            │         │     │                │                     └ None
            │         │     │                └ False
            │         │     └ 19
            │         └ 2023
            └ <function get_event at 0x75b19ddd2200>
  File "/workspaces/F1-Qualifying-Dashboard/.venv/lib/python3.11/site-packages/fastf1/events.py", line 213, in get_event
    schedule = get_event_schedule(year=year, include_testing=False,
               │                       └ 2023
               └ <function get_event_schedule at 0x75b19ddd2480>
  File "/workspaces/F1-Qualifying-Dashboard/.venv/lib/python3.11/site-packages/fastf1/events.py", line 325, in get_event_schedule
    schedule = func(year)
               │    └ 2023
               └ <function _get_schedule_ff1 at 0x75b19de17560>
  File "/workspaces/F1-Qualifying-Dashboard/.venv/lib/python3.11/site-packages/fastf1/logger.py", line 112, in __wrapped
    return func(*args, **kwargs)
           │     │       └ {}
           │     └ (2023,)
           └ <function _get_schedule_ff1 at 0x75b19de16f20>
  File "/workspaces/F1-Qualifying-Dashboard/.venv/lib/python3.11/site-packages/fastf1/events.py", line 407, in _get_schedule_ff1
    response = Cache.requests_get(
               │     └ <classmethod(<function Cache.requests_get at 0x75b19e10a5c0>)>
               └ FastF1 cache (4.13 GB) data/cache
  File "/workspaces/F1-Qualifying-Dashboard/.venv/lib/python3.11/site-packages/fastf1/req.py", line 283, in requests_get
    return cls._cached_request('GET', url, **kwargs)
           │   │                      │      └ {'headers': {'User-Agent': 'FastF1/3.8.2'}}
           │   │                      └ 'https://raw.githubusercontent.com/theOehrly/f1schedule/master/schedule_2023.json'
           │   └ <classmethod(<function Cache._cached_request at 0x75b19e10a700>)>
           └ FastF1 cache (4.13 GB) data/cache
  File "/workspaces/F1-Qualifying-Dashboard/.venv/lib/python3.11/site-packages/fastf1/req.py", line 327, in _cached_request
    response = func(url, **kwargs)
               │    │      └ {'headers': {'User-Agent': 'FastF1/3.8.2'}}
               │    └ 'https://raw.githubusercontent.com/theOehrly/f1schedule/master/schedule_2023.json'
               └ <bound method CacheMixin.get of <CachedSession(cache=<SQLiteCache(name=data/cache/fastf1_http_cache)>, settings=CacheSettings...
  File "/workspaces/F1-Qualifying-Dashboard/.venv/lib/python3.11/site-packages/requests_cache/session.py", line 133, in get
    return self.request('GET', url, params=params, **kwargs)
           │    │              │           │         └ {'headers': {'User-Agent': 'FastF1/3.8.2'}, 'allow_redirects': True}
           │    │              │           └ None
           │    │              └ 'https://raw.githubusercontent.com/theOehrly/f1schedule/master/schedule_2023.json'
           │    └ <function CacheMixin.request at 0x75b19e1093a0>
           └ <CachedSession(cache=<SQLiteCache(name=data/cache/fastf1_http_cache)>, settings=CacheSettings(allowable_methods=('GET', 'POST...
  File "/workspaces/F1-Qualifying-Dashboard/.venv/lib/python3.11/site-packages/requests_cache/session.py", line 189, in request
    return super().request(method, url, *args, headers=headers, **kwargs)  # type: ignore
                           │       │     │             │          └ {'params': None, 'allow_redirects': True}
                           │       │     │             └ {'User-Agent': 'FastF1/3.8.2'}
                           │       │     └ ()
                           │       └ 'https://raw.githubusercontent.com/theOehrly/f1schedule/master/schedule_2023.json'
                           └ 'GET'
  File "/workspaces/F1-Qualifying-Dashboard/.venv/lib/python3.11/site-packages/requests/sessions.py", line 592, in request
    resp = self.send(prep, **send_kwargs)
           │    │    │       └ {'timeout': None, 'allow_redirects': True, 'proxies': OrderedDict(), 'stream': False, 'verify': True, 'cert': None}
           │    │    └ <PreparedRequest [GET]>
           │    └ <function CacheMixin.send at 0x75b19e109440>
           └ <CachedSession(cache=<SQLiteCache(name=data/cache/fastf1_http_cache)>, settings=CacheSettings(allowable_methods=('GET', 'POST...
  File "/workspaces/F1-Qualifying-Dashboard/.venv/lib/python3.11/site-packages/requests_cache/session.py", line 253, in send
    response = self._resend(request, actions, cached_response, **kwargs)  # type: ignore
               │    │       │        │        │                  └ {'timeout': None, 'allow_redirects': True, 'proxies': OrderedDict(), 'stream': False, 'verify': True, 'cert': None}
               │    │       │        │        └ CachedResponse(_content=b'{\n  "round_number":{\n    "0":0,\n    "1":1,\n    "2":2,\n    "3":3,\n    "4":4,\n    "5":5,\n    ...
               │    │       │        └ CacheActions(expire_after=datetime.timedelta(seconds=43200), resend_request=True)
               │    │       └ <PreparedRequest [GET]>
               │    └ <function CacheMixin._resend at 0x75b19e109580>
               └ <CachedSession(cache=<SQLiteCache(name=data/cache/fastf1_http_cache)>, settings=CacheSettings(allowable_methods=('GET', 'POST...
> File "/workspaces/F1-Qualifying-Dashboard/.venv/lib/python3.11/site-packages/requests_cache/session.py", line 311, in _resend
    response = self._send_and_cache(request, actions, cached_response, **kwargs)
               │    │               │        │        │                  └ {'timeout': None, 'allow_redirects': True, 'proxies': OrderedDict(), 'stream': False, 'verify': True, 'cert': None}
               │    │               │        │        └ CachedResponse(_content=b'{\n  "round_number":{\n    "0":0,\n    "1":1,\n    "2":2,\n    "3":3,\n    "4":4,\n    "5":5,\n    ...
               │    │               │        └ CacheActions(expire_after=datetime.timedelta(seconds=43200), resend_request=True)
               │    │               └ <PreparedRequest [GET]>
               │    └ <function CacheMixin._send_and_cache at 0x75b19e1094e0>
               └ <CachedSession(cache=<SQLiteCache(name=data/cache/fastf1_http_cache)>, settings=CacheSettings(allowable_methods=('GET', 'POST...
  File "/workspaces/F1-Qualifying-Dashboard/.venv/lib/python3.11/site-packages/requests_cache/session.py", line 279, in _send_and_cache
    response = super().send(request, **kwargs)
                            │          └ {'timeout': None, 'allow_redirects': True, 'proxies': OrderedDict(), 'stream': False, 'verify': True, 'cert': None}
                            └ <PreparedRequest [GET]>
  File "/workspaces/F1-Qualifying-Dashboard/.venv/lib/python3.11/site-packages/fastf1/req.py", line 110, in send
    lim.limit()
    │   └ <function _CallsPerIntervalLimitRaise.limit at 0x75b19e10a200>
    └ <fastf1.req._CallsPerIntervalLimitRaise object at 0x75b19e10dd50>
  File "/workspaces/F1-Qualifying-Dashboard/.venv/lib/python3.11/site-packages/fastf1/req.py", line 80, in limit
    raise RateLimitExceededError(self._info)
          │                      │    └ 'any API: 500 calls/h'
          │                      └ <fastf1.req._CallsPerIntervalLimitRaise object at 0x75b19e10dd50>
          └ <class 'fastf1.exceptions.RateLimitExceededError'>

fastf1.exceptions.RateLimitExceededError: any API: 500 calls/h
2026-04-02 13:57:18.283 | INFO     | fastf1.core:load:1408 - Loading data for Mexico City Grand Prix - Qualifying [v3.8.2]
2026-04-02 13:57:18.290 | INFO     | fastf1.req:_cached_api_request:457 - No cached data found for session_info. Loading data...
2026-04-02 13:57:18.290 | INFO     | fastf1._api:session_info:1728 - Fetching session info data...
2026-04-02 13:57:18.547 | WARNING  | requests_cache.session:_handle_error:333 - Request for URL https://raw.githubusercontent.com/theOehrly/f1schedule/master/schedule_2023.json failed; using cached response
Traceback (most recent call last):

  File "/workspaces/F1-Qualifying-Dashboard/src/f1_qualifying_dashboard/pipeline/run_ingestion_multiple_years.py", line 50, in <module>
    run_ingestion_multiple(
    └ <function run_ingestion_multiple at 0x75b19de42340>

  File "/workspaces/F1-Qualifying-Dashboard/src/f1_qualifying_dashboard/pipeline/run_ingestion_multiple_years.py", line 39, in run_ingestion_multiple
    df = load_multiple_years_rounds(years, rounds)
         │                          │      └ [1, 2, 3, 4, 5, 6, 7, 8, 9, 10, 11, 12, 13, 14, 15, 16, 17, 18, 19, 20, 21, 22]
         │                          └ [2019, 2020, 2021, 2022, 2023, 2026]
         └ <function load_multiple_years_rounds at 0x75b19d57a520>

  File "/workspaces/F1-Qualifying-Dashboard/src/f1_qualifying_dashboard/ingestion/fastf1_loader_multiple_years.py", line 26, in load_multiple_years_rounds
    df = load_qualifying_data(year, rnd)
         │                    │     └ 20
         │                    └ 2023
         └ <function load_qualifying_data at 0x75b19d57a660>

  File "/workspaces/F1-Qualifying-Dashboard/src/f1_qualifying_dashboard/ingestion/fastf1_loader.py", line 18, in load_qualifying_data
    session = fastf1.get_session(year, round, "Q")
              │      │           │     └ 20
              │      │           └ 2023
              │      └ <function get_session at 0x75b19ea7f920>
              └ <module 'fastf1' from '/workspaces/F1-Qualifying-Dashboard/.venv/lib/python3.11/site-packages/fastf1/__init__.py'>

  File "/workspaces/F1-Qualifying-Dashboard/.venv/lib/python3.11/site-packages/fastf1/events.py", line 118, in get_session
    event = get_event(year, gp, force_ergast=force_ergast, backend=backend)
            │         │     │                │                     └ None
            │         │     │                └ False
            │         │     └ 20
            │         └ 2023
            └ <function get_event at 0x75b19ddd2200>
  File "/workspaces/F1-Qualifying-Dashboard/.venv/lib/python3.11/site-packages/fastf1/events.py", line 213, in get_event
    schedule = get_event_schedule(year=year, include_testing=False,
               │                       └ 2023
               └ <function get_event_schedule at 0x75b19ddd2480>
  File "/workspaces/F1-Qualifying-Dashboard/.venv/lib/python3.11/site-packages/fastf1/events.py", line 325, in get_event_schedule
    schedule = func(year)
               │    └ 2023
               └ <function _get_schedule_ff1 at 0x75b19de17560>
  File "/workspaces/F1-Qualifying-Dashboard/.venv/lib/python3.11/site-packages/fastf1/logger.py", line 112, in __wrapped
    return func(*args, **kwargs)
           │     │       └ {}
           │     └ (2023,)
           └ <function _get_schedule_ff1 at 0x75b19de16f20>
  File "/workspaces/F1-Qualifying-Dashboard/.venv/lib/python3.11/site-packages/fastf1/events.py", line 407, in _get_schedule_ff1
    response = Cache.requests_get(
               │     └ <classmethod(<function Cache.requests_get at 0x75b19e10a5c0>)>
               └ FastF1 cache (4.13 GB) data/cache
  File "/workspaces/F1-Qualifying-Dashboard/.venv/lib/python3.11/site-packages/fastf1/req.py", line 283, in requests_get
    return cls._cached_request('GET', url, **kwargs)
           │   │                      │      └ {'headers': {'User-Agent': 'FastF1/3.8.2'}}
           │   │                      └ 'https://raw.githubusercontent.com/theOehrly/f1schedule/master/schedule_2023.json'
           │   └ <classmethod(<function Cache._cached_request at 0x75b19e10a700>)>
           └ FastF1 cache (4.13 GB) data/cache
  File "/workspaces/F1-Qualifying-Dashboard/.venv/lib/python3.11/site-packages/fastf1/req.py", line 327, in _cached_request
    response = func(url, **kwargs)
               │    │      └ {'headers': {'User-Agent': 'FastF1/3.8.2'}}
               │    └ 'https://raw.githubusercontent.com/theOehrly/f1schedule/master/schedule_2023.json'
               └ <bound method CacheMixin.get of <CachedSession(cache=<SQLiteCache(name=data/cache/fastf1_http_cache)>, settings=CacheSettings...
  File "/workspaces/F1-Qualifying-Dashboard/.venv/lib/python3.11/site-packages/requests_cache/session.py", line 133, in get
    return self.request('GET', url, params=params, **kwargs)
           │    │              │           │         └ {'headers': {'User-Agent': 'FastF1/3.8.2'}, 'allow_redirects': True}
           │    │              │           └ None
           │    │              └ 'https://raw.githubusercontent.com/theOehrly/f1schedule/master/schedule_2023.json'
           │    └ <function CacheMixin.request at 0x75b19e1093a0>
           └ <CachedSession(cache=<SQLiteCache(name=data/cache/fastf1_http_cache)>, settings=CacheSettings(allowable_methods=('GET', 'POST...
  File "/workspaces/F1-Qualifying-Dashboard/.venv/lib/python3.11/site-packages/requests_cache/session.py", line 189, in request
    return super().request(method, url, *args, headers=headers, **kwargs)  # type: ignore
                           │       │     │             │          └ {'params': None, 'allow_redirects': True}
                           │       │     │             └ {'User-Agent': 'FastF1/3.8.2'}
                           │       │     └ ()
                           │       └ 'https://raw.githubusercontent.com/theOehrly/f1schedule/master/schedule_2023.json'
                           └ 'GET'
  File "/workspaces/F1-Qualifying-Dashboard/.venv/lib/python3.11/site-packages/requests/sessions.py", line 592, in request
    resp = self.send(prep, **send_kwargs)
           │    │    │       └ {'timeout': None, 'allow_redirects': True, 'proxies': OrderedDict(), 'stream': False, 'verify': True, 'cert': None}
           │    │    └ <PreparedRequest [GET]>
           │    └ <function CacheMixin.send at 0x75b19e109440>
           └ <CachedSession(cache=<SQLiteCache(name=data/cache/fastf1_http_cache)>, settings=CacheSettings(allowable_methods=('GET', 'POST...
  File "/workspaces/F1-Qualifying-Dashboard/.venv/lib/python3.11/site-packages/requests_cache/session.py", line 253, in send
    response = self._resend(request, actions, cached_response, **kwargs)  # type: ignore
               │    │       │        │        │                  └ {'timeout': None, 'allow_redirects': True, 'proxies': OrderedDict(), 'stream': False, 'verify': True, 'cert': None}
               │    │       │        │        └ CachedResponse(_content=b'{\n  "round_number":{\n    "0":0,\n    "1":1,\n    "2":2,\n    "3":3,\n    "4":4,\n    "5":5,\n    ...
               │    │       │        └ CacheActions(expire_after=datetime.timedelta(seconds=43200), resend_request=True)
               │    │       └ <PreparedRequest [GET]>
               │    └ <function CacheMixin._resend at 0x75b19e109580>
               └ <CachedSession(cache=<SQLiteCache(name=data/cache/fastf1_http_cache)>, settings=CacheSettings(allowable_methods=('GET', 'POST...
> File "/workspaces/F1-Qualifying-Dashboard/.venv/lib/python3.11/site-packages/requests_cache/session.py", line 311, in _resend
    response = self._send_and_cache(request, actions, cached_response, **kwargs)
               │    │               │        │        │                  └ {'timeout': None, 'allow_redirects': True, 'proxies': OrderedDict(), 'stream': False, 'verify': True, 'cert': None}
               │    │               │        │        └ CachedResponse(_content=b'{\n  "round_number":{\n    "0":0,\n    "1":1,\n    "2":2,\n    "3":3,\n    "4":4,\n    "5":5,\n    ...
               │    │               │        └ CacheActions(expire_after=datetime.timedelta(seconds=43200), resend_request=True)
               │    │               └ <PreparedRequest [GET]>
               │    └ <function CacheMixin._send_and_cache at 0x75b19e1094e0>
               └ <CachedSession(cache=<SQLiteCache(name=data/cache/fastf1_http_cache)>, settings=CacheSettings(allowable_methods=('GET', 'POST...
  File "/workspaces/F1-Qualifying-Dashboard/.venv/lib/python3.11/site-packages/requests_cache/session.py", line 279, in _send_and_cache
    response = super().send(request, **kwargs)
                            │          └ {'timeout': None, 'allow_redirects': True, 'proxies': OrderedDict(), 'stream': False, 'verify': True, 'cert': None}
                            └ <PreparedRequest [GET]>
  File "/workspaces/F1-Qualifying-Dashboard/.venv/lib/python3.11/site-packages/fastf1/req.py", line 110, in send
    lim.limit()
    │   └ <function _CallsPerIntervalLimitRaise.limit at 0x75b19e10a200>
    └ <fastf1.req._CallsPerIntervalLimitRaise object at 0x75b19e10dd50>
  File "/workspaces/F1-Qualifying-Dashboard/.venv/lib/python3.11/site-packages/fastf1/req.py", line 80, in limit
    raise RateLimitExceededError(self._info)
          │                      │    └ 'any API: 500 calls/h'
          │                      └ <fastf1.req._CallsPerIntervalLimitRaise object at 0x75b19e10dd50>
          └ <class 'fastf1.exceptions.RateLimitExceededError'>

fastf1.exceptions.RateLimitExceededError: any API: 500 calls/h
2026-04-02 13:57:35.778 | INFO     | fastf1.core:load:1408 - Loading data for São Paulo Grand Prix - Qualifying [v3.8.2]
2026-04-02 13:57:35.796 | INFO     | fastf1.req:_cached_api_request:434 - Using cached data for session_info
2026-04-02 13:57:35.806 | INFO     | fastf1.req:_cached_api_request:434 - Using cached data for driver_info
2026-04-02 13:57:35.849 | INFO     | fastf1.req:_cached_api_request:434 - Using cached data for session_status_data
2026-04-02 13:57:35.860 | INFO     | fastf1.req:_cached_api_request:434 - Using cached data for track_status_data
2026-04-02 13:57:35.872 | INFO     | fastf1.req:_cached_api_request:434 - Using cached data for _extended_timing_data
2026-04-02 13:57:35.881 | INFO     | fastf1.req:_cached_api_request:434 - Using cached data for timing_app_data
2026-04-02 13:57:35.881 | INFO     | fastf1.core:_load_laps_data:1463 - Processing timing data...
2026-04-02 13:57:36.951 | INFO     | fastf1.req:_cached_api_request:434 - Using cached data for car_data
2026-04-02 13:57:37.274 | INFO     | fastf1.req:_cached_api_request:434 - Using cached data for position_data
2026-04-02 13:57:38.606 | INFO     | fastf1.req:_cached_api_request:434 - Using cached data for weather_data
2026-04-02 13:57:38.617 | INFO     | fastf1.req:_cached_api_request:434 - Using cached data for race_control_messages
2026-04-02 13:57:38.624 | INFO     | fastf1.core:load:1445 - Finished loading data for 20 drivers: ['1', '16', '18', '14', '44', '63', '4', '55', '11', '81', '27', '31', '10', '20', '23', '22', '3', '77', '2', '24']
2026-04-02 13:57:38.634 | WARNING  | requests_cache.session:_handle_error:333 - Request for URL https://raw.githubusercontent.com/theOehrly/f1schedule/master/schedule_2023.json failed; using cached response
Traceback (most recent call last):

  File "/workspaces/F1-Qualifying-Dashboard/src/f1_qualifying_dashboard/pipeline/run_ingestion_multiple_years.py", line 50, in <module>
    run_ingestion_multiple(
    └ <function run_ingestion_multiple at 0x75b19de42340>

  File "/workspaces/F1-Qualifying-Dashboard/src/f1_qualifying_dashboard/pipeline/run_ingestion_multiple_years.py", line 39, in run_ingestion_multiple
    df = load_multiple_years_rounds(years, rounds)
         │                          │      └ [1, 2, 3, 4, 5, 6, 7, 8, 9, 10, 11, 12, 13, 14, 15, 16, 17, 18, 19, 20, 21, 22]
         │                          └ [2019, 2020, 2021, 2022, 2023, 2026]
         └ <function load_multiple_years_rounds at 0x75b19d57a520>

  File "/workspaces/F1-Qualifying-Dashboard/src/f1_qualifying_dashboard/ingestion/fastf1_loader_multiple_years.py", line 26, in load_multiple_years_rounds
    df = load_qualifying_data(year, rnd)
         │                    │     └ 21
         │                    └ 2023
         └ <function load_qualifying_data at 0x75b19d57a660>

  File "/workspaces/F1-Qualifying-Dashboard/src/f1_qualifying_dashboard/ingestion/fastf1_loader.py", line 18, in load_qualifying_data
    session = fastf1.get_session(year, round, "Q")
              │      │           │     └ 21
              │      │           └ 2023
              │      └ <function get_session at 0x75b19ea7f920>
              └ <module 'fastf1' from '/workspaces/F1-Qualifying-Dashboard/.venv/lib/python3.11/site-packages/fastf1/__init__.py'>

  File "/workspaces/F1-Qualifying-Dashboard/.venv/lib/python3.11/site-packages/fastf1/events.py", line 118, in get_session
    event = get_event(year, gp, force_ergast=force_ergast, backend=backend)
            │         │     │                │                     └ None
            │         │     │                └ False
            │         │     └ 21
            │         └ 2023
            └ <function get_event at 0x75b19ddd2200>
  File "/workspaces/F1-Qualifying-Dashboard/.venv/lib/python3.11/site-packages/fastf1/events.py", line 213, in get_event
    schedule = get_event_schedule(year=year, include_testing=False,
               │                       └ 2023
               └ <function get_event_schedule at 0x75b19ddd2480>
  File "/workspaces/F1-Qualifying-Dashboard/.venv/lib/python3.11/site-packages/fastf1/events.py", line 325, in get_event_schedule
    schedule = func(year)
               │    └ 2023
               └ <function _get_schedule_ff1 at 0x75b19de17560>
  File "/workspaces/F1-Qualifying-Dashboard/.venv/lib/python3.11/site-packages/fastf1/logger.py", line 112, in __wrapped
    return func(*args, **kwargs)
           │     │       └ {}
           │     └ (2023,)
           └ <function _get_schedule_ff1 at 0x75b19de16f20>
  File "/workspaces/F1-Qualifying-Dashboard/.venv/lib/python3.11/site-packages/fastf1/events.py", line 407, in _get_schedule_ff1
    response = Cache.requests_get(
               │     └ <classmethod(<function Cache.requests_get at 0x75b19e10a5c0>)>
               └ FastF1 cache (4.13 GB) data/cache
  File "/workspaces/F1-Qualifying-Dashboard/.venv/lib/python3.11/site-packages/fastf1/req.py", line 283, in requests_get
    return cls._cached_request('GET', url, **kwargs)
           │   │                      │      └ {'headers': {'User-Agent': 'FastF1/3.8.2'}}
           │   │                      └ 'https://raw.githubusercontent.com/theOehrly/f1schedule/master/schedule_2023.json'
           │   └ <classmethod(<function Cache._cached_request at 0x75b19e10a700>)>
           └ FastF1 cache (4.13 GB) data/cache
  File "/workspaces/F1-Qualifying-Dashboard/.venv/lib/python3.11/site-packages/fastf1/req.py", line 327, in _cached_request
    response = func(url, **kwargs)
               │    │      └ {'headers': {'User-Agent': 'FastF1/3.8.2'}}
               │    └ 'https://raw.githubusercontent.com/theOehrly/f1schedule/master/schedule_2023.json'
               └ <bound method CacheMixin.get of <CachedSession(cache=<SQLiteCache(name=data/cache/fastf1_http_cache)>, settings=CacheSettings...
  File "/workspaces/F1-Qualifying-Dashboard/.venv/lib/python3.11/site-packages/requests_cache/session.py", line 133, in get
    return self.request('GET', url, params=params, **kwargs)
           │    │              │           │         └ {'headers': {'User-Agent': 'FastF1/3.8.2'}, 'allow_redirects': True}
           │    │              │           └ None
           │    │              └ 'https://raw.githubusercontent.com/theOehrly/f1schedule/master/schedule_2023.json'
           │    └ <function CacheMixin.request at 0x75b19e1093a0>
           └ <CachedSession(cache=<SQLiteCache(name=data/cache/fastf1_http_cache)>, settings=CacheSettings(allowable_methods=('GET', 'POST...
  File "/workspaces/F1-Qualifying-Dashboard/.venv/lib/python3.11/site-packages/requests_cache/session.py", line 189, in request
    return super().request(method, url, *args, headers=headers, **kwargs)  # type: ignore
                           │       │     │             │          └ {'params': None, 'allow_redirects': True}
                           │       │     │             └ {'User-Agent': 'FastF1/3.8.2'}
                           │       │     └ ()
                           │       └ 'https://raw.githubusercontent.com/theOehrly/f1schedule/master/schedule_2023.json'
                           └ 'GET'
  File "/workspaces/F1-Qualifying-Dashboard/.venv/lib/python3.11/site-packages/requests/sessions.py", line 592, in request
    resp = self.send(prep, **send_kwargs)
           │    │    │       └ {'timeout': None, 'allow_redirects': True, 'proxies': OrderedDict(), 'stream': False, 'verify': True, 'cert': None}
           │    │    └ <PreparedRequest [GET]>
           │    └ <function CacheMixin.send at 0x75b19e109440>
           └ <CachedSession(cache=<SQLiteCache(name=data/cache/fastf1_http_cache)>, settings=CacheSettings(allowable_methods=('GET', 'POST...
  File "/workspaces/F1-Qualifying-Dashboard/.venv/lib/python3.11/site-packages/requests_cache/session.py", line 253, in send
    response = self._resend(request, actions, cached_response, **kwargs)  # type: ignore
               │    │       │        │        │                  └ {'timeout': None, 'allow_redirects': True, 'proxies': OrderedDict(), 'stream': False, 'verify': True, 'cert': None}
               │    │       │        │        └ CachedResponse(_content=b'{\n  "round_number":{\n    "0":0,\n    "1":1,\n    "2":2,\n    "3":3,\n    "4":4,\n    "5":5,\n    ...
               │    │       │        └ CacheActions(expire_after=datetime.timedelta(seconds=43200), resend_request=True)
               │    │       └ <PreparedRequest [GET]>
               │    └ <function CacheMixin._resend at 0x75b19e109580>
               └ <CachedSession(cache=<SQLiteCache(name=data/cache/fastf1_http_cache)>, settings=CacheSettings(allowable_methods=('GET', 'POST...
> File "/workspaces/F1-Qualifying-Dashboard/.venv/lib/python3.11/site-packages/requests_cache/session.py", line 311, in _resend
    response = self._send_and_cache(request, actions, cached_response, **kwargs)
               │    │               │        │        │                  └ {'timeout': None, 'allow_redirects': True, 'proxies': OrderedDict(), 'stream': False, 'verify': True, 'cert': None}
               │    │               │        │        └ CachedResponse(_content=b'{\n  "round_number":{\n    "0":0,\n    "1":1,\n    "2":2,\n    "3":3,\n    "4":4,\n    "5":5,\n    ...
               │    │               │        └ CacheActions(expire_after=datetime.timedelta(seconds=43200), resend_request=True)
               │    │               └ <PreparedRequest [GET]>
               │    └ <function CacheMixin._send_and_cache at 0x75b19e1094e0>
               └ <CachedSession(cache=<SQLiteCache(name=data/cache/fastf1_http_cache)>, settings=CacheSettings(allowable_methods=('GET', 'POST...
  File "/workspaces/F1-Qualifying-Dashboard/.venv/lib/python3.11/site-packages/requests_cache/session.py", line 279, in _send_and_cache
    response = super().send(request, **kwargs)
                            │          └ {'timeout': None, 'allow_redirects': True, 'proxies': OrderedDict(), 'stream': False, 'verify': True, 'cert': None}
                            └ <PreparedRequest [GET]>
  File "/workspaces/F1-Qualifying-Dashboard/.venv/lib/python3.11/site-packages/fastf1/req.py", line 110, in send
    lim.limit()
    │   └ <function _CallsPerIntervalLimitRaise.limit at 0x75b19e10a200>
    └ <fastf1.req._CallsPerIntervalLimitRaise object at 0x75b19e10dd50>
  File "/workspaces/F1-Qualifying-Dashboard/.venv/lib/python3.11/site-packages/fastf1/req.py", line 80, in limit
    raise RateLimitExceededError(self._info)
          │                      │    └ 'any API: 500 calls/h'
          │                      └ <fastf1.req._CallsPerIntervalLimitRaise object at 0x75b19e10dd50>
          └ <class 'fastf1.exceptions.RateLimitExceededError'>

fastf1.exceptions.RateLimitExceededError: any API: 500 calls/h
2026-04-02 13:57:55.438 | INFO     | fastf1.core:load:1408 - Loading data for Las Vegas Grand Prix - Qualifying [v3.8.2]
2026-04-02 13:57:55.445 | INFO     | fastf1.req:_cached_api_request:457 - No cached data found for session_info. Loading data...
2026-04-02 13:57:55.446 | INFO     | fastf1._api:session_info:1728 - Fetching session info data...
2026-04-02 13:57:55.703 | WARNING  | requests_cache.session:_handle_error:333 - Request for URL https://raw.githubusercontent.com/theOehrly/f1schedule/master/schedule_2023.json failed; using cached response
Traceback (most recent call last):

  File "/workspaces/F1-Qualifying-Dashboard/src/f1_qualifying_dashboard/pipeline/run_ingestion_multiple_years.py", line 50, in <module>
    run_ingestion_multiple(
    └ <function run_ingestion_multiple at 0x75b19de42340>

  File "/workspaces/F1-Qualifying-Dashboard/src/f1_qualifying_dashboard/pipeline/run_ingestion_multiple_years.py", line 39, in run_ingestion_multiple
    df = load_multiple_years_rounds(years, rounds)
         │                          │      └ [1, 2, 3, 4, 5, 6, 7, 8, 9, 10, 11, 12, 13, 14, 15, 16, 17, 18, 19, 20, 21, 22]
         │                          └ [2019, 2020, 2021, 2022, 2023, 2026]
         └ <function load_multiple_years_rounds at 0x75b19d57a520>

  File "/workspaces/F1-Qualifying-Dashboard/src/f1_qualifying_dashboard/ingestion/fastf1_loader_multiple_years.py", line 26, in load_multiple_years_rounds
    df = load_qualifying_data(year, rnd)
         │                    │     └ 22
         │                    └ 2023
         └ <function load_qualifying_data at 0x75b19d57a660>

  File "/workspaces/F1-Qualifying-Dashboard/src/f1_qualifying_dashboard/ingestion/fastf1_loader.py", line 18, in load_qualifying_data
    session = fastf1.get_session(year, round, "Q")
              │      │           │     └ 22
              │      │           └ 2023
              │      └ <function get_session at 0x75b19ea7f920>
              └ <module 'fastf1' from '/workspaces/F1-Qualifying-Dashboard/.venv/lib/python3.11/site-packages/fastf1/__init__.py'>

  File "/workspaces/F1-Qualifying-Dashboard/.venv/lib/python3.11/site-packages/fastf1/events.py", line 118, in get_session
    event = get_event(year, gp, force_ergast=force_ergast, backend=backend)
            │         │     │                │                     └ None
            │         │     │                └ False
            │         │     └ 22
            │         └ 2023
            └ <function get_event at 0x75b19ddd2200>
  File "/workspaces/F1-Qualifying-Dashboard/.venv/lib/python3.11/site-packages/fastf1/events.py", line 213, in get_event
    schedule = get_event_schedule(year=year, include_testing=False,
               │                       └ 2023
               └ <function get_event_schedule at 0x75b19ddd2480>
  File "/workspaces/F1-Qualifying-Dashboard/.venv/lib/python3.11/site-packages/fastf1/events.py", line 325, in get_event_schedule
    schedule = func(year)
               │    └ 2023
               └ <function _get_schedule_ff1 at 0x75b19de17560>
  File "/workspaces/F1-Qualifying-Dashboard/.venv/lib/python3.11/site-packages/fastf1/logger.py", line 112, in __wrapped
    return func(*args, **kwargs)
           │     │       └ {}
           │     └ (2023,)
           └ <function _get_schedule_ff1 at 0x75b19de16f20>
  File "/workspaces/F1-Qualifying-Dashboard/.venv/lib/python3.11/site-packages/fastf1/events.py", line 407, in _get_schedule_ff1
    response = Cache.requests_get(
               │     └ <classmethod(<function Cache.requests_get at 0x75b19e10a5c0>)>
               └ FastF1 cache (4.13 GB) data/cache
  File "/workspaces/F1-Qualifying-Dashboard/.venv/lib/python3.11/site-packages/fastf1/req.py", line 283, in requests_get
    return cls._cached_request('GET', url, **kwargs)
           │   │                      │      └ {'headers': {'User-Agent': 'FastF1/3.8.2'}}
           │   │                      └ 'https://raw.githubusercontent.com/theOehrly/f1schedule/master/schedule_2023.json'
           │   └ <classmethod(<function Cache._cached_request at 0x75b19e10a700>)>
           └ FastF1 cache (4.13 GB) data/cache
  File "/workspaces/F1-Qualifying-Dashboard/.venv/lib/python3.11/site-packages/fastf1/req.py", line 327, in _cached_request
    response = func(url, **kwargs)
               │    │      └ {'headers': {'User-Agent': 'FastF1/3.8.2'}}
               │    └ 'https://raw.githubusercontent.com/theOehrly/f1schedule/master/schedule_2023.json'
               └ <bound method CacheMixin.get of <CachedSession(cache=<SQLiteCache(name=data/cache/fastf1_http_cache)>, settings=CacheSettings...
  File "/workspaces/F1-Qualifying-Dashboard/.venv/lib/python3.11/site-packages/requests_cache/session.py", line 133, in get
    return self.request('GET', url, params=params, **kwargs)
           │    │              │           │         └ {'headers': {'User-Agent': 'FastF1/3.8.2'}, 'allow_redirects': True}
           │    │              │           └ None
           │    │              └ 'https://raw.githubusercontent.com/theOehrly/f1schedule/master/schedule_2023.json'
           │    └ <function CacheMixin.request at 0x75b19e1093a0>
           └ <CachedSession(cache=<SQLiteCache(name=data/cache/fastf1_http_cache)>, settings=CacheSettings(allowable_methods=('GET', 'POST...
  File "/workspaces/F1-Qualifying-Dashboard/.venv/lib/python3.11/site-packages/requests_cache/session.py", line 189, in request
    return super().request(method, url, *args, headers=headers, **kwargs)  # type: ignore
                           │       │     │             │          └ {'params': None, 'allow_redirects': True}
                           │       │     │             └ {'User-Agent': 'FastF1/3.8.2'}
                           │       │     └ ()
                           │       └ 'https://raw.githubusercontent.com/theOehrly/f1schedule/master/schedule_2023.json'
                           └ 'GET'
  File "/workspaces/F1-Qualifying-Dashboard/.venv/lib/python3.11/site-packages/requests/sessions.py", line 592, in request
    resp = self.send(prep, **send_kwargs)
           │    │    │       └ {'timeout': None, 'allow_redirects': True, 'proxies': OrderedDict(), 'stream': False, 'verify': True, 'cert': None}
           │    │    └ <PreparedRequest [GET]>
           │    └ <function CacheMixin.send at 0x75b19e109440>
           └ <CachedSession(cache=<SQLiteCache(name=data/cache/fastf1_http_cache)>, settings=CacheSettings(allowable_methods=('GET', 'POST...
  File "/workspaces/F1-Qualifying-Dashboard/.venv/lib/python3.11/site-packages/requests_cache/session.py", line 253, in send
    response = self._resend(request, actions, cached_response, **kwargs)  # type: ignore
               │    │       │        │        │                  └ {'timeout': None, 'allow_redirects': True, 'proxies': OrderedDict(), 'stream': False, 'verify': True, 'cert': None}
               │    │       │        │        └ CachedResponse(_content=b'{\n  "round_number":{\n    "0":0,\n    "1":1,\n    "2":2,\n    "3":3,\n    "4":4,\n    "5":5,\n    ...
               │    │       │        └ CacheActions(expire_after=datetime.timedelta(seconds=43200), resend_request=True)
               │    │       └ <PreparedRequest [GET]>
               │    └ <function CacheMixin._resend at 0x75b19e109580>
               └ <CachedSession(cache=<SQLiteCache(name=data/cache/fastf1_http_cache)>, settings=CacheSettings(allowable_methods=('GET', 'POST...
> File "/workspaces/F1-Qualifying-Dashboard/.venv/lib/python3.11/site-packages/requests_cache/session.py", line 311, in _resend
    response = self._send_and_cache(request, actions, cached_response, **kwargs)
               │    │               │        │        │                  └ {'timeout': None, 'allow_redirects': True, 'proxies': OrderedDict(), 'stream': False, 'verify': True, 'cert': None}
               │    │               │        │        └ CachedResponse(_content=b'{\n  "round_number":{\n    "0":0,\n    "1":1,\n    "2":2,\n    "3":3,\n    "4":4,\n    "5":5,\n    ...
               │    │               │        └ CacheActions(expire_after=datetime.timedelta(seconds=43200), resend_request=True)
               │    │               └ <PreparedRequest [GET]>
               │    └ <function CacheMixin._send_and_cache at 0x75b19e1094e0>
               └ <CachedSession(cache=<SQLiteCache(name=data/cache/fastf1_http_cache)>, settings=CacheSettings(allowable_methods=('GET', 'POST...
  File "/workspaces/F1-Qualifying-Dashboard/.venv/lib/python3.11/site-packages/requests_cache/session.py", line 279, in _send_and_cache
    response = super().send(request, **kwargs)
                            │          └ {'timeout': None, 'allow_redirects': True, 'proxies': OrderedDict(), 'stream': False, 'verify': True, 'cert': None}
                            └ <PreparedRequest [GET]>
  File "/workspaces/F1-Qualifying-Dashboard/.venv/lib/python3.11/site-packages/fastf1/req.py", line 110, in send
    lim.limit()
    │   └ <function _CallsPerIntervalLimitRaise.limit at 0x75b19e10a200>
    └ <fastf1.req._CallsPerIntervalLimitRaise object at 0x75b19e10dd50>
  File "/workspaces/F1-Qualifying-Dashboard/.venv/lib/python3.11/site-packages/fastf1/req.py", line 80, in limit
    raise RateLimitExceededError(self._info)
          │                      │    └ 'any API: 500 calls/h'
          │                      └ <fastf1.req._CallsPerIntervalLimitRaise object at 0x75b19e10dd50>
          └ <class 'fastf1.exceptions.RateLimitExceededError'>

fastf1.exceptions.RateLimitExceededError: any API: 500 calls/h
2026-04-02 13:58:12.682 | INFO     | fastf1.core:load:1408 - Loading data for Abu Dhabi Grand Prix - Qualifying [v3.8.2]
2026-04-02 13:58:12.689 | INFO     | fastf1.req:_cached_api_request:457 - No cached data found for session_info. Loading data...
2026-04-02 13:58:12.689 | INFO     | fastf1._api:session_info:1728 - Fetching session info data...
2026-04-02 13:58:18.201 | INFO     | __main__:run_ingestion_multiple:40 - Loaded 7183 raw laps across all sessions
2026-04-02 13:58:18.264 | INFO     | __main__:run_ingestion_multiple:43 - Validated 7183 laps
2026-04-02 13:58:18.481 | INFO     | __main__:run_ingestion_multiple:46 - Saved validated qualifying data to DuckDB
2026-04-02 15:13:41.368 | INFO     | __main__:run_ingestion_multiple:40 - Loading qualifying data for years=[2019, 2020, 2021, 2022, 2023, 2026]
2026-04-02 15:13:41.824 | INFO     | __main__:get_valid_rounds:31 - Year 2019: Found 21 valid rounds → [1, 2, 3, 4, 5, 6, 7, 8, 9, 10, 11, 12, 13, 14, 15, 16, 17, 18, 19, 20, 21]
2026-04-02 15:13:43.369 | INFO     | __main__:get_valid_rounds:31 - Year 2020: Found 17 valid rounds → [1, 2, 3, 4, 5, 6, 7, 8, 9, 10, 11, 12, 13, 14, 15, 16, 17]
2026-04-02 15:13:46.840 | INFO     | __main__:get_valid_rounds:31 - Year 2021: Found 22 valid rounds → [1, 2, 3, 4, 5, 6, 7, 8, 9, 10, 11, 12, 13, 14, 15, 16, 17, 18, 19, 20, 21, 22]
2026-04-02 15:13:47.322 | INFO     | __main__:get_valid_rounds:31 - Year 2022: Found 22 valid rounds → [1, 2, 3, 4, 5, 6, 7, 8, 9, 10, 11, 12, 13, 14, 15, 16, 17, 18, 19, 20, 21, 22]
2026-04-02 15:13:47.832 | INFO     | __main__:get_valid_rounds:31 - Year 2023: Found 22 valid rounds → [1, 2, 3, 4, 5, 6, 7, 8, 9, 10, 11, 12, 13, 14, 15, 16, 17, 18, 19, 20, 21, 22]
2026-04-02 15:13:48.364 | INFO     | __main__:get_valid_rounds:31 - Year 2026: Found 22 valid rounds → [1, 2, 3, 4, 5, 6, 7, 8, 9, 10, 11, 12, 13, 14, 15, 16, 17, 18, 19, 20, 21, 22]
2026-04-02 15:13:48.665 | INFO     | f1_qualifying_dashboard.ingestion.fastf1_loader_multiple_years:load_multiple_years_rounds:44 - Loading 2019 Round 1…
2026-04-02 15:13:51.259 | INFO     | f1_qualifying_dashboard.ingestion.fastf1_loader_multiple_years:load_multiple_years_rounds:47 - ✓ Loaded 89 laps for 2019 Round 1
2026-04-02 15:13:51.260 | INFO     | f1_qualifying_dashboard.ingestion.fastf1_loader_multiple_years:load_multiple_years_rounds:44 - Loading 2019 Round 2…
2026-04-02 15:13:53.682 | INFO     | f1_qualifying_dashboard.ingestion.fastf1_loader_multiple_years:load_multiple_years_rounds:47 - ✓ Loaded 78 laps for 2019 Round 2
2026-04-02 15:13:53.683 | INFO     | f1_qualifying_dashboard.ingestion.fastf1_loader_multiple_years:load_multiple_years_rounds:44 - Loading 2019 Round 3…
2026-04-02 15:13:56.210 | INFO     | f1_qualifying_dashboard.ingestion.fastf1_loader_multiple_years:load_multiple_years_rounds:47 - ✓ Loaded 74 laps for 2019 Round 3
2026-04-02 15:13:56.211 | INFO     | f1_qualifying_dashboard.ingestion.fastf1_loader_multiple_years:load_multiple_years_rounds:44 - Loading 2019 Round 4…
2026-04-02 15:13:59.725 | INFO     | f1_qualifying_dashboard.ingestion.fastf1_loader_multiple_years:load_multiple_years_rounds:47 - ✓ Loaded 103 laps for 2019 Round 4
2026-04-02 15:13:59.726 | INFO     | f1_qualifying_dashboard.ingestion.fastf1_loader_multiple_years:load_multiple_years_rounds:44 - Loading 2019 Round 5…
2026-04-02 15:14:02.419 | INFO     | f1_qualifying_dashboard.ingestion.fastf1_loader_multiple_years:load_multiple_years_rounds:47 - ✓ Loaded 89 laps for 2019 Round 5
2026-04-02 15:14:02.419 | INFO     | f1_qualifying_dashboard.ingestion.fastf1_loader_multiple_years:load_multiple_years_rounds:44 - Loading 2019 Round 6…
2026-04-02 15:14:05.109 | INFO     | f1_qualifying_dashboard.ingestion.fastf1_loader_multiple_years:load_multiple_years_rounds:47 - ✓ Loaded 152 laps for 2019 Round 6
2026-04-02 15:14:05.110 | INFO     | f1_qualifying_dashboard.ingestion.fastf1_loader_multiple_years:load_multiple_years_rounds:44 - Loading 2019 Round 7…
2026-04-02 15:14:07.887 | INFO     | f1_qualifying_dashboard.ingestion.fastf1_loader_multiple_years:load_multiple_years_rounds:47 - ✓ Loaded 100 laps for 2019 Round 7
2026-04-02 15:14:07.888 | INFO     | f1_qualifying_dashboard.ingestion.fastf1_loader_multiple_years:load_multiple_years_rounds:44 - Loading 2019 Round 8…
2026-04-02 15:14:10.444 | INFO     | f1_qualifying_dashboard.ingestion.fastf1_loader_multiple_years:load_multiple_years_rounds:47 - ✓ Loaded 99 laps for 2019 Round 8
2026-04-02 15:14:10.445 | INFO     | f1_qualifying_dashboard.ingestion.fastf1_loader_multiple_years:load_multiple_years_rounds:44 - Loading 2019 Round 9…
2026-04-02 15:14:13.091 | INFO     | f1_qualifying_dashboard.ingestion.fastf1_loader_multiple_years:load_multiple_years_rounds:47 - ✓ Loaded 106 laps for 2019 Round 9
2026-04-02 15:14:13.092 | INFO     | f1_qualifying_dashboard.ingestion.fastf1_loader_multiple_years:load_multiple_years_rounds:44 - Loading 2019 Round 10…
2026-04-02 15:14:15.717 | INFO     | f1_qualifying_dashboard.ingestion.fastf1_loader_multiple_years:load_multiple_years_rounds:47 - ✓ Loaded 119 laps for 2019 Round 10
2026-04-02 15:14:15.718 | INFO     | f1_qualifying_dashboard.ingestion.fastf1_loader_multiple_years:load_multiple_years_rounds:44 - Loading 2019 Round 11…
2026-04-02 15:14:18.506 | INFO     | f1_qualifying_dashboard.ingestion.fastf1_loader_multiple_years:load_multiple_years_rounds:47 - ✓ Loaded 89 laps for 2019 Round 11
2026-04-02 15:14:18.507 | INFO     | f1_qualifying_dashboard.ingestion.fastf1_loader_multiple_years:load_multiple_years_rounds:44 - Loading 2019 Round 12…
2026-04-02 15:14:21.043 | INFO     | f1_qualifying_dashboard.ingestion.fastf1_loader_multiple_years:load_multiple_years_rounds:47 - ✓ Loaded 97 laps for 2019 Round 12
2026-04-02 15:14:21.044 | INFO     | f1_qualifying_dashboard.ingestion.fastf1_loader_multiple_years:load_multiple_years_rounds:44 - Loading 2019 Round 13…
2026-04-02 15:14:23.944 | INFO     | f1_qualifying_dashboard.ingestion.fastf1_loader_multiple_years:load_multiple_years_rounds:47 - ✓ Loaded 62 laps for 2019 Round 13
2026-04-02 15:14:23.945 | INFO     | f1_qualifying_dashboard.ingestion.fastf1_loader_multiple_years:load_multiple_years_rounds:44 - Loading 2019 Round 14…
2026-04-02 15:14:26.710 | INFO     | f1_qualifying_dashboard.ingestion.fastf1_loader_multiple_years:load_multiple_years_rounds:47 - ✓ Loaded 79 laps for 2019 Round 14
2026-04-02 15:14:26.710 | INFO     | f1_qualifying_dashboard.ingestion.fastf1_loader_multiple_years:load_multiple_years_rounds:44 - Loading 2019 Round 15…
2026-04-02 15:14:29.114 | INFO     | f1_qualifying_dashboard.ingestion.fastf1_loader_multiple_years:load_multiple_years_rounds:47 - ✓ Loaded 91 laps for 2019 Round 15
2026-04-02 15:14:29.114 | INFO     | f1_qualifying_dashboard.ingestion.fastf1_loader_multiple_years:load_multiple_years_rounds:44 - Loading 2019 Round 16…
2026-04-02 15:14:31.801 | INFO     | f1_qualifying_dashboard.ingestion.fastf1_loader_multiple_years:load_multiple_years_rounds:47 - ✓ Loaded 84 laps for 2019 Round 16
2026-04-02 15:14:31.801 | INFO     | f1_qualifying_dashboard.ingestion.fastf1_loader_multiple_years:load_multiple_years_rounds:44 - Loading 2019 Round 17…
2026-04-02 15:14:34.717 | INFO     | f1_qualifying_dashboard.ingestion.fastf1_loader_multiple_years:load_multiple_years_rounds:47 - ✓ Loaded 80 laps for 2019 Round 17
2026-04-02 15:14:34.718 | INFO     | f1_qualifying_dashboard.ingestion.fastf1_loader_multiple_years:load_multiple_years_rounds:44 - Loading 2019 Round 18…
2026-04-02 15:14:37.172 | INFO     | f1_qualifying_dashboard.ingestion.fastf1_loader_multiple_years:load_multiple_years_rounds:47 - ✓ Loaded 96 laps for 2019 Round 18
2026-04-02 15:14:37.173 | INFO     | f1_qualifying_dashboard.ingestion.fastf1_loader_multiple_years:load_multiple_years_rounds:44 - Loading 2019 Round 19…
2026-04-02 15:14:39.621 | INFO     | f1_qualifying_dashboard.ingestion.fastf1_loader_multiple_years:load_multiple_years_rounds:47 - ✓ Loaded 90 laps for 2019 Round 19
2026-04-02 15:14:39.621 | INFO     | f1_qualifying_dashboard.ingestion.fastf1_loader_multiple_years:load_multiple_years_rounds:44 - Loading 2019 Round 20…
2026-04-02 15:14:42.334 | INFO     | f1_qualifying_dashboard.ingestion.fastf1_loader_multiple_years:load_multiple_years_rounds:47 - ✓ Loaded 85 laps for 2019 Round 20
2026-04-02 15:14:42.335 | INFO     | f1_qualifying_dashboard.ingestion.fastf1_loader_multiple_years:load_multiple_years_rounds:44 - Loading 2019 Round 21…
2026-04-02 15:14:45.134 | INFO     | f1_qualifying_dashboard.ingestion.fastf1_loader_multiple_years:load_multiple_years_rounds:47 - ✓ Loaded 87 laps for 2019 Round 21
2026-04-02 15:14:45.135 | INFO     | f1_qualifying_dashboard.ingestion.fastf1_loader_multiple_years:load_multiple_years_rounds:44 - Loading 2020 Round 1…
2026-04-02 15:14:47.831 | INFO     | f1_qualifying_dashboard.ingestion.fastf1_loader_multiple_years:load_multiple_years_rounds:47 - ✓ Loaded 98 laps for 2020 Round 1
2026-04-02 15:14:47.831 | INFO     | f1_qualifying_dashboard.ingestion.fastf1_loader_multiple_years:load_multiple_years_rounds:44 - Loading 2020 Round 2…
2026-04-02 15:14:52.159 | INFO     | f1_qualifying_dashboard.ingestion.fastf1_loader_multiple_years:load_multiple_years_rounds:47 - ✓ Loaded 217 laps for 2020 Round 2
2026-04-02 15:14:52.160 | INFO     | f1_qualifying_dashboard.ingestion.fastf1_loader_multiple_years:load_multiple_years_rounds:44 - Loading 2020 Round 3…
2026-04-02 15:14:55.457 | INFO     | f1_qualifying_dashboard.ingestion.fastf1_loader_multiple_years:load_multiple_years_rounds:47 - ✓ Loaded 107 laps for 2020 Round 3
2026-04-02 15:14:55.457 | INFO     | f1_qualifying_dashboard.ingestion.fastf1_loader_multiple_years:load_multiple_years_rounds:44 - Loading 2020 Round 4…
2026-04-02 15:14:58.377 | INFO     | f1_qualifying_dashboard.ingestion.fastf1_loader_multiple_years:load_multiple_years_rounds:47 - ✓ Loaded 98 laps for 2020 Round 4
2026-04-02 15:14:58.378 | INFO     | f1_qualifying_dashboard.ingestion.fastf1_loader_multiple_years:load_multiple_years_rounds:44 - Loading 2020 Round 5…
2026-04-02 15:15:01.496 | INFO     | f1_qualifying_dashboard.ingestion.fastf1_loader_multiple_years:load_multiple_years_rounds:47 - ✓ Loaded 89 laps for 2020 Round 5
2026-04-02 15:15:01.497 | INFO     | f1_qualifying_dashboard.ingestion.fastf1_loader_multiple_years:load_multiple_years_rounds:44 - Loading 2020 Round 6…
2026-04-02 15:15:04.752 | INFO     | f1_qualifying_dashboard.ingestion.fastf1_loader_multiple_years:load_multiple_years_rounds:47 - ✓ Loaded 86 laps for 2020 Round 6
2026-04-02 15:15:04.753 | INFO     | f1_qualifying_dashboard.ingestion.fastf1_loader_multiple_years:load_multiple_years_rounds:44 - Loading 2020 Round 7…
2026-04-02 15:15:07.760 | INFO     | f1_qualifying_dashboard.ingestion.fastf1_loader_multiple_years:load_multiple_years_rounds:47 - ✓ Loaded 78 laps for 2020 Round 7
2026-04-02 15:15:07.760 | INFO     | f1_qualifying_dashboard.ingestion.fastf1_loader_multiple_years:load_multiple_years_rounds:44 - Loading 2020 Round 8…
2026-04-02 15:15:10.450 | INFO     | f1_qualifying_dashboard.ingestion.fastf1_loader_multiple_years:load_multiple_years_rounds:47 - ✓ Loaded 90 laps for 2020 Round 8
2026-04-02 15:15:10.451 | INFO     | f1_qualifying_dashboard.ingestion.fastf1_loader_multiple_years:load_multiple_years_rounds:44 - Loading 2020 Round 9…
2026-04-02 15:15:13.249 | INFO     | f1_qualifying_dashboard.ingestion.fastf1_loader_multiple_years:load_multiple_years_rounds:47 - ✓ Loaded 74 laps for 2020 Round 9
2026-04-02 15:15:13.250 | INFO     | f1_qualifying_dashboard.ingestion.fastf1_loader_multiple_years:load_multiple_years_rounds:44 - Loading 2020 Round 10…
2026-04-02 15:15:16.256 | INFO     | f1_qualifying_dashboard.ingestion.fastf1_loader_multiple_years:load_multiple_years_rounds:47 - ✓ Loaded 78 laps for 2020 Round 10
2026-04-02 15:15:16.258 | INFO     | f1_qualifying_dashboard.ingestion.fastf1_loader_multiple_years:load_multiple_years_rounds:44 - Loading 2020 Round 11…
2026-04-02 15:15:18.869 | INFO     | f1_qualifying_dashboard.ingestion.fastf1_loader_multiple_years:load_multiple_years_rounds:47 - ✓ Loaded 104 laps for 2020 Round 11
2026-04-02 15:15:18.870 | INFO     | f1_qualifying_dashboard.ingestion.fastf1_loader_multiple_years:load_multiple_years_rounds:44 - Loading 2020 Round 12…
2026-04-02 15:15:22.511 | INFO     | f1_qualifying_dashboard.ingestion.fastf1_loader_multiple_years:load_multiple_years_rounds:47 - ✓ Loaded 131 laps for 2020 Round 12
2026-04-02 15:15:22.512 | INFO     | f1_qualifying_dashboard.ingestion.fastf1_loader_multiple_years:load_multiple_years_rounds:44 - Loading 2020 Round 13…
2026-04-02 15:15:25.374 | INFO     | f1_qualifying_dashboard.ingestion.fastf1_loader_multiple_years:load_multiple_years_rounds:47 - ✓ Loaded 117 laps for 2020 Round 13
2026-04-02 15:15:25.376 | INFO     | f1_qualifying_dashboard.ingestion.fastf1_loader_multiple_years:load_multiple_years_rounds:44 - Loading 2020 Round 14…
2026-04-02 15:15:29.316 | INFO     | f1_qualifying_dashboard.ingestion.fastf1_loader_multiple_years:load_multiple_years_rounds:47 - ✓ Loaded 50 laps for 2020 Round 14
2026-04-02 15:15:29.317 | INFO     | f1_qualifying_dashboard.ingestion.fastf1_loader_multiple_years:load_multiple_years_rounds:44 - Loading 2020 Round 15…
2026-04-02 15:15:32.247 | INFO     | f1_qualifying_dashboard.ingestion.fastf1_loader_multiple_years:load_multiple_years_rounds:47 - ✓ Loaded 67 laps for 2020 Round 15
2026-04-02 15:15:32.247 | INFO     | f1_qualifying_dashboard.ingestion.fastf1_loader_multiple_years:load_multiple_years_rounds:44 - Loading 2020 Round 16…
2026-04-02 15:15:35.828 | INFO     | f1_qualifying_dashboard.ingestion.fastf1_loader_multiple_years:load_multiple_years_rounds:47 - ✓ Loaded 103 laps for 2020 Round 16
2026-04-02 15:15:35.828 | INFO     | f1_qualifying_dashboard.ingestion.fastf1_loader_multiple_years:load_multiple_years_rounds:44 - Loading 2020 Round 17…
2026-04-02 15:15:38.486 | INFO     | f1_qualifying_dashboard.ingestion.fastf1_loader_multiple_years:load_multiple_years_rounds:47 - ✓ Loaded 88 laps for 2020 Round 17
2026-04-02 15:15:38.487 | INFO     | f1_qualifying_dashboard.ingestion.fastf1_loader_multiple_years:load_multiple_years_rounds:44 - Loading 2021 Round 1…
2026-04-02 15:15:43.505 | INFO     | f1_qualifying_dashboard.ingestion.fastf1_loader_multiple_years:load_multiple_years_rounds:47 - ✓ Loaded 79 laps for 2021 Round 1
2026-04-02 15:15:43.506 | INFO     | f1_qualifying_dashboard.ingestion.fastf1_loader_multiple_years:load_multiple_years_rounds:44 - Loading 2021 Round 2…
2026-04-02 15:15:46.417 | INFO     | f1_qualifying_dashboard.ingestion.fastf1_loader_multiple_years:load_multiple_years_rounds:47 - ✓ Loaded 97 laps for 2021 Round 2
2026-04-02 15:15:46.418 | INFO     | f1_qualifying_dashboard.ingestion.fastf1_loader_multiple_years:load_multiple_years_rounds:44 - Loading 2021 Round 3…
2026-04-02 15:15:49.155 | INFO     | f1_qualifying_dashboard.ingestion.fastf1_loader_multiple_years:load_multiple_years_rounds:47 - ✓ Loaded 113 laps for 2021 Round 3
2026-04-02 15:15:49.155 | INFO     | f1_qualifying_dashboard.ingestion.fastf1_loader_multiple_years:load_multiple_years_rounds:44 - Loading 2021 Round 4…
2026-04-02 15:15:52.134 | INFO     | f1_qualifying_dashboard.ingestion.fastf1_loader_multiple_years:load_multiple_years_rounds:47 - ✓ Loaded 81 laps for 2021 Round 4
2026-04-02 15:15:52.135 | INFO     | f1_qualifying_dashboard.ingestion.fastf1_loader_multiple_years:load_multiple_years_rounds:44 - Loading 2021 Round 5…
2026-04-02 15:15:55.002 | INFO     | f1_qualifying_dashboard.ingestion.fastf1_loader_multiple_years:load_multiple_years_rounds:47 - ✓ Loaded 136 laps for 2021 Round 5
2026-04-02 15:15:55.003 | INFO     | f1_qualifying_dashboard.ingestion.fastf1_loader_multiple_years:load_multiple_years_rounds:44 - Loading 2021 Round 6…
2026-04-02 15:15:58.153 | INFO     | f1_qualifying_dashboard.ingestion.fastf1_loader_multiple_years:load_multiple_years_rounds:47 - ✓ Loaded 66 laps for 2021 Round 6
2026-04-02 15:15:58.154 | INFO     | f1_qualifying_dashboard.ingestion.fastf1_loader_multiple_years:load_multiple_years_rounds:44 - Loading 2021 Round 7…
2026-04-02 15:16:01.192 | INFO     | f1_qualifying_dashboard.ingestion.fastf1_loader_multiple_years:load_multiple_years_rounds:47 - ✓ Loaded 74 laps for 2021 Round 7
2026-04-02 15:16:01.192 | INFO     | f1_qualifying_dashboard.ingestion.fastf1_loader_multiple_years:load_multiple_years_rounds:44 - Loading 2021 Round 8…
2026-04-02 15:16:04.181 | INFO     | f1_qualifying_dashboard.ingestion.fastf1_loader_multiple_years:load_multiple_years_rounds:47 - ✓ Loaded 102 laps for 2021 Round 8
2026-04-02 15:16:04.181 | INFO     | f1_qualifying_dashboard.ingestion.fastf1_loader_multiple_years:load_multiple_years_rounds:44 - Loading 2021 Round 9…
2026-04-02 15:16:06.868 | INFO     | f1_qualifying_dashboard.ingestion.fastf1_loader_multiple_years:load_multiple_years_rounds:47 - ✓ Loaded 98 laps for 2021 Round 9
2026-04-02 15:16:06.869 | INFO     | f1_qualifying_dashboard.ingestion.fastf1_loader_multiple_years:load_multiple_years_rounds:44 - Loading 2021 Round 10…
2026-04-02 15:16:09.633 | INFO     | f1_qualifying_dashboard.ingestion.fastf1_loader_multiple_years:load_multiple_years_rounds:47 - ✓ Loaded 105 laps for 2021 Round 10
2026-04-02 15:16:09.634 | INFO     | f1_qualifying_dashboard.ingestion.fastf1_loader_multiple_years:load_multiple_years_rounds:44 - Loading 2021 Round 11…
2026-04-02 15:16:12.601 | INFO     | f1_qualifying_dashboard.ingestion.fastf1_loader_multiple_years:load_multiple_years_rounds:47 - ✓ Loaded 82 laps for 2021 Round 11
2026-04-02 15:16:12.602 | INFO     | f1_qualifying_dashboard.ingestion.fastf1_loader_multiple_years:load_multiple_years_rounds:44 - Loading 2021 Round 12…
2026-04-02 15:16:16.678 | INFO     | f1_qualifying_dashboard.ingestion.fastf1_loader_multiple_years:load_multiple_years_rounds:47 - ✓ Loaded 98 laps for 2021 Round 12
2026-04-02 15:16:16.679 | INFO     | f1_qualifying_dashboard.ingestion.fastf1_loader_multiple_years:load_multiple_years_rounds:44 - Loading 2021 Round 13…
2026-04-02 15:16:19.739 | INFO     | f1_qualifying_dashboard.ingestion.fastf1_loader_multiple_years:load_multiple_years_rounds:47 - ✓ Loaded 86 laps for 2021 Round 13
2026-04-02 15:16:19.740 | INFO     | f1_qualifying_dashboard.ingestion.fastf1_loader_multiple_years:load_multiple_years_rounds:44 - Loading 2021 Round 14…
2026-04-02 15:16:22.637 | INFO     | f1_qualifying_dashboard.ingestion.fastf1_loader_multiple_years:load_multiple_years_rounds:47 - ✓ Loaded 93 laps for 2021 Round 14
2026-04-02 15:16:22.638 | INFO     | f1_qualifying_dashboard.ingestion.fastf1_loader_multiple_years:load_multiple_years_rounds:44 - Loading 2021 Round 15…
2026-04-02 15:16:25.503 | INFO     | f1_qualifying_dashboard.ingestion.fastf1_loader_multiple_years:load_multiple_years_rounds:47 - ✓ Loaded 92 laps for 2021 Round 15
2026-04-02 15:16:25.504 | INFO     | f1_qualifying_dashboard.ingestion.fastf1_loader_multiple_years:load_multiple_years_rounds:44 - Loading 2021 Round 16…
2026-04-02 15:16:28.389 | INFO     | f1_qualifying_dashboard.ingestion.fastf1_loader_multiple_years:load_multiple_years_rounds:47 - ✓ Loaded 124 laps for 2021 Round 16
2026-04-02 15:16:28.390 | INFO     | f1_qualifying_dashboard.ingestion.fastf1_loader_multiple_years:load_multiple_years_rounds:44 - Loading 2021 Round 17…
2026-04-02 15:16:31.082 | INFO     | f1_qualifying_dashboard.ingestion.fastf1_loader_multiple_years:load_multiple_years_rounds:47 - ✓ Loaded 76 laps for 2021 Round 17
2026-04-02 15:16:31.083 | INFO     | f1_qualifying_dashboard.ingestion.fastf1_loader_multiple_years:load_multiple_years_rounds:44 - Loading 2021 Round 18…
2026-04-02 15:16:34.524 | INFO     | f1_qualifying_dashboard.ingestion.fastf1_loader_multiple_years:load_multiple_years_rounds:47 - ✓ Loaded 87 laps for 2021 Round 18
2026-04-02 15:16:34.524 | INFO     | f1_qualifying_dashboard.ingestion.fastf1_loader_multiple_years:load_multiple_years_rounds:44 - Loading 2021 Round 19…
2026-04-02 15:16:37.154 | INFO     | f1_qualifying_dashboard.ingestion.fastf1_loader_multiple_years:load_multiple_years_rounds:47 - ✓ Loaded 108 laps for 2021 Round 19
2026-04-02 15:16:37.155 | INFO     | f1_qualifying_dashboard.ingestion.fastf1_loader_multiple_years:load_multiple_years_rounds:44 - Loading 2021 Round 20…
2026-04-02 15:16:39.763 | INFO     | f1_qualifying_dashboard.ingestion.fastf1_loader_multiple_years:load_multiple_years_rounds:47 - ✓ Loaded 103 laps for 2021 Round 20
2026-04-02 15:16:39.764 | INFO     | f1_qualifying_dashboard.ingestion.fastf1_loader_multiple_years:load_multiple_years_rounds:44 - Loading 2021 Round 21…
2026-04-02 15:16:42.524 | INFO     | f1_qualifying_dashboard.ingestion.fastf1_loader_multiple_years:load_multiple_years_rounds:47 - ✓ Loaded 118 laps for 2021 Round 21
2026-04-02 15:16:42.525 | INFO     | f1_qualifying_dashboard.ingestion.fastf1_loader_multiple_years:load_multiple_years_rounds:44 - Loading 2021 Round 22…
2026-04-02 15:16:45.276 | INFO     | f1_qualifying_dashboard.ingestion.fastf1_loader_multiple_years:load_multiple_years_rounds:47 - ✓ Loaded 107 laps for 2021 Round 22
2026-04-02 15:16:45.277 | INFO     | f1_qualifying_dashboard.ingestion.fastf1_loader_multiple_years:load_multiple_years_rounds:44 - Loading 2022 Round 1…
2026-04-02 15:16:47.646 | INFO     | f1_qualifying_dashboard.ingestion.fastf1_loader_multiple_years:load_multiple_years_rounds:47 - ✓ Loaded 83 laps for 2022 Round 1
2026-04-02 15:16:47.646 | INFO     | f1_qualifying_dashboard.ingestion.fastf1_loader_multiple_years:load_multiple_years_rounds:44 - Loading 2022 Round 2…
2026-04-02 15:16:51.157 | INFO     | f1_qualifying_dashboard.ingestion.fastf1_loader_multiple_years:load_multiple_years_rounds:47 - ✓ Loaded 1 laps for 2022 Round 2
2026-04-02 15:16:51.158 | INFO     | f1_qualifying_dashboard.ingestion.fastf1_loader_multiple_years:load_multiple_years_rounds:44 - Loading 2022 Round 3…
2026-04-02 15:16:54.335 | INFO     | f1_qualifying_dashboard.ingestion.fastf1_loader_multiple_years:load_multiple_years_rounds:47 - ✓ Loaded 104 laps for 2022 Round 3
2026-04-02 15:16:54.335 | INFO     | f1_qualifying_dashboard.ingestion.fastf1_loader_multiple_years:load_multiple_years_rounds:44 - Loading 2022 Round 4…
2026-04-02 15:16:57.474 | INFO     | f1_qualifying_dashboard.ingestion.fastf1_loader_multiple_years:load_multiple_years_rounds:47 - ✓ Loaded 79 laps for 2022 Round 4
2026-04-02 15:16:57.474 | INFO     | f1_qualifying_dashboard.ingestion.fastf1_loader_multiple_years:load_multiple_years_rounds:44 - Loading 2022 Round 5…
2026-04-02 15:16:59.919 | INFO     | f1_qualifying_dashboard.ingestion.fastf1_loader_multiple_years:load_multiple_years_rounds:47 - ✓ Loaded 104 laps for 2022 Round 5
2026-04-02 15:16:59.920 | INFO     | f1_qualifying_dashboard.ingestion.fastf1_loader_multiple_years:load_multiple_years_rounds:44 - Loading 2022 Round 6…
2026-04-02 15:17:02.434 | INFO     | f1_qualifying_dashboard.ingestion.fastf1_loader_multiple_years:load_multiple_years_rounds:47 - ✓ Loaded 81 laps for 2022 Round 6
2026-04-02 15:17:02.435 | INFO     | f1_qualifying_dashboard.ingestion.fastf1_loader_multiple_years:load_multiple_years_rounds:44 - Loading 2022 Round 7…
2026-04-02 15:17:05.142 | INFO     | f1_qualifying_dashboard.ingestion.fastf1_loader_multiple_years:load_multiple_years_rounds:47 - ✓ Loaded 111 laps for 2022 Round 7
2026-04-02 15:17:05.143 | INFO     | f1_qualifying_dashboard.ingestion.fastf1_loader_multiple_years:load_multiple_years_rounds:44 - Loading 2022 Round 8…
2026-04-02 15:17:08.055 | INFO     | f1_qualifying_dashboard.ingestion.fastf1_loader_multiple_years:load_multiple_years_rounds:47 - ✓ Loaded 86 laps for 2022 Round 8
2026-04-02 15:17:08.056 | INFO     | f1_qualifying_dashboard.ingestion.fastf1_loader_multiple_years:load_multiple_years_rounds:44 - Loading 2022 Round 9…
2026-04-02 15:17:10.812 | INFO     | f1_qualifying_dashboard.ingestion.fastf1_loader_multiple_years:load_multiple_years_rounds:47 - ✓ Loaded 57 laps for 2022 Round 9
2026-04-02 15:17:10.813 | INFO     | f1_qualifying_dashboard.ingestion.fastf1_loader_multiple_years:load_multiple_years_rounds:44 - Loading 2022 Round 10…
2026-04-02 15:17:13.433 | INFO     | f1_qualifying_dashboard.ingestion.fastf1_loader_multiple_years:load_multiple_years_rounds:47 - ✓ Loaded 154 laps for 2022 Round 10
2026-04-02 15:17:13.433 | INFO     | f1_qualifying_dashboard.ingestion.fastf1_loader_multiple_years:load_multiple_years_rounds:44 - Loading 2022 Round 11…
2026-04-02 15:17:16.279 | INFO     | f1_qualifying_dashboard.ingestion.fastf1_loader_multiple_years:load_multiple_years_rounds:47 - ✓ Loaded 121 laps for 2022 Round 11
2026-04-02 15:17:16.280 | INFO     | f1_qualifying_dashboard.ingestion.fastf1_loader_multiple_years:load_multiple_years_rounds:44 - Loading 2022 Round 12…
2026-04-02 15:17:18.475 | INFO     | f1_qualifying_dashboard.ingestion.fastf1_loader_multiple_years:load_multiple_years_rounds:47 - ✓ Loaded 82 laps for 2022 Round 12
2026-04-02 15:17:18.475 | INFO     | f1_qualifying_dashboard.ingestion.fastf1_loader_multiple_years:load_multiple_years_rounds:44 - Loading 2022 Round 13…
2026-04-02 15:17:20.981 | INFO     | f1_qualifying_dashboard.ingestion.fastf1_loader_multiple_years:load_multiple_years_rounds:47 - ✓ Loaded 116 laps for 2022 Round 13
2026-04-02 15:17:20.982 | INFO     | f1_qualifying_dashboard.ingestion.fastf1_loader_multiple_years:load_multiple_years_rounds:44 - Loading 2022 Round 14…
2026-04-02 15:17:23.915 | INFO     | f1_qualifying_dashboard.ingestion.fastf1_loader_multiple_years:load_multiple_years_rounds:47 - ✓ Loaded 74 laps for 2022 Round 14
2026-04-02 15:17:23.916 | INFO     | f1_qualifying_dashboard.ingestion.fastf1_loader_multiple_years:load_multiple_years_rounds:44 - Loading 2022 Round 15…
2026-04-02 15:17:26.525 | INFO     | f1_qualifying_dashboard.ingestion.fastf1_loader_multiple_years:load_multiple_years_rounds:47 - ✓ Loaded 88 laps for 2022 Round 15
2026-04-02 15:17:26.526 | INFO     | f1_qualifying_dashboard.ingestion.fastf1_loader_multiple_years:load_multiple_years_rounds:44 - Loading 2022 Round 16…
2026-04-02 15:17:28.914 | INFO     | f1_qualifying_dashboard.ingestion.fastf1_loader_multiple_years:load_multiple_years_rounds:47 - ✓ Loaded 84 laps for 2022 Round 16
2026-04-02 15:17:28.915 | INFO     | f1_qualifying_dashboard.ingestion.fastf1_loader_multiple_years:load_multiple_years_rounds:44 - Loading 2022 Round 17…
2026-04-02 15:17:31.456 | INFO     | f1_qualifying_dashboard.ingestion.fastf1_loader_multiple_years:load_multiple_years_rounds:47 - ✓ Loaded 99 laps for 2022 Round 17
2026-04-02 15:17:31.457 | INFO     | f1_qualifying_dashboard.ingestion.fastf1_loader_multiple_years:load_multiple_years_rounds:44 - Loading 2022 Round 18…
2026-04-02 15:17:34.064 | INFO     | f1_qualifying_dashboard.ingestion.fastf1_loader_multiple_years:load_multiple_years_rounds:47 - ✓ Loaded 82 laps for 2022 Round 18
2026-04-02 15:17:34.065 | INFO     | f1_qualifying_dashboard.ingestion.fastf1_loader_multiple_years:load_multiple_years_rounds:44 - Loading 2022 Round 19…
2026-04-02 15:17:36.512 | INFO     | f1_qualifying_dashboard.ingestion.fastf1_loader_multiple_years:load_multiple_years_rounds:47 - ✓ Loaded 82 laps for 2022 Round 19
2026-04-02 15:17:36.513 | INFO     | f1_qualifying_dashboard.ingestion.fastf1_loader_multiple_years:load_multiple_years_rounds:44 - Loading 2022 Round 20…
2026-04-02 15:17:38.985 | INFO     | f1_qualifying_dashboard.ingestion.fastf1_loader_multiple_years:load_multiple_years_rounds:47 - ✓ Loaded 94 laps for 2022 Round 20
2026-04-02 15:17:38.985 | INFO     | f1_qualifying_dashboard.ingestion.fastf1_loader_multiple_years:load_multiple_years_rounds:44 - Loading 2022 Round 21…
2026-04-02 15:17:42.229 | INFO     | f1_qualifying_dashboard.ingestion.fastf1_loader_multiple_years:load_multiple_years_rounds:47 - ✓ Loaded 88 laps for 2022 Round 21
2026-04-02 15:17:42.230 | INFO     | f1_qualifying_dashboard.ingestion.fastf1_loader_multiple_years:load_multiple_years_rounds:44 - Loading 2022 Round 22…
2026-04-02 15:17:44.643 | INFO     | f1_qualifying_dashboard.ingestion.fastf1_loader_multiple_years:load_multiple_years_rounds:47 - ✓ Loaded 94 laps for 2022 Round 22
2026-04-02 15:17:44.644 | INFO     | f1_qualifying_dashboard.ingestion.fastf1_loader_multiple_years:load_multiple_years_rounds:44 - Loading 2023 Round 1…
2026-04-02 15:17:47.202 | INFO     | f1_qualifying_dashboard.ingestion.fastf1_loader_multiple_years:load_multiple_years_rounds:47 - ✓ Loaded 79 laps for 2023 Round 1
2026-04-02 15:17:47.202 | INFO     | f1_qualifying_dashboard.ingestion.fastf1_loader_multiple_years:load_multiple_years_rounds:44 - Loading 2023 Round 2…
2026-04-02 15:17:49.679 | INFO     | f1_qualifying_dashboard.ingestion.fastf1_loader_multiple_years:load_multiple_years_rounds:47 - ✓ Loaded 102 laps for 2023 Round 2
2026-04-02 15:17:49.680 | INFO     | f1_qualifying_dashboard.ingestion.fastf1_loader_multiple_years:load_multiple_years_rounds:44 - Loading 2023 Round 3…
2026-04-02 15:17:52.547 | INFO     | f1_qualifying_dashboard.ingestion.fastf1_loader_multiple_years:load_multiple_years_rounds:47 - ✓ Loaded 127 laps for 2023 Round 3
2026-04-02 15:17:52.547 | INFO     | f1_qualifying_dashboard.ingestion.fastf1_loader_multiple_years:load_multiple_years_rounds:44 - Loading 2023 Round 4…
2026-04-02 15:17:55.554 | INFO     | f1_qualifying_dashboard.ingestion.fastf1_loader_multiple_years:load_multiple_years_rounds:47 - ✓ Loaded 106 laps for 2023 Round 4
2026-04-02 15:17:55.554 | INFO     | f1_qualifying_dashboard.ingestion.fastf1_loader_multiple_years:load_multiple_years_rounds:44 - Loading 2023 Round 5…
2026-04-02 15:17:57.949 | INFO     | f1_qualifying_dashboard.ingestion.fastf1_loader_multiple_years:load_multiple_years_rounds:47 - ✓ Loaded 97 laps for 2023 Round 5
2026-04-02 15:17:57.950 | INFO     | f1_qualifying_dashboard.ingestion.fastf1_loader_multiple_years:load_multiple_years_rounds:44 - Loading 2023 Round 6…
2026-04-02 15:18:00.659 | INFO     | f1_qualifying_dashboard.ingestion.fastf1_loader_multiple_years:load_multiple_years_rounds:47 - ✓ Loaded 140 laps for 2023 Round 6
2026-04-02 15:18:00.659 | INFO     | f1_qualifying_dashboard.ingestion.fastf1_loader_multiple_years:load_multiple_years_rounds:44 - Loading 2023 Round 7…
2026-04-02 15:18:03.504 | INFO     | f1_qualifying_dashboard.ingestion.fastf1_loader_multiple_years:load_multiple_years_rounds:47 - ✓ Loaded 102 laps for 2023 Round 7
2026-04-02 15:18:03.505 | INFO     | f1_qualifying_dashboard.ingestion.fastf1_loader_multiple_years:load_multiple_years_rounds:44 - Loading 2023 Round 8…
2026-04-02 15:18:06.212 | INFO     | f1_qualifying_dashboard.ingestion.fastf1_loader_multiple_years:load_multiple_years_rounds:47 - ✓ Loaded 104 laps for 2023 Round 8
2026-04-02 15:18:06.213 | INFO     | f1_qualifying_dashboard.ingestion.fastf1_loader_multiple_years:load_multiple_years_rounds:44 - Loading 2023 Round 9…
2026-04-02 15:18:08.822 | INFO     | f1_qualifying_dashboard.ingestion.fastf1_loader_multiple_years:load_multiple_years_rounds:47 - ✓ Loaded 118 laps for 2023 Round 9
2026-04-02 15:18:08.823 | INFO     | f1_qualifying_dashboard.ingestion.fastf1_loader_multiple_years:load_multiple_years_rounds:44 - Loading 2023 Round 10…
2026-04-02 15:18:11.620 | INFO     | f1_qualifying_dashboard.ingestion.fastf1_loader_multiple_years:load_multiple_years_rounds:47 - ✓ Loaded 110 laps for 2023 Round 10
2026-04-02 15:18:11.621 | INFO     | f1_qualifying_dashboard.ingestion.fastf1_loader_multiple_years:load_multiple_years_rounds:44 - Loading 2023 Round 11…
2026-04-02 15:18:14.204 | INFO     | f1_qualifying_dashboard.ingestion.fastf1_loader_multiple_years:load_multiple_years_rounds:47 - ✓ Loaded 111 laps for 2023 Round 11
2026-04-02 15:18:14.204 | INFO     | f1_qualifying_dashboard.ingestion.fastf1_loader_multiple_years:load_multiple_years_rounds:44 - Loading 2023 Round 12…
2026-04-02 15:18:16.908 | INFO     | f1_qualifying_dashboard.ingestion.fastf1_loader_multiple_years:load_multiple_years_rounds:47 - ✓ Loaded 33 laps for 2023 Round 12
2026-04-02 15:18:16.908 | INFO     | f1_qualifying_dashboard.ingestion.fastf1_loader_multiple_years:load_multiple_years_rounds:44 - Loading 2023 Round 13…
2026-04-02 15:18:19.727 | INFO     | f1_qualifying_dashboard.ingestion.fastf1_loader_multiple_years:load_multiple_years_rounds:47 - ✓ Loaded 14 laps for 2023 Round 13
2026-04-02 15:18:19.728 | INFO     | f1_qualifying_dashboard.ingestion.fastf1_loader_multiple_years:load_multiple_years_rounds:44 - Loading 2023 Round 14…
2026-04-02 15:18:22.236 | INFO     | f1_qualifying_dashboard.ingestion.fastf1_loader_multiple_years:load_multiple_years_rounds:47 - ✓ Loaded 109 laps for 2023 Round 14
2026-04-02 15:18:22.236 | INFO     | f1_qualifying_dashboard.ingestion.fastf1_loader_multiple_years:load_multiple_years_rounds:44 - Loading 2023 Round 15…
2026-04-02 15:18:25.031 | INFO     | f1_qualifying_dashboard.ingestion.fastf1_loader_multiple_years:load_multiple_years_rounds:47 - ✓ Loaded 89 laps for 2023 Round 15
2026-04-02 15:18:25.032 | INFO     | f1_qualifying_dashboard.ingestion.fastf1_loader_multiple_years:load_multiple_years_rounds:44 - Loading 2023 Round 16…
2026-04-02 15:18:27.506 | INFO     | f1_qualifying_dashboard.ingestion.fastf1_loader_multiple_years:load_multiple_years_rounds:47 - ✓ Loaded 75 laps for 2023 Round 16
2026-04-02 15:18:27.506 | INFO     | f1_qualifying_dashboard.ingestion.fastf1_loader_multiple_years:load_multiple_years_rounds:44 - Loading 2023 Round 17…
2026-04-02 15:18:29.890 | INFO     | f1_qualifying_dashboard.ingestion.fastf1_loader_multiple_years:load_multiple_years_rounds:47 - ✓ Loaded 113 laps for 2023 Round 17
2026-04-02 15:18:29.890 | INFO     | f1_qualifying_dashboard.ingestion.fastf1_loader_multiple_years:load_multiple_years_rounds:44 - Loading 2023 Round 18…
2026-04-02 15:18:32.373 | INFO     | f1_qualifying_dashboard.ingestion.fastf1_loader_multiple_years:load_multiple_years_rounds:47 - ✓ Loaded 95 laps for 2023 Round 18
2026-04-02 15:18:32.373 | INFO     | f1_qualifying_dashboard.ingestion.fastf1_loader_multiple_years:load_multiple_years_rounds:44 - Loading 2023 Round 19…
2026-04-02 15:18:34.889 | INFO     | f1_qualifying_dashboard.ingestion.fastf1_loader_multiple_years:load_multiple_years_rounds:47 - ✓ Loaded 82 laps for 2023 Round 19
2026-04-02 15:18:34.890 | INFO     | f1_qualifying_dashboard.ingestion.fastf1_loader_multiple_years:load_multiple_years_rounds:44 - Loading 2023 Round 20…
2026-04-02 15:18:37.437 | INFO     | f1_qualifying_dashboard.ingestion.fastf1_loader_multiple_years:load_multiple_years_rounds:47 - ✓ Loaded 93 laps for 2023 Round 20
2026-04-02 15:18:37.438 | INFO     | f1_qualifying_dashboard.ingestion.fastf1_loader_multiple_years:load_multiple_years_rounds:44 - Loading 2023 Round 21…
2026-04-02 15:18:39.828 | INFO     | f1_qualifying_dashboard.ingestion.fastf1_loader_multiple_years:load_multiple_years_rounds:47 - ✓ Loaded 105 laps for 2023 Round 21
2026-04-02 15:18:39.829 | INFO     | f1_qualifying_dashboard.ingestion.fastf1_loader_multiple_years:load_multiple_years_rounds:44 - Loading 2023 Round 22…
2026-04-02 15:18:42.256 | INFO     | f1_qualifying_dashboard.ingestion.fastf1_loader_multiple_years:load_multiple_years_rounds:47 - ✓ Loaded 85 laps for 2023 Round 22
2026-04-02 15:18:42.257 | INFO     | f1_qualifying_dashboard.ingestion.fastf1_loader_multiple_years:load_multiple_years_rounds:44 - Loading 2026 Round 1…
2026-04-02 15:18:45.197 | INFO     | f1_qualifying_dashboard.ingestion.fastf1_loader_multiple_years:load_multiple_years_rounds:47 - ✓ Loaded 103 laps for 2026 Round 1
2026-04-02 15:18:45.198 | INFO     | f1_qualifying_dashboard.ingestion.fastf1_loader_multiple_years:load_multiple_years_rounds:44 - Loading 2026 Round 2…
2026-04-02 15:18:47.719 | INFO     | f1_qualifying_dashboard.ingestion.fastf1_loader_multiple_years:load_multiple_years_rounds:47 - ✓ Loaded 105 laps for 2026 Round 2
2026-04-02 15:18:47.720 | INFO     | f1_qualifying_dashboard.ingestion.fastf1_loader_multiple_years:load_multiple_years_rounds:44 - Loading 2026 Round 3…
2026-04-02 15:18:50.156 | INFO     | f1_qualifying_dashboard.ingestion.fastf1_loader_multiple_years:load_multiple_years_rounds:47 - ✓ Loaded 109 laps for 2026 Round 3
2026-04-02 15:18:50.156 | INFO     | f1_qualifying_dashboard.ingestion.fastf1_loader_multiple_years:load_multiple_years_rounds:44 - Loading 2026 Round 4…
2026-04-02 15:18:55.335 | WARNING  | f1_qualifying_dashboard.ingestion.fastf1_loader_multiple_years:load_multiple_years_rounds:50 - Skipping 2026 Round 4: The data you are trying to access has not been loaded yet. See `Session.load`
2026-04-02 15:18:55.337 | INFO     | f1_qualifying_dashboard.ingestion.fastf1_loader_multiple_years:load_multiple_years_rounds:44 - Loading 2026 Round 5…
2026-04-02 15:19:00.239 | WARNING  | f1_qualifying_dashboard.ingestion.fastf1_loader_multiple_years:load_multiple_years_rounds:50 - Skipping 2026 Round 5: The data you are trying to access has not been loaded yet. See `Session.load`
2026-04-02 15:19:00.241 | INFO     | f1_qualifying_dashboard.ingestion.fastf1_loader_multiple_years:load_multiple_years_rounds:44 - Loading 2026 Round 6…
2026-04-02 15:19:05.369 | WARNING  | f1_qualifying_dashboard.ingestion.fastf1_loader_multiple_years:load_multiple_years_rounds:50 - Skipping 2026 Round 6: The data you are trying to access has not been loaded yet. See `Session.load`
2026-04-02 15:19:05.371 | INFO     | f1_qualifying_dashboard.ingestion.fastf1_loader_multiple_years:load_multiple_years_rounds:44 - Loading 2026 Round 7…
2026-04-02 15:19:10.445 | WARNING  | f1_qualifying_dashboard.ingestion.fastf1_loader_multiple_years:load_multiple_years_rounds:50 - Skipping 2026 Round 7: The data you are trying to access has not been loaded yet. See `Session.load`
2026-04-02 15:19:10.446 | INFO     | f1_qualifying_dashboard.ingestion.fastf1_loader_multiple_years:load_multiple_years_rounds:44 - Loading 2026 Round 8…
2026-04-02 15:19:15.417 | WARNING  | f1_qualifying_dashboard.ingestion.fastf1_loader_multiple_years:load_multiple_years_rounds:50 - Skipping 2026 Round 8: The data you are trying to access has not been loaded yet. See `Session.load`
2026-04-02 15:19:15.418 | INFO     | f1_qualifying_dashboard.ingestion.fastf1_loader_multiple_years:load_multiple_years_rounds:44 - Loading 2026 Round 9…
2026-04-02 15:19:20.576 | WARNING  | f1_qualifying_dashboard.ingestion.fastf1_loader_multiple_years:load_multiple_years_rounds:50 - Skipping 2026 Round 9: The data you are trying to access has not been loaded yet. See `Session.load`
2026-04-02 15:19:20.576 | INFO     | f1_qualifying_dashboard.ingestion.fastf1_loader_multiple_years:load_multiple_years_rounds:44 - Loading 2026 Round 10…
2026-04-02 15:19:25.762 | WARNING  | f1_qualifying_dashboard.ingestion.fastf1_loader_multiple_years:load_multiple_years_rounds:50 - Skipping 2026 Round 10: The data you are trying to access has not been loaded yet. See `Session.load`
2026-04-02 15:19:25.763 | INFO     | f1_qualifying_dashboard.ingestion.fastf1_loader_multiple_years:load_multiple_years_rounds:44 - Loading 2026 Round 11…
2026-04-02 15:19:33.886 | WARNING  | f1_qualifying_dashboard.ingestion.fastf1_loader_multiple_years:load_multiple_years_rounds:50 - Skipping 2026 Round 11: The data you are trying to access has not been loaded yet. See `Session.load`
2026-04-02 15:19:33.886 | INFO     | f1_qualifying_dashboard.ingestion.fastf1_loader_multiple_years:load_multiple_years_rounds:44 - Loading 2026 Round 12…
2026-04-02 15:19:39.036 | WARNING  | f1_qualifying_dashboard.ingestion.fastf1_loader_multiple_years:load_multiple_years_rounds:50 - Skipping 2026 Round 12: The data you are trying to access has not been loaded yet. See `Session.load`
2026-04-02 15:19:39.037 | INFO     | f1_qualifying_dashboard.ingestion.fastf1_loader_multiple_years:load_multiple_years_rounds:44 - Loading 2026 Round 13…
2026-04-02 15:19:44.265 | WARNING  | f1_qualifying_dashboard.ingestion.fastf1_loader_multiple_years:load_multiple_years_rounds:50 - Skipping 2026 Round 13: The data you are trying to access has not been loaded yet. See `Session.load`
2026-04-02 15:19:44.267 | INFO     | f1_qualifying_dashboard.ingestion.fastf1_loader_multiple_years:load_multiple_years_rounds:44 - Loading 2026 Round 14…
2026-04-02 15:19:49.274 | WARNING  | f1_qualifying_dashboard.ingestion.fastf1_loader_multiple_years:load_multiple_years_rounds:50 - Skipping 2026 Round 14: The data you are trying to access has not been loaded yet. See `Session.load`
2026-04-02 15:19:49.275 | INFO     | f1_qualifying_dashboard.ingestion.fastf1_loader_multiple_years:load_multiple_years_rounds:44 - Loading 2026 Round 15…
2026-04-02 15:19:54.379 | WARNING  | f1_qualifying_dashboard.ingestion.fastf1_loader_multiple_years:load_multiple_years_rounds:50 - Skipping 2026 Round 15: The data you are trying to access has not been loaded yet. See `Session.load`
2026-04-02 15:19:54.381 | INFO     | f1_qualifying_dashboard.ingestion.fastf1_loader_multiple_years:load_multiple_years_rounds:44 - Loading 2026 Round 16…
2026-04-02 15:19:59.556 | WARNING  | f1_qualifying_dashboard.ingestion.fastf1_loader_multiple_years:load_multiple_years_rounds:50 - Skipping 2026 Round 16: The data you are trying to access has not been loaded yet. See `Session.load`
2026-04-02 15:19:59.557 | INFO     | f1_qualifying_dashboard.ingestion.fastf1_loader_multiple_years:load_multiple_years_rounds:44 - Loading 2026 Round 17…
2026-04-02 15:20:04.734 | WARNING  | f1_qualifying_dashboard.ingestion.fastf1_loader_multiple_years:load_multiple_years_rounds:50 - Skipping 2026 Round 17: The data you are trying to access has not been loaded yet. See `Session.load`
2026-04-02 15:20:04.735 | INFO     | f1_qualifying_dashboard.ingestion.fastf1_loader_multiple_years:load_multiple_years_rounds:44 - Loading 2026 Round 18…
2026-04-02 15:20:09.796 | WARNING  | f1_qualifying_dashboard.ingestion.fastf1_loader_multiple_years:load_multiple_years_rounds:50 - Skipping 2026 Round 18: The data you are trying to access has not been loaded yet. See `Session.load`
2026-04-02 15:20:09.797 | INFO     | f1_qualifying_dashboard.ingestion.fastf1_loader_multiple_years:load_multiple_years_rounds:44 - Loading 2026 Round 19…
2026-04-02 15:20:14.966 | WARNING  | f1_qualifying_dashboard.ingestion.fastf1_loader_multiple_years:load_multiple_years_rounds:50 - Skipping 2026 Round 19: The data you are trying to access has not been loaded yet. See `Session.load`
2026-04-02 15:20:14.967 | INFO     | f1_qualifying_dashboard.ingestion.fastf1_loader_multiple_years:load_multiple_years_rounds:44 - Loading 2026 Round 20…
2026-04-02 15:20:20.034 | WARNING  | f1_qualifying_dashboard.ingestion.fastf1_loader_multiple_years:load_multiple_years_rounds:50 - Skipping 2026 Round 20: The data you are trying to access has not been loaded yet. See `Session.load`
2026-04-02 15:20:20.035 | INFO     | f1_qualifying_dashboard.ingestion.fastf1_loader_multiple_years:load_multiple_years_rounds:44 - Loading 2026 Round 21…
2026-04-02 15:20:25.180 | WARNING  | f1_qualifying_dashboard.ingestion.fastf1_loader_multiple_years:load_multiple_years_rounds:50 - Skipping 2026 Round 21: The data you are trying to access has not been loaded yet. See `Session.load`
2026-04-02 15:20:25.182 | INFO     | f1_qualifying_dashboard.ingestion.fastf1_loader_multiple_years:load_multiple_years_rounds:44 - Loading 2026 Round 22…
2026-04-02 15:20:30.439 | WARNING  | f1_qualifying_dashboard.ingestion.fastf1_loader_multiple_years:load_multiple_years_rounds:50 - Skipping 2026 Round 22: The data you are trying to access has not been loaded yet. See `Session.load`
2026-04-02 15:20:30.454 | INFO     | __main__:run_ingestion_multiple:51 - Loaded 10119 raw laps across all sessions
2026-04-02 15:20:31.160 | INFO     | __main__:run_ingestion_multiple:55 - Validated 10119 laps
2026-04-02 15:20:31.684 | INFO     | __main__:run_ingestion_multiple:59 - Saved validated qualifying data to DuckDB
2026-04-10 10:39:27.496 | INFO     | __main__:run_ingestion_multiple:40 - Loading qualifying data for years=[2019, 2020, 2021, 2022, 2023, 2026]
2026-04-10 10:39:27.901 | INFO     | __main__:get_valid_rounds:31 - Year 2019: Found 21 valid rounds → [1, 2, 3, 4, 5, 6, 7, 8, 9, 10, 11, 12, 13, 14, 15, 16, 17, 18, 19, 20, 21]
2026-04-10 10:39:28.407 | INFO     | __main__:get_valid_rounds:31 - Year 2020: Found 17 valid rounds → [1, 2, 3, 4, 5, 6, 7, 8, 9, 10, 11, 12, 13, 14, 15, 16, 17]
2026-04-10 10:39:28.947 | INFO     | __main__:get_valid_rounds:31 - Year 2021: Found 22 valid rounds → [1, 2, 3, 4, 5, 6, 7, 8, 9, 10, 11, 12, 13, 14, 15, 16, 17, 18, 19, 20, 21, 22]
2026-04-10 10:39:29.454 | INFO     | __main__:get_valid_rounds:31 - Year 2022: Found 22 valid rounds → [1, 2, 3, 4, 5, 6, 7, 8, 9, 10, 11, 12, 13, 14, 15, 16, 17, 18, 19, 20, 21, 22]
2026-04-10 10:39:29.941 | INFO     | __main__:get_valid_rounds:31 - Year 2023: Found 22 valid rounds → [1, 2, 3, 4, 5, 6, 7, 8, 9, 10, 11, 12, 13, 14, 15, 16, 17, 18, 19, 20, 21, 22]
2026-04-10 10:39:30.336 | INFO     | __main__:get_valid_rounds:31 - Year 2026: Found 22 valid rounds → [1, 2, 3, 4, 5, 6, 7, 8, 9, 10, 11, 12, 13, 14, 15, 16, 17, 18, 19, 20, 21, 22]
2026-04-10 10:39:30.638 | INFO     | f1_qualifying_dashboard.ingestion.fastf1_loader_multiple_years:load_multiple_years_rounds:44 - Loading 2019 Round 1…
2026-04-10 10:39:33.307 | INFO     | f1_qualifying_dashboard.ingestion.fastf1_loader_multiple_years:load_multiple_years_rounds:47 - ✓ Loaded 89 laps for 2019 Round 1
2026-04-10 10:39:33.308 | INFO     | f1_qualifying_dashboard.ingestion.fastf1_loader_multiple_years:load_multiple_years_rounds:44 - Loading 2019 Round 2…
2026-04-10 10:39:35.539 | INFO     | f1_qualifying_dashboard.ingestion.fastf1_loader_multiple_years:load_multiple_years_rounds:47 - ✓ Loaded 78 laps for 2019 Round 2
2026-04-10 10:39:35.540 | INFO     | f1_qualifying_dashboard.ingestion.fastf1_loader_multiple_years:load_multiple_years_rounds:44 - Loading 2019 Round 3…
2026-04-10 10:39:38.685 | INFO     | f1_qualifying_dashboard.ingestion.fastf1_loader_multiple_years:load_multiple_years_rounds:47 - ✓ Loaded 74 laps for 2019 Round 3
2026-04-10 10:39:38.686 | INFO     | f1_qualifying_dashboard.ingestion.fastf1_loader_multiple_years:load_multiple_years_rounds:44 - Loading 2019 Round 4…
2026-04-10 10:39:42.152 | INFO     | f1_qualifying_dashboard.ingestion.fastf1_loader_multiple_years:load_multiple_years_rounds:47 - ✓ Loaded 103 laps for 2019 Round 4
2026-04-10 10:39:42.153 | INFO     | f1_qualifying_dashboard.ingestion.fastf1_loader_multiple_years:load_multiple_years_rounds:44 - Loading 2019 Round 5…
2026-04-10 10:39:44.719 | INFO     | f1_qualifying_dashboard.ingestion.fastf1_loader_multiple_years:load_multiple_years_rounds:47 - ✓ Loaded 89 laps for 2019 Round 5
2026-04-10 10:39:44.720 | INFO     | f1_qualifying_dashboard.ingestion.fastf1_loader_multiple_years:load_multiple_years_rounds:44 - Loading 2019 Round 6…
2026-04-10 10:39:47.813 | INFO     | f1_qualifying_dashboard.ingestion.fastf1_loader_multiple_years:load_multiple_years_rounds:47 - ✓ Loaded 152 laps for 2019 Round 6
2026-04-10 10:39:47.814 | INFO     | f1_qualifying_dashboard.ingestion.fastf1_loader_multiple_years:load_multiple_years_rounds:44 - Loading 2019 Round 7…
2026-04-10 10:39:51.113 | INFO     | f1_qualifying_dashboard.ingestion.fastf1_loader_multiple_years:load_multiple_years_rounds:47 - ✓ Loaded 100 laps for 2019 Round 7
2026-04-10 10:39:51.114 | INFO     | f1_qualifying_dashboard.ingestion.fastf1_loader_multiple_years:load_multiple_years_rounds:44 - Loading 2019 Round 8…
2026-04-10 10:39:54.471 | INFO     | f1_qualifying_dashboard.ingestion.fastf1_loader_multiple_years:load_multiple_years_rounds:47 - ✓ Loaded 99 laps for 2019 Round 8
2026-04-10 10:39:54.472 | INFO     | f1_qualifying_dashboard.ingestion.fastf1_loader_multiple_years:load_multiple_years_rounds:44 - Loading 2019 Round 9…
2026-04-10 10:39:57.303 | INFO     | f1_qualifying_dashboard.ingestion.fastf1_loader_multiple_years:load_multiple_years_rounds:47 - ✓ Loaded 106 laps for 2019 Round 9
2026-04-10 10:39:57.304 | INFO     | f1_qualifying_dashboard.ingestion.fastf1_loader_multiple_years:load_multiple_years_rounds:44 - Loading 2019 Round 10…
2026-04-10 10:40:00.670 | INFO     | f1_qualifying_dashboard.ingestion.fastf1_loader_multiple_years:load_multiple_years_rounds:47 - ✓ Loaded 119 laps for 2019 Round 10
2026-04-10 10:40:00.670 | INFO     | f1_qualifying_dashboard.ingestion.fastf1_loader_multiple_years:load_multiple_years_rounds:44 - Loading 2019 Round 11…
2026-04-10 10:40:03.937 | INFO     | f1_qualifying_dashboard.ingestion.fastf1_loader_multiple_years:load_multiple_years_rounds:47 - ✓ Loaded 89 laps for 2019 Round 11
2026-04-10 10:40:03.938 | INFO     | f1_qualifying_dashboard.ingestion.fastf1_loader_multiple_years:load_multiple_years_rounds:44 - Loading 2019 Round 12…
2026-04-10 10:40:06.777 | INFO     | f1_qualifying_dashboard.ingestion.fastf1_loader_multiple_years:load_multiple_years_rounds:47 - ✓ Loaded 97 laps for 2019 Round 12
2026-04-10 10:40:06.777 | INFO     | f1_qualifying_dashboard.ingestion.fastf1_loader_multiple_years:load_multiple_years_rounds:44 - Loading 2019 Round 13…
2026-04-10 10:40:09.975 | INFO     | f1_qualifying_dashboard.ingestion.fastf1_loader_multiple_years:load_multiple_years_rounds:47 - ✓ Loaded 62 laps for 2019 Round 13
2026-04-10 10:40:09.976 | INFO     | f1_qualifying_dashboard.ingestion.fastf1_loader_multiple_years:load_multiple_years_rounds:44 - Loading 2019 Round 14…
2026-04-10 10:40:13.177 | INFO     | f1_qualifying_dashboard.ingestion.fastf1_loader_multiple_years:load_multiple_years_rounds:47 - ✓ Loaded 79 laps for 2019 Round 14
2026-04-10 10:40:13.178 | INFO     | f1_qualifying_dashboard.ingestion.fastf1_loader_multiple_years:load_multiple_years_rounds:44 - Loading 2019 Round 15…
2026-04-10 10:40:16.224 | INFO     | f1_qualifying_dashboard.ingestion.fastf1_loader_multiple_years:load_multiple_years_rounds:47 - ✓ Loaded 91 laps for 2019 Round 15
2026-04-10 10:40:16.225 | INFO     | f1_qualifying_dashboard.ingestion.fastf1_loader_multiple_years:load_multiple_years_rounds:44 - Loading 2019 Round 16…
2026-04-10 10:40:19.426 | INFO     | f1_qualifying_dashboard.ingestion.fastf1_loader_multiple_years:load_multiple_years_rounds:47 - ✓ Loaded 84 laps for 2019 Round 16
2026-04-10 10:40:19.426 | INFO     | f1_qualifying_dashboard.ingestion.fastf1_loader_multiple_years:load_multiple_years_rounds:44 - Loading 2019 Round 17…
2026-04-10 10:40:22.915 | INFO     | f1_qualifying_dashboard.ingestion.fastf1_loader_multiple_years:load_multiple_years_rounds:47 - ✓ Loaded 80 laps for 2019 Round 17
2026-04-10 10:40:22.916 | INFO     | f1_qualifying_dashboard.ingestion.fastf1_loader_multiple_years:load_multiple_years_rounds:44 - Loading 2019 Round 18…
2026-04-10 10:40:25.779 | INFO     | f1_qualifying_dashboard.ingestion.fastf1_loader_multiple_years:load_multiple_years_rounds:47 - ✓ Loaded 96 laps for 2019 Round 18
2026-04-10 10:40:25.780 | INFO     | f1_qualifying_dashboard.ingestion.fastf1_loader_multiple_years:load_multiple_years_rounds:44 - Loading 2019 Round 19…
2026-04-10 10:40:28.912 | INFO     | f1_qualifying_dashboard.ingestion.fastf1_loader_multiple_years:load_multiple_years_rounds:47 - ✓ Loaded 90 laps for 2019 Round 19
2026-04-10 10:40:28.912 | INFO     | f1_qualifying_dashboard.ingestion.fastf1_loader_multiple_years:load_multiple_years_rounds:44 - Loading 2019 Round 20…
2026-04-10 10:40:32.157 | INFO     | f1_qualifying_dashboard.ingestion.fastf1_loader_multiple_years:load_multiple_years_rounds:47 - ✓ Loaded 85 laps for 2019 Round 20
2026-04-10 10:40:32.158 | INFO     | f1_qualifying_dashboard.ingestion.fastf1_loader_multiple_years:load_multiple_years_rounds:44 - Loading 2019 Round 21…
2026-04-10 10:40:35.686 | INFO     | f1_qualifying_dashboard.ingestion.fastf1_loader_multiple_years:load_multiple_years_rounds:47 - ✓ Loaded 87 laps for 2019 Round 21
2026-04-10 10:40:35.687 | INFO     | f1_qualifying_dashboard.ingestion.fastf1_loader_multiple_years:load_multiple_years_rounds:44 - Loading 2020 Round 1…
2026-04-10 10:40:39.023 | INFO     | f1_qualifying_dashboard.ingestion.fastf1_loader_multiple_years:load_multiple_years_rounds:47 - ✓ Loaded 98 laps for 2020 Round 1
2026-04-10 10:40:39.023 | INFO     | f1_qualifying_dashboard.ingestion.fastf1_loader_multiple_years:load_multiple_years_rounds:44 - Loading 2020 Round 2…
2026-04-10 10:40:43.677 | INFO     | f1_qualifying_dashboard.ingestion.fastf1_loader_multiple_years:load_multiple_years_rounds:47 - ✓ Loaded 217 laps for 2020 Round 2
2026-04-10 10:40:43.678 | INFO     | f1_qualifying_dashboard.ingestion.fastf1_loader_multiple_years:load_multiple_years_rounds:44 - Loading 2020 Round 3…
2026-04-10 10:40:47.393 | INFO     | f1_qualifying_dashboard.ingestion.fastf1_loader_multiple_years:load_multiple_years_rounds:47 - ✓ Loaded 107 laps for 2020 Round 3
2026-04-10 10:40:47.394 | INFO     | f1_qualifying_dashboard.ingestion.fastf1_loader_multiple_years:load_multiple_years_rounds:44 - Loading 2020 Round 4…
2026-04-10 10:40:50.973 | INFO     | f1_qualifying_dashboard.ingestion.fastf1_loader_multiple_years:load_multiple_years_rounds:47 - ✓ Loaded 98 laps for 2020 Round 4
2026-04-10 10:40:50.974 | INFO     | f1_qualifying_dashboard.ingestion.fastf1_loader_multiple_years:load_multiple_years_rounds:44 - Loading 2020 Round 5…
2026-04-10 10:40:54.520 | INFO     | f1_qualifying_dashboard.ingestion.fastf1_loader_multiple_years:load_multiple_years_rounds:47 - ✓ Loaded 89 laps for 2020 Round 5
2026-04-10 10:40:54.521 | INFO     | f1_qualifying_dashboard.ingestion.fastf1_loader_multiple_years:load_multiple_years_rounds:44 - Loading 2020 Round 6…
2026-04-10 10:40:58.160 | INFO     | f1_qualifying_dashboard.ingestion.fastf1_loader_multiple_years:load_multiple_years_rounds:47 - ✓ Loaded 86 laps for 2020 Round 6
2026-04-10 10:40:58.161 | INFO     | f1_qualifying_dashboard.ingestion.fastf1_loader_multiple_years:load_multiple_years_rounds:44 - Loading 2020 Round 7…
2026-04-10 10:41:02.113 | INFO     | f1_qualifying_dashboard.ingestion.fastf1_loader_multiple_years:load_multiple_years_rounds:47 - ✓ Loaded 78 laps for 2020 Round 7
2026-04-10 10:41:02.114 | INFO     | f1_qualifying_dashboard.ingestion.fastf1_loader_multiple_years:load_multiple_years_rounds:44 - Loading 2020 Round 8…
2026-04-10 10:41:05.654 | INFO     | f1_qualifying_dashboard.ingestion.fastf1_loader_multiple_years:load_multiple_years_rounds:47 - ✓ Loaded 90 laps for 2020 Round 8
2026-04-10 10:41:05.655 | INFO     | f1_qualifying_dashboard.ingestion.fastf1_loader_multiple_years:load_multiple_years_rounds:44 - Loading 2020 Round 9…
2026-04-10 10:41:09.144 | INFO     | f1_qualifying_dashboard.ingestion.fastf1_loader_multiple_years:load_multiple_years_rounds:47 - ✓ Loaded 74 laps for 2020 Round 9
2026-04-10 10:41:09.144 | INFO     | f1_qualifying_dashboard.ingestion.fastf1_loader_multiple_years:load_multiple_years_rounds:44 - Loading 2020 Round 10…
2026-04-10 10:41:12.997 | INFO     | f1_qualifying_dashboard.ingestion.fastf1_loader_multiple_years:load_multiple_years_rounds:47 - ✓ Loaded 78 laps for 2020 Round 10
2026-04-10 10:41:12.999 | INFO     | f1_qualifying_dashboard.ingestion.fastf1_loader_multiple_years:load_multiple_years_rounds:44 - Loading 2020 Round 11…
2026-04-10 10:41:16.219 | INFO     | f1_qualifying_dashboard.ingestion.fastf1_loader_multiple_years:load_multiple_years_rounds:47 - ✓ Loaded 104 laps for 2020 Round 11
2026-04-10 10:41:16.220 | INFO     | f1_qualifying_dashboard.ingestion.fastf1_loader_multiple_years:load_multiple_years_rounds:44 - Loading 2020 Round 12…
2026-04-10 10:41:20.340 | INFO     | f1_qualifying_dashboard.ingestion.fastf1_loader_multiple_years:load_multiple_years_rounds:47 - ✓ Loaded 131 laps for 2020 Round 12
2026-04-10 10:41:20.341 | INFO     | f1_qualifying_dashboard.ingestion.fastf1_loader_multiple_years:load_multiple_years_rounds:44 - Loading 2020 Round 13…
2026-04-10 10:41:24.022 | INFO     | f1_qualifying_dashboard.ingestion.fastf1_loader_multiple_years:load_multiple_years_rounds:47 - ✓ Loaded 117 laps for 2020 Round 13
2026-04-10 10:41:24.023 | INFO     | f1_qualifying_dashboard.ingestion.fastf1_loader_multiple_years:load_multiple_years_rounds:44 - Loading 2020 Round 14…
2026-04-10 10:41:28.310 | INFO     | f1_qualifying_dashboard.ingestion.fastf1_loader_multiple_years:load_multiple_years_rounds:47 - ✓ Loaded 50 laps for 2020 Round 14
2026-04-10 10:41:28.311 | INFO     | f1_qualifying_dashboard.ingestion.fastf1_loader_multiple_years:load_multiple_years_rounds:44 - Loading 2020 Round 15…
2026-04-10 10:41:31.758 | INFO     | f1_qualifying_dashboard.ingestion.fastf1_loader_multiple_years:load_multiple_years_rounds:47 - ✓ Loaded 67 laps for 2020 Round 15
2026-04-10 10:41:31.759 | INFO     | f1_qualifying_dashboard.ingestion.fastf1_loader_multiple_years:load_multiple_years_rounds:44 - Loading 2020 Round 16…
2026-04-10 10:41:36.152 | INFO     | f1_qualifying_dashboard.ingestion.fastf1_loader_multiple_years:load_multiple_years_rounds:47 - ✓ Loaded 103 laps for 2020 Round 16
2026-04-10 10:41:36.152 | INFO     | f1_qualifying_dashboard.ingestion.fastf1_loader_multiple_years:load_multiple_years_rounds:44 - Loading 2020 Round 17…
2026-04-10 10:41:39.512 | INFO     | f1_qualifying_dashboard.ingestion.fastf1_loader_multiple_years:load_multiple_years_rounds:47 - ✓ Loaded 88 laps for 2020 Round 17
2026-04-10 10:41:39.513 | INFO     | f1_qualifying_dashboard.ingestion.fastf1_loader_multiple_years:load_multiple_years_rounds:44 - Loading 2021 Round 1…
2026-04-10 10:41:43.450 | INFO     | f1_qualifying_dashboard.ingestion.fastf1_loader_multiple_years:load_multiple_years_rounds:47 - ✓ Loaded 79 laps for 2021 Round 1
2026-04-10 10:41:43.451 | INFO     | f1_qualifying_dashboard.ingestion.fastf1_loader_multiple_years:load_multiple_years_rounds:44 - Loading 2021 Round 2…
2026-04-10 10:41:46.755 | INFO     | f1_qualifying_dashboard.ingestion.fastf1_loader_multiple_years:load_multiple_years_rounds:47 - ✓ Loaded 97 laps for 2021 Round 2
2026-04-10 10:41:46.755 | INFO     | f1_qualifying_dashboard.ingestion.fastf1_loader_multiple_years:load_multiple_years_rounds:44 - Loading 2021 Round 3…
2026-04-10 10:41:50.108 | INFO     | f1_qualifying_dashboard.ingestion.fastf1_loader_multiple_years:load_multiple_years_rounds:47 - ✓ Loaded 113 laps for 2021 Round 3
2026-04-10 10:41:50.108 | INFO     | f1_qualifying_dashboard.ingestion.fastf1_loader_multiple_years:load_multiple_years_rounds:44 - Loading 2021 Round 4…
2026-04-10 10:41:53.987 | INFO     | f1_qualifying_dashboard.ingestion.fastf1_loader_multiple_years:load_multiple_years_rounds:47 - ✓ Loaded 81 laps for 2021 Round 4
2026-04-10 10:41:53.988 | INFO     | f1_qualifying_dashboard.ingestion.fastf1_loader_multiple_years:load_multiple_years_rounds:44 - Loading 2021 Round 5…
2026-04-10 10:41:57.162 | INFO     | f1_qualifying_dashboard.ingestion.fastf1_loader_multiple_years:load_multiple_years_rounds:47 - ✓ Loaded 136 laps for 2021 Round 5
2026-04-10 10:41:57.162 | INFO     | f1_qualifying_dashboard.ingestion.fastf1_loader_multiple_years:load_multiple_years_rounds:44 - Loading 2021 Round 6…
2026-04-10 10:42:01.744 | INFO     | f1_qualifying_dashboard.ingestion.fastf1_loader_multiple_years:load_multiple_years_rounds:47 - ✓ Loaded 66 laps for 2021 Round 6
2026-04-10 10:42:01.745 | INFO     | f1_qualifying_dashboard.ingestion.fastf1_loader_multiple_years:load_multiple_years_rounds:44 - Loading 2021 Round 7…
2026-04-10 10:42:05.356 | INFO     | f1_qualifying_dashboard.ingestion.fastf1_loader_multiple_years:load_multiple_years_rounds:47 - ✓ Loaded 74 laps for 2021 Round 7
2026-04-10 10:42:05.359 | INFO     | f1_qualifying_dashboard.ingestion.fastf1_loader_multiple_years:load_multiple_years_rounds:44 - Loading 2021 Round 8…
2026-04-10 10:42:08.702 | INFO     | f1_qualifying_dashboard.ingestion.fastf1_loader_multiple_years:load_multiple_years_rounds:47 - ✓ Loaded 102 laps for 2021 Round 8
2026-04-10 10:42:08.703 | INFO     | f1_qualifying_dashboard.ingestion.fastf1_loader_multiple_years:load_multiple_years_rounds:44 - Loading 2021 Round 9…
2026-04-10 10:42:11.909 | INFO     | f1_qualifying_dashboard.ingestion.fastf1_loader_multiple_years:load_multiple_years_rounds:47 - ✓ Loaded 98 laps for 2021 Round 9
2026-04-10 10:42:11.910 | INFO     | f1_qualifying_dashboard.ingestion.fastf1_loader_multiple_years:load_multiple_years_rounds:44 - Loading 2021 Round 10…
2026-04-10 10:42:14.971 | INFO     | f1_qualifying_dashboard.ingestion.fastf1_loader_multiple_years:load_multiple_years_rounds:47 - ✓ Loaded 105 laps for 2021 Round 10
2026-04-10 10:42:14.972 | INFO     | f1_qualifying_dashboard.ingestion.fastf1_loader_multiple_years:load_multiple_years_rounds:44 - Loading 2021 Round 11…
2026-04-10 10:42:18.044 | INFO     | f1_qualifying_dashboard.ingestion.fastf1_loader_multiple_years:load_multiple_years_rounds:47 - ✓ Loaded 82 laps for 2021 Round 11
2026-04-10 10:42:18.045 | INFO     | f1_qualifying_dashboard.ingestion.fastf1_loader_multiple_years:load_multiple_years_rounds:44 - Loading 2021 Round 12…
2026-04-10 10:42:23.290 | INFO     | f1_qualifying_dashboard.ingestion.fastf1_loader_multiple_years:load_multiple_years_rounds:47 - ✓ Loaded 98 laps for 2021 Round 12
2026-04-10 10:42:23.291 | INFO     | f1_qualifying_dashboard.ingestion.fastf1_loader_multiple_years:load_multiple_years_rounds:44 - Loading 2021 Round 13…
2026-04-10 10:42:27.366 | INFO     | f1_qualifying_dashboard.ingestion.fastf1_loader_multiple_years:load_multiple_years_rounds:47 - ✓ Loaded 86 laps for 2021 Round 13
2026-04-10 10:42:27.367 | INFO     | f1_qualifying_dashboard.ingestion.fastf1_loader_multiple_years:load_multiple_years_rounds:44 - Loading 2021 Round 14…
2026-04-10 10:42:30.851 | INFO     | f1_qualifying_dashboard.ingestion.fastf1_loader_multiple_years:load_multiple_years_rounds:47 - ✓ Loaded 93 laps for 2021 Round 14
2026-04-10 10:42:30.852 | INFO     | f1_qualifying_dashboard.ingestion.fastf1_loader_multiple_years:load_multiple_years_rounds:44 - Loading 2021 Round 15…
2026-04-10 10:42:35.018 | INFO     | f1_qualifying_dashboard.ingestion.fastf1_loader_multiple_years:load_multiple_years_rounds:47 - ✓ Loaded 92 laps for 2021 Round 15
2026-04-10 10:42:35.018 | INFO     | f1_qualifying_dashboard.ingestion.fastf1_loader_multiple_years:load_multiple_years_rounds:44 - Loading 2021 Round 16…
2026-04-10 10:42:38.567 | INFO     | f1_qualifying_dashboard.ingestion.fastf1_loader_multiple_years:load_multiple_years_rounds:47 - ✓ Loaded 124 laps for 2021 Round 16
2026-04-10 10:42:38.568 | INFO     | f1_qualifying_dashboard.ingestion.fastf1_loader_multiple_years:load_multiple_years_rounds:44 - Loading 2021 Round 17…
2026-04-10 10:42:41.605 | INFO     | f1_qualifying_dashboard.ingestion.fastf1_loader_multiple_years:load_multiple_years_rounds:47 - ✓ Loaded 76 laps for 2021 Round 17
2026-04-10 10:42:41.606 | INFO     | f1_qualifying_dashboard.ingestion.fastf1_loader_multiple_years:load_multiple_years_rounds:44 - Loading 2021 Round 18…
2026-04-10 10:42:45.537 | INFO     | f1_qualifying_dashboard.ingestion.fastf1_loader_multiple_years:load_multiple_years_rounds:47 - ✓ Loaded 87 laps for 2021 Round 18
2026-04-10 10:42:45.537 | INFO     | f1_qualifying_dashboard.ingestion.fastf1_loader_multiple_years:load_multiple_years_rounds:44 - Loading 2021 Round 19…
2026-04-10 10:42:49.009 | INFO     | f1_qualifying_dashboard.ingestion.fastf1_loader_multiple_years:load_multiple_years_rounds:47 - ✓ Loaded 108 laps for 2021 Round 19
2026-04-10 10:42:49.009 | INFO     | f1_qualifying_dashboard.ingestion.fastf1_loader_multiple_years:load_multiple_years_rounds:44 - Loading 2021 Round 20…
2026-04-10 10:42:52.025 | INFO     | f1_qualifying_dashboard.ingestion.fastf1_loader_multiple_years:load_multiple_years_rounds:47 - ✓ Loaded 103 laps for 2021 Round 20
2026-04-10 10:42:52.026 | INFO     | f1_qualifying_dashboard.ingestion.fastf1_loader_multiple_years:load_multiple_years_rounds:44 - Loading 2021 Round 21…
2026-04-10 10:42:55.743 | INFO     | f1_qualifying_dashboard.ingestion.fastf1_loader_multiple_years:load_multiple_years_rounds:47 - ✓ Loaded 118 laps for 2021 Round 21
2026-04-10 10:42:55.743 | INFO     | f1_qualifying_dashboard.ingestion.fastf1_loader_multiple_years:load_multiple_years_rounds:44 - Loading 2021 Round 22…
2026-04-10 10:42:59.567 | INFO     | f1_qualifying_dashboard.ingestion.fastf1_loader_multiple_years:load_multiple_years_rounds:47 - ✓ Loaded 107 laps for 2021 Round 22
2026-04-10 10:42:59.568 | INFO     | f1_qualifying_dashboard.ingestion.fastf1_loader_multiple_years:load_multiple_years_rounds:44 - Loading 2022 Round 1…
2026-04-10 10:43:02.784 | INFO     | f1_qualifying_dashboard.ingestion.fastf1_loader_multiple_years:load_multiple_years_rounds:47 - ✓ Loaded 83 laps for 2022 Round 1
2026-04-10 10:43:02.785 | INFO     | f1_qualifying_dashboard.ingestion.fastf1_loader_multiple_years:load_multiple_years_rounds:44 - Loading 2022 Round 2…
2026-04-10 10:43:07.152 | INFO     | f1_qualifying_dashboard.ingestion.fastf1_loader_multiple_years:load_multiple_years_rounds:47 - ✓ Loaded 1 laps for 2022 Round 2
2026-04-10 10:43:07.152 | INFO     | f1_qualifying_dashboard.ingestion.fastf1_loader_multiple_years:load_multiple_years_rounds:44 - Loading 2022 Round 3…
2026-04-10 10:43:11.250 | INFO     | f1_qualifying_dashboard.ingestion.fastf1_loader_multiple_years:load_multiple_years_rounds:47 - ✓ Loaded 104 laps for 2022 Round 3
2026-04-10 10:43:11.250 | INFO     | f1_qualifying_dashboard.ingestion.fastf1_loader_multiple_years:load_multiple_years_rounds:44 - Loading 2022 Round 4…
2026-04-10 10:43:15.278 | INFO     | f1_qualifying_dashboard.ingestion.fastf1_loader_multiple_years:load_multiple_years_rounds:47 - ✓ Loaded 79 laps for 2022 Round 4
2026-04-10 10:43:15.279 | INFO     | f1_qualifying_dashboard.ingestion.fastf1_loader_multiple_years:load_multiple_years_rounds:44 - Loading 2022 Round 5…
2026-04-10 10:43:18.278 | INFO     | f1_qualifying_dashboard.ingestion.fastf1_loader_multiple_years:load_multiple_years_rounds:47 - ✓ Loaded 104 laps for 2022 Round 5
2026-04-10 10:43:18.279 | INFO     | f1_qualifying_dashboard.ingestion.fastf1_loader_multiple_years:load_multiple_years_rounds:44 - Loading 2022 Round 6…
2026-04-10 10:43:21.457 | INFO     | f1_qualifying_dashboard.ingestion.fastf1_loader_multiple_years:load_multiple_years_rounds:47 - ✓ Loaded 81 laps for 2022 Round 6
2026-04-10 10:43:21.458 | INFO     | f1_qualifying_dashboard.ingestion.fastf1_loader_multiple_years:load_multiple_years_rounds:44 - Loading 2022 Round 7…
2026-04-10 10:43:24.440 | INFO     | f1_qualifying_dashboard.ingestion.fastf1_loader_multiple_years:load_multiple_years_rounds:47 - ✓ Loaded 111 laps for 2022 Round 7
2026-04-10 10:43:24.440 | INFO     | f1_qualifying_dashboard.ingestion.fastf1_loader_multiple_years:load_multiple_years_rounds:44 - Loading 2022 Round 8…
2026-04-10 10:43:27.727 | INFO     | f1_qualifying_dashboard.ingestion.fastf1_loader_multiple_years:load_multiple_years_rounds:47 - ✓ Loaded 86 laps for 2022 Round 8
2026-04-10 10:43:27.727 | INFO     | f1_qualifying_dashboard.ingestion.fastf1_loader_multiple_years:load_multiple_years_rounds:44 - Loading 2022 Round 9…
2026-04-10 10:43:31.614 | INFO     | f1_qualifying_dashboard.ingestion.fastf1_loader_multiple_years:load_multiple_years_rounds:47 - ✓ Loaded 57 laps for 2022 Round 9
2026-04-10 10:43:31.615 | INFO     | f1_qualifying_dashboard.ingestion.fastf1_loader_multiple_years:load_multiple_years_rounds:44 - Loading 2022 Round 10…
2026-04-10 10:43:34.793 | INFO     | f1_qualifying_dashboard.ingestion.fastf1_loader_multiple_years:load_multiple_years_rounds:47 - ✓ Loaded 154 laps for 2022 Round 10
2026-04-10 10:43:34.793 | INFO     | f1_qualifying_dashboard.ingestion.fastf1_loader_multiple_years:load_multiple_years_rounds:44 - Loading 2022 Round 11…
2026-04-10 10:43:38.200 | INFO     | f1_qualifying_dashboard.ingestion.fastf1_loader_multiple_years:load_multiple_years_rounds:47 - ✓ Loaded 121 laps for 2022 Round 11
2026-04-10 10:43:38.201 | INFO     | f1_qualifying_dashboard.ingestion.fastf1_loader_multiple_years:load_multiple_years_rounds:44 - Loading 2022 Round 12…
2026-04-10 10:43:41.142 | INFO     | f1_qualifying_dashboard.ingestion.fastf1_loader_multiple_years:load_multiple_years_rounds:47 - ✓ Loaded 82 laps for 2022 Round 12
2026-04-10 10:43:41.142 | INFO     | f1_qualifying_dashboard.ingestion.fastf1_loader_multiple_years:load_multiple_years_rounds:44 - Loading 2022 Round 13…
2026-04-10 10:43:43.899 | INFO     | f1_qualifying_dashboard.ingestion.fastf1_loader_multiple_years:load_multiple_years_rounds:47 - ✓ Loaded 116 laps for 2022 Round 13
2026-04-10 10:43:43.900 | INFO     | f1_qualifying_dashboard.ingestion.fastf1_loader_multiple_years:load_multiple_years_rounds:44 - Loading 2022 Round 14…
2026-04-10 10:43:47.055 | INFO     | f1_qualifying_dashboard.ingestion.fastf1_loader_multiple_years:load_multiple_years_rounds:47 - ✓ Loaded 74 laps for 2022 Round 14
2026-04-10 10:43:47.056 | INFO     | f1_qualifying_dashboard.ingestion.fastf1_loader_multiple_years:load_multiple_years_rounds:44 - Loading 2022 Round 15…
2026-04-10 10:43:50.167 | INFO     | f1_qualifying_dashboard.ingestion.fastf1_loader_multiple_years:load_multiple_years_rounds:47 - ✓ Loaded 88 laps for 2022 Round 15
2026-04-10 10:43:50.168 | INFO     | f1_qualifying_dashboard.ingestion.fastf1_loader_multiple_years:load_multiple_years_rounds:44 - Loading 2022 Round 16…
2026-04-10 10:43:54.441 | INFO     | f1_qualifying_dashboard.ingestion.fastf1_loader_multiple_years:load_multiple_years_rounds:47 - ✓ Loaded 84 laps for 2022 Round 16
2026-04-10 10:43:54.442 | INFO     | f1_qualifying_dashboard.ingestion.fastf1_loader_multiple_years:load_multiple_years_rounds:44 - Loading 2022 Round 17…
2026-04-10 10:43:57.737 | INFO     | f1_qualifying_dashboard.ingestion.fastf1_loader_multiple_years:load_multiple_years_rounds:47 - ✓ Loaded 99 laps for 2022 Round 17
2026-04-10 10:43:57.738 | INFO     | f1_qualifying_dashboard.ingestion.fastf1_loader_multiple_years:load_multiple_years_rounds:44 - Loading 2022 Round 18…
2026-04-10 10:44:00.730 | INFO     | f1_qualifying_dashboard.ingestion.fastf1_loader_multiple_years:load_multiple_years_rounds:47 - ✓ Loaded 82 laps for 2022 Round 18
2026-04-10 10:44:00.731 | INFO     | f1_qualifying_dashboard.ingestion.fastf1_loader_multiple_years:load_multiple_years_rounds:44 - Loading 2022 Round 19…
2026-04-10 10:44:03.719 | INFO     | f1_qualifying_dashboard.ingestion.fastf1_loader_multiple_years:load_multiple_years_rounds:47 - ✓ Loaded 82 laps for 2022 Round 19
2026-04-10 10:44:03.720 | INFO     | f1_qualifying_dashboard.ingestion.fastf1_loader_multiple_years:load_multiple_years_rounds:44 - Loading 2022 Round 20…
2026-04-10 10:44:06.811 | INFO     | f1_qualifying_dashboard.ingestion.fastf1_loader_multiple_years:load_multiple_years_rounds:47 - ✓ Loaded 94 laps for 2022 Round 20
2026-04-10 10:44:06.811 | INFO     | f1_qualifying_dashboard.ingestion.fastf1_loader_multiple_years:load_multiple_years_rounds:44 - Loading 2022 Round 21…
2026-04-10 10:44:10.056 | INFO     | f1_qualifying_dashboard.ingestion.fastf1_loader_multiple_years:load_multiple_years_rounds:47 - ✓ Loaded 88 laps for 2022 Round 21
2026-04-10 10:44:10.056 | INFO     | f1_qualifying_dashboard.ingestion.fastf1_loader_multiple_years:load_multiple_years_rounds:44 - Loading 2022 Round 22…
2026-04-10 10:44:12.864 | INFO     | f1_qualifying_dashboard.ingestion.fastf1_loader_multiple_years:load_multiple_years_rounds:47 - ✓ Loaded 94 laps for 2022 Round 22
2026-04-10 10:44:12.865 | INFO     | f1_qualifying_dashboard.ingestion.fastf1_loader_multiple_years:load_multiple_years_rounds:44 - Loading 2023 Round 1…
2026-04-10 10:44:15.790 | INFO     | f1_qualifying_dashboard.ingestion.fastf1_loader_multiple_years:load_multiple_years_rounds:47 - ✓ Loaded 79 laps for 2023 Round 1
2026-04-10 10:44:15.791 | INFO     | f1_qualifying_dashboard.ingestion.fastf1_loader_multiple_years:load_multiple_years_rounds:44 - Loading 2023 Round 2…
2026-04-10 10:44:18.701 | INFO     | f1_qualifying_dashboard.ingestion.fastf1_loader_multiple_years:load_multiple_years_rounds:47 - ✓ Loaded 102 laps for 2023 Round 2
2026-04-10 10:44:18.701 | INFO     | f1_qualifying_dashboard.ingestion.fastf1_loader_multiple_years:load_multiple_years_rounds:44 - Loading 2023 Round 3…
2026-04-10 10:44:21.767 | INFO     | f1_qualifying_dashboard.ingestion.fastf1_loader_multiple_years:load_multiple_years_rounds:47 - ✓ Loaded 127 laps for 2023 Round 3
2026-04-10 10:44:21.768 | INFO     | f1_qualifying_dashboard.ingestion.fastf1_loader_multiple_years:load_multiple_years_rounds:44 - Loading 2023 Round 4…
2026-04-10 10:44:24.979 | INFO     | f1_qualifying_dashboard.ingestion.fastf1_loader_multiple_years:load_multiple_years_rounds:47 - ✓ Loaded 106 laps for 2023 Round 4
2026-04-10 10:44:24.979 | INFO     | f1_qualifying_dashboard.ingestion.fastf1_loader_multiple_years:load_multiple_years_rounds:44 - Loading 2023 Round 5…
2026-04-10 10:44:27.702 | INFO     | f1_qualifying_dashboard.ingestion.fastf1_loader_multiple_years:load_multiple_years_rounds:47 - ✓ Loaded 97 laps for 2023 Round 5
2026-04-10 10:44:27.702 | INFO     | f1_qualifying_dashboard.ingestion.fastf1_loader_multiple_years:load_multiple_years_rounds:44 - Loading 2023 Round 6…
2026-04-10 10:44:31.048 | INFO     | f1_qualifying_dashboard.ingestion.fastf1_loader_multiple_years:load_multiple_years_rounds:47 - ✓ Loaded 140 laps for 2023 Round 6
2026-04-10 10:44:31.048 | INFO     | f1_qualifying_dashboard.ingestion.fastf1_loader_multiple_years:load_multiple_years_rounds:44 - Loading 2023 Round 7…
2026-04-10 10:44:35.349 | INFO     | f1_qualifying_dashboard.ingestion.fastf1_loader_multiple_years:load_multiple_years_rounds:47 - ✓ Loaded 102 laps for 2023 Round 7
2026-04-10 10:44:35.350 | INFO     | f1_qualifying_dashboard.ingestion.fastf1_loader_multiple_years:load_multiple_years_rounds:44 - Loading 2023 Round 8…
2026-04-10 10:44:39.162 | INFO     | f1_qualifying_dashboard.ingestion.fastf1_loader_multiple_years:load_multiple_years_rounds:47 - ✓ Loaded 104 laps for 2023 Round 8
2026-04-10 10:44:39.163 | INFO     | f1_qualifying_dashboard.ingestion.fastf1_loader_multiple_years:load_multiple_years_rounds:44 - Loading 2023 Round 9…
2026-04-10 10:44:42.444 | INFO     | f1_qualifying_dashboard.ingestion.fastf1_loader_multiple_years:load_multiple_years_rounds:47 - ✓ Loaded 118 laps for 2023 Round 9
2026-04-10 10:44:42.445 | INFO     | f1_qualifying_dashboard.ingestion.fastf1_loader_multiple_years:load_multiple_years_rounds:44 - Loading 2023 Round 10…
2026-04-10 10:44:45.625 | INFO     | f1_qualifying_dashboard.ingestion.fastf1_loader_multiple_years:load_multiple_years_rounds:47 - ✓ Loaded 110 laps for 2023 Round 10
2026-04-10 10:44:45.626 | INFO     | f1_qualifying_dashboard.ingestion.fastf1_loader_multiple_years:load_multiple_years_rounds:44 - Loading 2023 Round 11…
2026-04-10 10:44:48.804 | INFO     | f1_qualifying_dashboard.ingestion.fastf1_loader_multiple_years:load_multiple_years_rounds:47 - ✓ Loaded 111 laps for 2023 Round 11
2026-04-10 10:44:48.805 | INFO     | f1_qualifying_dashboard.ingestion.fastf1_loader_multiple_years:load_multiple_years_rounds:44 - Loading 2023 Round 12…
2026-04-10 10:44:53.351 | INFO     | f1_qualifying_dashboard.ingestion.fastf1_loader_multiple_years:load_multiple_years_rounds:47 - ✓ Loaded 33 laps for 2023 Round 12
2026-04-10 10:44:53.352 | INFO     | f1_qualifying_dashboard.ingestion.fastf1_loader_multiple_years:load_multiple_years_rounds:44 - Loading 2023 Round 13…
2026-04-10 10:44:56.664 | INFO     | f1_qualifying_dashboard.ingestion.fastf1_loader_multiple_years:load_multiple_years_rounds:47 - ✓ Loaded 14 laps for 2023 Round 13
2026-04-10 10:44:56.665 | INFO     | f1_qualifying_dashboard.ingestion.fastf1_loader_multiple_years:load_multiple_years_rounds:44 - Loading 2023 Round 14…
2026-04-10 10:44:59.766 | INFO     | f1_qualifying_dashboard.ingestion.fastf1_loader_multiple_years:load_multiple_years_rounds:47 - ✓ Loaded 109 laps for 2023 Round 14
2026-04-10 10:44:59.767 | INFO     | f1_qualifying_dashboard.ingestion.fastf1_loader_multiple_years:load_multiple_years_rounds:44 - Loading 2023 Round 15…
2026-04-10 10:45:03.635 | INFO     | f1_qualifying_dashboard.ingestion.fastf1_loader_multiple_years:load_multiple_years_rounds:47 - ✓ Loaded 89 laps for 2023 Round 15
2026-04-10 10:45:03.635 | INFO     | f1_qualifying_dashboard.ingestion.fastf1_loader_multiple_years:load_multiple_years_rounds:44 - Loading 2023 Round 16…
2026-04-10 10:45:06.684 | INFO     | f1_qualifying_dashboard.ingestion.fastf1_loader_multiple_years:load_multiple_years_rounds:47 - ✓ Loaded 75 laps for 2023 Round 16
2026-04-10 10:45:06.685 | INFO     | f1_qualifying_dashboard.ingestion.fastf1_loader_multiple_years:load_multiple_years_rounds:44 - Loading 2023 Round 17…
2026-04-10 10:45:09.806 | INFO     | f1_qualifying_dashboard.ingestion.fastf1_loader_multiple_years:load_multiple_years_rounds:47 - ✓ Loaded 113 laps for 2023 Round 17
2026-04-10 10:45:09.807 | INFO     | f1_qualifying_dashboard.ingestion.fastf1_loader_multiple_years:load_multiple_years_rounds:44 - Loading 2023 Round 18…
2026-04-10 10:45:13.385 | INFO     | f1_qualifying_dashboard.ingestion.fastf1_loader_multiple_years:load_multiple_years_rounds:47 - ✓ Loaded 95 laps for 2023 Round 18
2026-04-10 10:45:13.386 | INFO     | f1_qualifying_dashboard.ingestion.fastf1_loader_multiple_years:load_multiple_years_rounds:44 - Loading 2023 Round 19…
2026-04-10 10:45:16.308 | INFO     | f1_qualifying_dashboard.ingestion.fastf1_loader_multiple_years:load_multiple_years_rounds:47 - ✓ Loaded 82 laps for 2023 Round 19
2026-04-10 10:45:16.309 | INFO     | f1_qualifying_dashboard.ingestion.fastf1_loader_multiple_years:load_multiple_years_rounds:44 - Loading 2023 Round 20…
2026-04-10 10:45:19.635 | INFO     | f1_qualifying_dashboard.ingestion.fastf1_loader_multiple_years:load_multiple_years_rounds:47 - ✓ Loaded 93 laps for 2023 Round 20
2026-04-10 10:45:19.635 | INFO     | f1_qualifying_dashboard.ingestion.fastf1_loader_multiple_years:load_multiple_years_rounds:44 - Loading 2023 Round 21…
2026-04-10 10:45:22.584 | INFO     | f1_qualifying_dashboard.ingestion.fastf1_loader_multiple_years:load_multiple_years_rounds:47 - ✓ Loaded 105 laps for 2023 Round 21
2026-04-10 10:45:22.585 | INFO     | f1_qualifying_dashboard.ingestion.fastf1_loader_multiple_years:load_multiple_years_rounds:44 - Loading 2023 Round 22…
2026-04-10 10:45:25.464 | INFO     | f1_qualifying_dashboard.ingestion.fastf1_loader_multiple_years:load_multiple_years_rounds:47 - ✓ Loaded 85 laps for 2023 Round 22
2026-04-10 10:45:25.465 | INFO     | f1_qualifying_dashboard.ingestion.fastf1_loader_multiple_years:load_multiple_years_rounds:44 - Loading 2026 Round 1…
2026-04-10 10:45:29.386 | INFO     | f1_qualifying_dashboard.ingestion.fastf1_loader_multiple_years:load_multiple_years_rounds:47 - ✓ Loaded 103 laps for 2026 Round 1
2026-04-10 10:45:29.387 | INFO     | f1_qualifying_dashboard.ingestion.fastf1_loader_multiple_years:load_multiple_years_rounds:44 - Loading 2026 Round 2…
2026-04-10 10:45:32.696 | INFO     | f1_qualifying_dashboard.ingestion.fastf1_loader_multiple_years:load_multiple_years_rounds:47 - ✓ Loaded 105 laps for 2026 Round 2
2026-04-10 10:45:32.697 | INFO     | f1_qualifying_dashboard.ingestion.fastf1_loader_multiple_years:load_multiple_years_rounds:44 - Loading 2026 Round 3…
2026-04-10 10:45:35.513 | INFO     | f1_qualifying_dashboard.ingestion.fastf1_loader_multiple_years:load_multiple_years_rounds:47 - ✓ Loaded 109 laps for 2026 Round 3
2026-04-10 10:45:35.514 | INFO     | f1_qualifying_dashboard.ingestion.fastf1_loader_multiple_years:load_multiple_years_rounds:44 - Loading 2026 Round 4…
2026-04-10 10:45:40.888 | WARNING  | f1_qualifying_dashboard.ingestion.fastf1_loader_multiple_years:load_multiple_years_rounds:50 - Skipping 2026 Round 4: The data you are trying to access has not been loaded yet. See `Session.load`
2026-04-10 10:45:40.889 | INFO     | f1_qualifying_dashboard.ingestion.fastf1_loader_multiple_years:load_multiple_years_rounds:44 - Loading 2026 Round 5…
2026-04-10 10:45:46.034 | WARNING  | f1_qualifying_dashboard.ingestion.fastf1_loader_multiple_years:load_multiple_years_rounds:50 - Skipping 2026 Round 5: The data you are trying to access has not been loaded yet. See `Session.load`
2026-04-10 10:45:46.035 | INFO     | f1_qualifying_dashboard.ingestion.fastf1_loader_multiple_years:load_multiple_years_rounds:44 - Loading 2026 Round 6…
2026-04-10 10:45:51.299 | WARNING  | f1_qualifying_dashboard.ingestion.fastf1_loader_multiple_years:load_multiple_years_rounds:50 - Skipping 2026 Round 6: The data you are trying to access has not been loaded yet. See `Session.load`
2026-04-10 10:45:51.301 | INFO     | f1_qualifying_dashboard.ingestion.fastf1_loader_multiple_years:load_multiple_years_rounds:44 - Loading 2026 Round 7…
2026-04-10 10:45:56.638 | WARNING  | f1_qualifying_dashboard.ingestion.fastf1_loader_multiple_years:load_multiple_years_rounds:50 - Skipping 2026 Round 7: The data you are trying to access has not been loaded yet. See `Session.load`
2026-04-10 10:45:56.639 | INFO     | f1_qualifying_dashboard.ingestion.fastf1_loader_multiple_years:load_multiple_years_rounds:44 - Loading 2026 Round 8…
2026-04-10 10:46:01.924 | WARNING  | f1_qualifying_dashboard.ingestion.fastf1_loader_multiple_years:load_multiple_years_rounds:50 - Skipping 2026 Round 8: The data you are trying to access has not been loaded yet. See `Session.load`
2026-04-10 10:46:01.925 | INFO     | f1_qualifying_dashboard.ingestion.fastf1_loader_multiple_years:load_multiple_years_rounds:44 - Loading 2026 Round 9…
2026-04-10 10:46:07.131 | WARNING  | f1_qualifying_dashboard.ingestion.fastf1_loader_multiple_years:load_multiple_years_rounds:50 - Skipping 2026 Round 9: The data you are trying to access has not been loaded yet. See `Session.load`
2026-04-10 10:46:07.132 | INFO     | f1_qualifying_dashboard.ingestion.fastf1_loader_multiple_years:load_multiple_years_rounds:44 - Loading 2026 Round 10…
2026-04-10 10:46:12.386 | WARNING  | f1_qualifying_dashboard.ingestion.fastf1_loader_multiple_years:load_multiple_years_rounds:50 - Skipping 2026 Round 10: The data you are trying to access has not been loaded yet. See `Session.load`
2026-04-10 10:46:12.388 | INFO     | f1_qualifying_dashboard.ingestion.fastf1_loader_multiple_years:load_multiple_years_rounds:44 - Loading 2026 Round 11…
2026-04-10 10:46:17.562 | WARNING  | f1_qualifying_dashboard.ingestion.fastf1_loader_multiple_years:load_multiple_years_rounds:50 - Skipping 2026 Round 11: The data you are trying to access has not been loaded yet. See `Session.load`
2026-04-10 10:46:17.563 | INFO     | f1_qualifying_dashboard.ingestion.fastf1_loader_multiple_years:load_multiple_years_rounds:44 - Loading 2026 Round 12…
2026-04-10 10:46:22.946 | WARNING  | f1_qualifying_dashboard.ingestion.fastf1_loader_multiple_years:load_multiple_years_rounds:50 - Skipping 2026 Round 12: The data you are trying to access has not been loaded yet. See `Session.load`
2026-04-10 10:46:22.946 | INFO     | f1_qualifying_dashboard.ingestion.fastf1_loader_multiple_years:load_multiple_years_rounds:44 - Loading 2026 Round 13…
2026-04-10 10:46:28.208 | WARNING  | f1_qualifying_dashboard.ingestion.fastf1_loader_multiple_years:load_multiple_years_rounds:50 - Skipping 2026 Round 13: The data you are trying to access has not been loaded yet. See `Session.load`
2026-04-10 10:46:28.210 | INFO     | f1_qualifying_dashboard.ingestion.fastf1_loader_multiple_years:load_multiple_years_rounds:44 - Loading 2026 Round 14…
2026-04-10 10:46:33.646 | WARNING  | f1_qualifying_dashboard.ingestion.fastf1_loader_multiple_years:load_multiple_years_rounds:50 - Skipping 2026 Round 14: The data you are trying to access has not been loaded yet. See `Session.load`
2026-04-10 10:46:33.646 | INFO     | f1_qualifying_dashboard.ingestion.fastf1_loader_multiple_years:load_multiple_years_rounds:44 - Loading 2026 Round 15…
2026-04-10 10:46:38.979 | WARNING  | f1_qualifying_dashboard.ingestion.fastf1_loader_multiple_years:load_multiple_years_rounds:50 - Skipping 2026 Round 15: The data you are trying to access has not been loaded yet. See `Session.load`
2026-04-10 10:46:38.981 | INFO     | f1_qualifying_dashboard.ingestion.fastf1_loader_multiple_years:load_multiple_years_rounds:44 - Loading 2026 Round 16…
2026-04-10 10:46:44.287 | WARNING  | f1_qualifying_dashboard.ingestion.fastf1_loader_multiple_years:load_multiple_years_rounds:50 - Skipping 2026 Round 16: The data you are trying to access has not been loaded yet. See `Session.load`
2026-04-10 10:46:44.287 | INFO     | f1_qualifying_dashboard.ingestion.fastf1_loader_multiple_years:load_multiple_years_rounds:44 - Loading 2026 Round 17…
2026-04-10 10:46:49.497 | WARNING  | f1_qualifying_dashboard.ingestion.fastf1_loader_multiple_years:load_multiple_years_rounds:50 - Skipping 2026 Round 17: The data you are trying to access has not been loaded yet. See `Session.load`
2026-04-10 10:46:49.498 | INFO     | f1_qualifying_dashboard.ingestion.fastf1_loader_multiple_years:load_multiple_years_rounds:44 - Loading 2026 Round 18…
2026-04-10 10:46:54.564 | WARNING  | f1_qualifying_dashboard.ingestion.fastf1_loader_multiple_years:load_multiple_years_rounds:50 - Skipping 2026 Round 18: The data you are trying to access has not been loaded yet. See `Session.load`
2026-04-10 10:46:54.564 | INFO     | f1_qualifying_dashboard.ingestion.fastf1_loader_multiple_years:load_multiple_years_rounds:44 - Loading 2026 Round 19…
2026-04-10 10:46:59.778 | WARNING  | f1_qualifying_dashboard.ingestion.fastf1_loader_multiple_years:load_multiple_years_rounds:50 - Skipping 2026 Round 19: The data you are trying to access has not been loaded yet. See `Session.load`
2026-04-10 10:46:59.781 | INFO     | f1_qualifying_dashboard.ingestion.fastf1_loader_multiple_years:load_multiple_years_rounds:44 - Loading 2026 Round 20…
2026-04-10 10:47:04.969 | WARNING  | f1_qualifying_dashboard.ingestion.fastf1_loader_multiple_years:load_multiple_years_rounds:50 - Skipping 2026 Round 20: The data you are trying to access has not been loaded yet. See `Session.load`
2026-04-10 10:47:04.969 | INFO     | f1_qualifying_dashboard.ingestion.fastf1_loader_multiple_years:load_multiple_years_rounds:44 - Loading 2026 Round 21…
2026-04-10 10:47:11.024 | WARNING  | f1_qualifying_dashboard.ingestion.fastf1_loader_multiple_years:load_multiple_years_rounds:50 - Skipping 2026 Round 21: The data you are trying to access has not been loaded yet. See `Session.load`
2026-04-10 10:47:11.027 | INFO     | f1_qualifying_dashboard.ingestion.fastf1_loader_multiple_years:load_multiple_years_rounds:44 - Loading 2026 Round 22…
2026-04-10 10:47:16.067 | WARNING  | f1_qualifying_dashboard.ingestion.fastf1_loader_multiple_years:load_multiple_years_rounds:50 - Skipping 2026 Round 22: The data you are trying to access has not been loaded yet. See `Session.load`
2026-04-10 10:47:16.075 | INFO     | __main__:run_ingestion_multiple:51 - Loaded 10119 raw laps across all sessions
2026-04-10 10:47:17.764 | INFO     | __main__:run_ingestion_multiple:55 - Validated 10119 laps
2026-04-10 10:52:32.390 | INFO     | __main__:run_ingestion_multiple:40 - Loading qualifying data for years=[2019, 2020, 2021, 2022, 2023, 2026]
2026-04-10 10:52:32.744 | INFO     | __main__:get_valid_rounds:31 - Year 2019: Found 21 valid rounds → [1, 2, 3, 4, 5, 6, 7, 8, 9, 10, 11, 12, 13, 14, 15, 16, 17, 18, 19, 20, 21]
2026-04-10 10:52:33.211 | INFO     | __main__:get_valid_rounds:31 - Year 2020: Found 17 valid rounds → [1, 2, 3, 4, 5, 6, 7, 8, 9, 10, 11, 12, 13, 14, 15, 16, 17]
2026-04-10 10:52:33.726 | INFO     | __main__:get_valid_rounds:31 - Year 2021: Found 22 valid rounds → [1, 2, 3, 4, 5, 6, 7, 8, 9, 10, 11, 12, 13, 14, 15, 16, 17, 18, 19, 20, 21, 22]
2026-04-10 10:52:34.208 | INFO     | __main__:get_valid_rounds:31 - Year 2022: Found 22 valid rounds → [1, 2, 3, 4, 5, 6, 7, 8, 9, 10, 11, 12, 13, 14, 15, 16, 17, 18, 19, 20, 21, 22]
2026-04-10 10:52:34.717 | INFO     | __main__:get_valid_rounds:31 - Year 2023: Found 22 valid rounds → [1, 2, 3, 4, 5, 6, 7, 8, 9, 10, 11, 12, 13, 14, 15, 16, 17, 18, 19, 20, 21, 22]
2026-04-10 10:52:35.181 | INFO     | __main__:get_valid_rounds:31 - Year 2026: Found 22 valid rounds → [1, 2, 3, 4, 5, 6, 7, 8, 9, 10, 11, 12, 13, 14, 15, 16, 17, 18, 19, 20, 21, 22]
2026-04-10 10:52:35.483 | INFO     | f1_qualifying_dashboard.ingestion.fastf1_loader_multiple_years:load_multiple_years_rounds:44 - Loading 2019 Round 1…
2026-04-10 10:52:37.737 | INFO     | f1_qualifying_dashboard.ingestion.fastf1_loader_multiple_years:load_multiple_years_rounds:47 - ✓ Loaded 89 laps for 2019 Round 1
2026-04-10 10:52:37.738 | INFO     | f1_qualifying_dashboard.ingestion.fastf1_loader_multiple_years:load_multiple_years_rounds:44 - Loading 2019 Round 2…
2026-04-10 10:52:39.873 | INFO     | f1_qualifying_dashboard.ingestion.fastf1_loader_multiple_years:load_multiple_years_rounds:47 - ✓ Loaded 78 laps for 2019 Round 2
2026-04-10 10:52:39.874 | INFO     | f1_qualifying_dashboard.ingestion.fastf1_loader_multiple_years:load_multiple_years_rounds:44 - Loading 2019 Round 3…
2026-04-10 10:52:41.964 | INFO     | f1_qualifying_dashboard.ingestion.fastf1_loader_multiple_years:load_multiple_years_rounds:47 - ✓ Loaded 74 laps for 2019 Round 3
2026-04-10 10:52:41.965 | INFO     | f1_qualifying_dashboard.ingestion.fastf1_loader_multiple_years:load_multiple_years_rounds:44 - Loading 2019 Round 4…
2026-04-10 10:52:44.864 | INFO     | f1_qualifying_dashboard.ingestion.fastf1_loader_multiple_years:load_multiple_years_rounds:47 - ✓ Loaded 103 laps for 2019 Round 4
2026-04-10 10:52:44.864 | INFO     | f1_qualifying_dashboard.ingestion.fastf1_loader_multiple_years:load_multiple_years_rounds:44 - Loading 2019 Round 5…
2026-04-10 10:52:46.934 | INFO     | f1_qualifying_dashboard.ingestion.fastf1_loader_multiple_years:load_multiple_years_rounds:47 - ✓ Loaded 89 laps for 2019 Round 5
2026-04-10 10:52:46.935 | INFO     | f1_qualifying_dashboard.ingestion.fastf1_loader_multiple_years:load_multiple_years_rounds:44 - Loading 2019 Round 6…
2026-04-10 10:52:49.144 | INFO     | f1_qualifying_dashboard.ingestion.fastf1_loader_multiple_years:load_multiple_years_rounds:47 - ✓ Loaded 152 laps for 2019 Round 6
2026-04-10 10:52:49.145 | INFO     | f1_qualifying_dashboard.ingestion.fastf1_loader_multiple_years:load_multiple_years_rounds:44 - Loading 2019 Round 7…
2026-04-10 10:52:51.514 | INFO     | f1_qualifying_dashboard.ingestion.fastf1_loader_multiple_years:load_multiple_years_rounds:47 - ✓ Loaded 100 laps for 2019 Round 7
2026-04-10 10:52:51.515 | INFO     | f1_qualifying_dashboard.ingestion.fastf1_loader_multiple_years:load_multiple_years_rounds:44 - Loading 2019 Round 8…
2026-04-10 10:52:53.654 | INFO     | f1_qualifying_dashboard.ingestion.fastf1_loader_multiple_years:load_multiple_years_rounds:47 - ✓ Loaded 99 laps for 2019 Round 8
2026-04-10 10:52:53.654 | INFO     | f1_qualifying_dashboard.ingestion.fastf1_loader_multiple_years:load_multiple_years_rounds:44 - Loading 2019 Round 9…
2026-04-10 10:52:55.942 | INFO     | f1_qualifying_dashboard.ingestion.fastf1_loader_multiple_years:load_multiple_years_rounds:47 - ✓ Loaded 106 laps for 2019 Round 9
2026-04-10 10:52:55.943 | INFO     | f1_qualifying_dashboard.ingestion.fastf1_loader_multiple_years:load_multiple_years_rounds:44 - Loading 2019 Round 10…
2026-04-10 10:52:58.251 | INFO     | f1_qualifying_dashboard.ingestion.fastf1_loader_multiple_years:load_multiple_years_rounds:47 - ✓ Loaded 119 laps for 2019 Round 10
2026-04-10 10:52:58.251 | INFO     | f1_qualifying_dashboard.ingestion.fastf1_loader_multiple_years:load_multiple_years_rounds:44 - Loading 2019 Round 11…
2026-04-10 10:53:01.037 | INFO     | f1_qualifying_dashboard.ingestion.fastf1_loader_multiple_years:load_multiple_years_rounds:47 - ✓ Loaded 89 laps for 2019 Round 11
2026-04-10 10:53:01.038 | INFO     | f1_qualifying_dashboard.ingestion.fastf1_loader_multiple_years:load_multiple_years_rounds:44 - Loading 2019 Round 12…
2026-04-10 10:53:03.374 | INFO     | f1_qualifying_dashboard.ingestion.fastf1_loader_multiple_years:load_multiple_years_rounds:47 - ✓ Loaded 97 laps for 2019 Round 12
2026-04-10 10:53:03.375 | INFO     | f1_qualifying_dashboard.ingestion.fastf1_loader_multiple_years:load_multiple_years_rounds:44 - Loading 2019 Round 13…
2026-04-10 10:53:05.869 | INFO     | f1_qualifying_dashboard.ingestion.fastf1_loader_multiple_years:load_multiple_years_rounds:47 - ✓ Loaded 62 laps for 2019 Round 13
2026-04-10 10:53:05.870 | INFO     | f1_qualifying_dashboard.ingestion.fastf1_loader_multiple_years:load_multiple_years_rounds:44 - Loading 2019 Round 14…
2026-04-10 10:53:08.395 | INFO     | f1_qualifying_dashboard.ingestion.fastf1_loader_multiple_years:load_multiple_years_rounds:47 - ✓ Loaded 79 laps for 2019 Round 14
2026-04-10 10:53:08.396 | INFO     | f1_qualifying_dashboard.ingestion.fastf1_loader_multiple_years:load_multiple_years_rounds:44 - Loading 2019 Round 15…
2026-04-10 10:53:10.878 | INFO     | f1_qualifying_dashboard.ingestion.fastf1_loader_multiple_years:load_multiple_years_rounds:47 - ✓ Loaded 91 laps for 2019 Round 15
2026-04-10 10:53:10.879 | INFO     | f1_qualifying_dashboard.ingestion.fastf1_loader_multiple_years:load_multiple_years_rounds:44 - Loading 2019 Round 16…
2026-04-10 10:53:13.375 | INFO     | f1_qualifying_dashboard.ingestion.fastf1_loader_multiple_years:load_multiple_years_rounds:47 - ✓ Loaded 84 laps for 2019 Round 16
2026-04-10 10:53:13.376 | INFO     | f1_qualifying_dashboard.ingestion.fastf1_loader_multiple_years:load_multiple_years_rounds:44 - Loading 2019 Round 17…
2026-04-10 10:53:15.972 | INFO     | f1_qualifying_dashboard.ingestion.fastf1_loader_multiple_years:load_multiple_years_rounds:47 - ✓ Loaded 80 laps for 2019 Round 17
2026-04-10 10:53:15.973 | INFO     | f1_qualifying_dashboard.ingestion.fastf1_loader_multiple_years:load_multiple_years_rounds:44 - Loading 2019 Round 18…
2026-04-10 10:53:18.308 | INFO     | f1_qualifying_dashboard.ingestion.fastf1_loader_multiple_years:load_multiple_years_rounds:47 - ✓ Loaded 96 laps for 2019 Round 18
2026-04-10 10:53:18.308 | INFO     | f1_qualifying_dashboard.ingestion.fastf1_loader_multiple_years:load_multiple_years_rounds:44 - Loading 2019 Round 19…
2026-04-10 10:53:20.747 | INFO     | f1_qualifying_dashboard.ingestion.fastf1_loader_multiple_years:load_multiple_years_rounds:47 - ✓ Loaded 90 laps for 2019 Round 19
2026-04-10 10:53:20.748 | INFO     | f1_qualifying_dashboard.ingestion.fastf1_loader_multiple_years:load_multiple_years_rounds:44 - Loading 2019 Round 20…
2026-04-10 10:53:23.523 | INFO     | f1_qualifying_dashboard.ingestion.fastf1_loader_multiple_years:load_multiple_years_rounds:47 - ✓ Loaded 85 laps for 2019 Round 20
2026-04-10 10:53:23.523 | INFO     | f1_qualifying_dashboard.ingestion.fastf1_loader_multiple_years:load_multiple_years_rounds:44 - Loading 2019 Round 21…
2026-04-10 10:53:26.140 | INFO     | f1_qualifying_dashboard.ingestion.fastf1_loader_multiple_years:load_multiple_years_rounds:47 - ✓ Loaded 87 laps for 2019 Round 21
2026-04-10 10:53:26.141 | INFO     | f1_qualifying_dashboard.ingestion.fastf1_loader_multiple_years:load_multiple_years_rounds:44 - Loading 2020 Round 1…
2026-04-10 10:53:28.629 | INFO     | f1_qualifying_dashboard.ingestion.fastf1_loader_multiple_years:load_multiple_years_rounds:47 - ✓ Loaded 98 laps for 2020 Round 1
2026-04-10 10:53:28.630 | INFO     | f1_qualifying_dashboard.ingestion.fastf1_loader_multiple_years:load_multiple_years_rounds:44 - Loading 2020 Round 2…
2026-04-10 10:53:32.607 | INFO     | f1_qualifying_dashboard.ingestion.fastf1_loader_multiple_years:load_multiple_years_rounds:47 - ✓ Loaded 217 laps for 2020 Round 2
2026-04-10 10:53:32.608 | INFO     | f1_qualifying_dashboard.ingestion.fastf1_loader_multiple_years:load_multiple_years_rounds:44 - Loading 2020 Round 3…
2026-04-10 10:53:35.564 | INFO     | f1_qualifying_dashboard.ingestion.fastf1_loader_multiple_years:load_multiple_years_rounds:47 - ✓ Loaded 107 laps for 2020 Round 3
2026-04-10 10:53:35.565 | INFO     | f1_qualifying_dashboard.ingestion.fastf1_loader_multiple_years:load_multiple_years_rounds:44 - Loading 2020 Round 4…
2026-04-10 10:53:38.294 | INFO     | f1_qualifying_dashboard.ingestion.fastf1_loader_multiple_years:load_multiple_years_rounds:47 - ✓ Loaded 98 laps for 2020 Round 4
2026-04-10 10:53:38.295 | INFO     | f1_qualifying_dashboard.ingestion.fastf1_loader_multiple_years:load_multiple_years_rounds:44 - Loading 2020 Round 5…
2026-04-10 10:53:41.410 | INFO     | f1_qualifying_dashboard.ingestion.fastf1_loader_multiple_years:load_multiple_years_rounds:47 - ✓ Loaded 89 laps for 2020 Round 5
2026-04-10 10:53:41.411 | INFO     | f1_qualifying_dashboard.ingestion.fastf1_loader_multiple_years:load_multiple_years_rounds:44 - Loading 2020 Round 6…
2026-04-10 10:53:44.277 | INFO     | f1_qualifying_dashboard.ingestion.fastf1_loader_multiple_years:load_multiple_years_rounds:47 - ✓ Loaded 86 laps for 2020 Round 6
2026-04-10 10:53:44.277 | INFO     | f1_qualifying_dashboard.ingestion.fastf1_loader_multiple_years:load_multiple_years_rounds:44 - Loading 2020 Round 7…
2026-04-10 10:53:47.161 | INFO     | f1_qualifying_dashboard.ingestion.fastf1_loader_multiple_years:load_multiple_years_rounds:47 - ✓ Loaded 78 laps for 2020 Round 7
2026-04-10 10:53:47.162 | INFO     | f1_qualifying_dashboard.ingestion.fastf1_loader_multiple_years:load_multiple_years_rounds:44 - Loading 2020 Round 8…
2026-04-10 10:53:49.821 | INFO     | f1_qualifying_dashboard.ingestion.fastf1_loader_multiple_years:load_multiple_years_rounds:47 - ✓ Loaded 90 laps for 2020 Round 8
2026-04-10 10:53:49.822 | INFO     | f1_qualifying_dashboard.ingestion.fastf1_loader_multiple_years:load_multiple_years_rounds:44 - Loading 2020 Round 9…
2026-04-10 10:53:52.431 | INFO     | f1_qualifying_dashboard.ingestion.fastf1_loader_multiple_years:load_multiple_years_rounds:47 - ✓ Loaded 74 laps for 2020 Round 9
2026-04-10 10:53:52.432 | INFO     | f1_qualifying_dashboard.ingestion.fastf1_loader_multiple_years:load_multiple_years_rounds:44 - Loading 2020 Round 10…
2026-04-10 10:53:55.237 | INFO     | f1_qualifying_dashboard.ingestion.fastf1_loader_multiple_years:load_multiple_years_rounds:47 - ✓ Loaded 78 laps for 2020 Round 10
2026-04-10 10:53:55.237 | INFO     | f1_qualifying_dashboard.ingestion.fastf1_loader_multiple_years:load_multiple_years_rounds:44 - Loading 2020 Round 11…
2026-04-10 10:53:57.751 | INFO     | f1_qualifying_dashboard.ingestion.fastf1_loader_multiple_years:load_multiple_years_rounds:47 - ✓ Loaded 104 laps for 2020 Round 11
2026-04-10 10:53:57.752 | INFO     | f1_qualifying_dashboard.ingestion.fastf1_loader_multiple_years:load_multiple_years_rounds:44 - Loading 2020 Round 12…
2026-04-10 10:54:01.156 | INFO     | f1_qualifying_dashboard.ingestion.fastf1_loader_multiple_years:load_multiple_years_rounds:47 - ✓ Loaded 131 laps for 2020 Round 12
2026-04-10 10:54:01.156 | INFO     | f1_qualifying_dashboard.ingestion.fastf1_loader_multiple_years:load_multiple_years_rounds:44 - Loading 2020 Round 13…
2026-04-10 10:54:04.001 | INFO     | f1_qualifying_dashboard.ingestion.fastf1_loader_multiple_years:load_multiple_years_rounds:47 - ✓ Loaded 117 laps for 2020 Round 13
2026-04-10 10:54:04.002 | INFO     | f1_qualifying_dashboard.ingestion.fastf1_loader_multiple_years:load_multiple_years_rounds:44 - Loading 2020 Round 14…
2026-04-10 10:54:07.634 | INFO     | f1_qualifying_dashboard.ingestion.fastf1_loader_multiple_years:load_multiple_years_rounds:47 - ✓ Loaded 50 laps for 2020 Round 14
2026-04-10 10:54:07.634 | INFO     | f1_qualifying_dashboard.ingestion.fastf1_loader_multiple_years:load_multiple_years_rounds:44 - Loading 2020 Round 15…
2026-04-10 10:54:10.445 | INFO     | f1_qualifying_dashboard.ingestion.fastf1_loader_multiple_years:load_multiple_years_rounds:47 - ✓ Loaded 67 laps for 2020 Round 15
2026-04-10 10:54:10.446 | INFO     | f1_qualifying_dashboard.ingestion.fastf1_loader_multiple_years:load_multiple_years_rounds:44 - Loading 2020 Round 16…
2026-04-10 10:54:13.768 | INFO     | f1_qualifying_dashboard.ingestion.fastf1_loader_multiple_years:load_multiple_years_rounds:47 - ✓ Loaded 103 laps for 2020 Round 16
2026-04-10 10:54:13.769 | INFO     | f1_qualifying_dashboard.ingestion.fastf1_loader_multiple_years:load_multiple_years_rounds:44 - Loading 2020 Round 17…
2026-04-10 10:54:16.333 | INFO     | f1_qualifying_dashboard.ingestion.fastf1_loader_multiple_years:load_multiple_years_rounds:47 - ✓ Loaded 88 laps for 2020 Round 17
2026-04-10 10:54:16.334 | INFO     | f1_qualifying_dashboard.ingestion.fastf1_loader_multiple_years:load_multiple_years_rounds:44 - Loading 2021 Round 1…
2026-04-10 10:54:19.252 | INFO     | f1_qualifying_dashboard.ingestion.fastf1_loader_multiple_years:load_multiple_years_rounds:47 - ✓ Loaded 79 laps for 2021 Round 1
2026-04-10 10:54:19.253 | INFO     | f1_qualifying_dashboard.ingestion.fastf1_loader_multiple_years:load_multiple_years_rounds:44 - Loading 2021 Round 2…
2026-04-10 10:54:22.207 | INFO     | f1_qualifying_dashboard.ingestion.fastf1_loader_multiple_years:load_multiple_years_rounds:47 - ✓ Loaded 97 laps for 2021 Round 2
2026-04-10 10:54:22.208 | INFO     | f1_qualifying_dashboard.ingestion.fastf1_loader_multiple_years:load_multiple_years_rounds:44 - Loading 2021 Round 3…
2026-04-10 10:54:24.773 | INFO     | f1_qualifying_dashboard.ingestion.fastf1_loader_multiple_years:load_multiple_years_rounds:47 - ✓ Loaded 113 laps for 2021 Round 3
2026-04-10 10:54:24.774 | INFO     | f1_qualifying_dashboard.ingestion.fastf1_loader_multiple_years:load_multiple_years_rounds:44 - Loading 2021 Round 4…
2026-04-10 10:54:27.482 | INFO     | f1_qualifying_dashboard.ingestion.fastf1_loader_multiple_years:load_multiple_years_rounds:47 - ✓ Loaded 81 laps for 2021 Round 4
2026-04-10 10:54:27.482 | INFO     | f1_qualifying_dashboard.ingestion.fastf1_loader_multiple_years:load_multiple_years_rounds:44 - Loading 2021 Round 5…
2026-04-10 10:54:30.293 | INFO     | f1_qualifying_dashboard.ingestion.fastf1_loader_multiple_years:load_multiple_years_rounds:47 - ✓ Loaded 136 laps for 2021 Round 5
2026-04-10 10:54:30.294 | INFO     | f1_qualifying_dashboard.ingestion.fastf1_loader_multiple_years:load_multiple_years_rounds:44 - Loading 2021 Round 6…
2026-04-10 10:54:33.328 | INFO     | f1_qualifying_dashboard.ingestion.fastf1_loader_multiple_years:load_multiple_years_rounds:47 - ✓ Loaded 66 laps for 2021 Round 6
2026-04-10 10:54:33.329 | INFO     | f1_qualifying_dashboard.ingestion.fastf1_loader_multiple_years:load_multiple_years_rounds:44 - Loading 2021 Round 7…
2026-04-10 10:54:36.130 | INFO     | f1_qualifying_dashboard.ingestion.fastf1_loader_multiple_years:load_multiple_years_rounds:47 - ✓ Loaded 74 laps for 2021 Round 7
2026-04-10 10:54:36.131 | INFO     | f1_qualifying_dashboard.ingestion.fastf1_loader_multiple_years:load_multiple_years_rounds:44 - Loading 2021 Round 8…
2026-04-10 10:54:38.716 | INFO     | f1_qualifying_dashboard.ingestion.fastf1_loader_multiple_years:load_multiple_years_rounds:47 - ✓ Loaded 102 laps for 2021 Round 8
2026-04-10 10:54:38.717 | INFO     | f1_qualifying_dashboard.ingestion.fastf1_loader_multiple_years:load_multiple_years_rounds:44 - Loading 2021 Round 9…
2026-04-10 10:54:41.498 | INFO     | f1_qualifying_dashboard.ingestion.fastf1_loader_multiple_years:load_multiple_years_rounds:47 - ✓ Loaded 98 laps for 2021 Round 9
2026-04-10 10:54:41.499 | INFO     | f1_qualifying_dashboard.ingestion.fastf1_loader_multiple_years:load_multiple_years_rounds:44 - Loading 2021 Round 10…
2026-04-10 10:54:44.108 | INFO     | f1_qualifying_dashboard.ingestion.fastf1_loader_multiple_years:load_multiple_years_rounds:47 - ✓ Loaded 105 laps for 2021 Round 10
2026-04-10 10:54:44.108 | INFO     | f1_qualifying_dashboard.ingestion.fastf1_loader_multiple_years:load_multiple_years_rounds:44 - Loading 2021 Round 11…
2026-04-10 10:54:46.891 | INFO     | f1_qualifying_dashboard.ingestion.fastf1_loader_multiple_years:load_multiple_years_rounds:47 - ✓ Loaded 82 laps for 2021 Round 11
2026-04-10 10:54:46.892 | INFO     | f1_qualifying_dashboard.ingestion.fastf1_loader_multiple_years:load_multiple_years_rounds:44 - Loading 2021 Round 12…
2026-04-10 10:54:50.819 | INFO     | f1_qualifying_dashboard.ingestion.fastf1_loader_multiple_years:load_multiple_years_rounds:47 - ✓ Loaded 98 laps for 2021 Round 12
2026-04-10 10:54:50.819 | INFO     | f1_qualifying_dashboard.ingestion.fastf1_loader_multiple_years:load_multiple_years_rounds:44 - Loading 2021 Round 13…
2026-04-10 10:54:53.809 | INFO     | f1_qualifying_dashboard.ingestion.fastf1_loader_multiple_years:load_multiple_years_rounds:47 - ✓ Loaded 86 laps for 2021 Round 13
2026-04-10 10:54:53.809 | INFO     | f1_qualifying_dashboard.ingestion.fastf1_loader_multiple_years:load_multiple_years_rounds:44 - Loading 2021 Round 14…
2026-04-10 10:54:56.390 | INFO     | f1_qualifying_dashboard.ingestion.fastf1_loader_multiple_years:load_multiple_years_rounds:47 - ✓ Loaded 93 laps for 2021 Round 14
2026-04-10 10:54:56.390 | INFO     | f1_qualifying_dashboard.ingestion.fastf1_loader_multiple_years:load_multiple_years_rounds:44 - Loading 2021 Round 15…
2026-04-10 10:54:59.173 | INFO     | f1_qualifying_dashboard.ingestion.fastf1_loader_multiple_years:load_multiple_years_rounds:47 - ✓ Loaded 92 laps for 2021 Round 15
2026-04-10 10:54:59.173 | INFO     | f1_qualifying_dashboard.ingestion.fastf1_loader_multiple_years:load_multiple_years_rounds:44 - Loading 2021 Round 16…
2026-04-10 10:55:02.140 | INFO     | f1_qualifying_dashboard.ingestion.fastf1_loader_multiple_years:load_multiple_years_rounds:47 - ✓ Loaded 124 laps for 2021 Round 16
2026-04-10 10:55:02.140 | INFO     | f1_qualifying_dashboard.ingestion.fastf1_loader_multiple_years:load_multiple_years_rounds:44 - Loading 2021 Round 17…
2026-04-10 10:55:04.729 | INFO     | f1_qualifying_dashboard.ingestion.fastf1_loader_multiple_years:load_multiple_years_rounds:47 - ✓ Loaded 76 laps for 2021 Round 17
2026-04-10 10:55:04.729 | INFO     | f1_qualifying_dashboard.ingestion.fastf1_loader_multiple_years:load_multiple_years_rounds:44 - Loading 2021 Round 18…
2026-04-10 10:55:07.834 | INFO     | f1_qualifying_dashboard.ingestion.fastf1_loader_multiple_years:load_multiple_years_rounds:47 - ✓ Loaded 87 laps for 2021 Round 18
2026-04-10 10:55:07.835 | INFO     | f1_qualifying_dashboard.ingestion.fastf1_loader_multiple_years:load_multiple_years_rounds:44 - Loading 2021 Round 19…
2026-04-10 10:55:10.735 | INFO     | f1_qualifying_dashboard.ingestion.fastf1_loader_multiple_years:load_multiple_years_rounds:47 - ✓ Loaded 108 laps for 2021 Round 19
2026-04-10 10:55:10.736 | INFO     | f1_qualifying_dashboard.ingestion.fastf1_loader_multiple_years:load_multiple_years_rounds:44 - Loading 2021 Round 20…
2026-04-10 10:55:13.321 | INFO     | f1_qualifying_dashboard.ingestion.fastf1_loader_multiple_years:load_multiple_years_rounds:47 - ✓ Loaded 103 laps for 2021 Round 20
2026-04-10 10:55:13.322 | INFO     | f1_qualifying_dashboard.ingestion.fastf1_loader_multiple_years:load_multiple_years_rounds:44 - Loading 2021 Round 21…
2026-04-10 10:55:16.000 | INFO     | f1_qualifying_dashboard.ingestion.fastf1_loader_multiple_years:load_multiple_years_rounds:47 - ✓ Loaded 118 laps for 2021 Round 21
2026-04-10 10:55:16.001 | INFO     | f1_qualifying_dashboard.ingestion.fastf1_loader_multiple_years:load_multiple_years_rounds:44 - Loading 2021 Round 22…
2026-04-10 10:55:18.877 | INFO     | f1_qualifying_dashboard.ingestion.fastf1_loader_multiple_years:load_multiple_years_rounds:47 - ✓ Loaded 107 laps for 2021 Round 22
2026-04-10 10:55:18.878 | INFO     | f1_qualifying_dashboard.ingestion.fastf1_loader_multiple_years:load_multiple_years_rounds:44 - Loading 2022 Round 1…
2026-04-10 10:55:21.471 | INFO     | f1_qualifying_dashboard.ingestion.fastf1_loader_multiple_years:load_multiple_years_rounds:47 - ✓ Loaded 83 laps for 2022 Round 1
2026-04-10 10:55:21.472 | INFO     | f1_qualifying_dashboard.ingestion.fastf1_loader_multiple_years:load_multiple_years_rounds:44 - Loading 2022 Round 2…
2026-04-10 10:55:24.973 | INFO     | f1_qualifying_dashboard.ingestion.fastf1_loader_multiple_years:load_multiple_years_rounds:47 - ✓ Loaded 1 laps for 2022 Round 2
2026-04-10 10:55:24.973 | INFO     | f1_qualifying_dashboard.ingestion.fastf1_loader_multiple_years:load_multiple_years_rounds:44 - Loading 2022 Round 3…
2026-04-10 10:55:27.904 | INFO     | f1_qualifying_dashboard.ingestion.fastf1_loader_multiple_years:load_multiple_years_rounds:47 - ✓ Loaded 104 laps for 2022 Round 3
2026-04-10 10:55:27.905 | INFO     | f1_qualifying_dashboard.ingestion.fastf1_loader_multiple_years:load_multiple_years_rounds:44 - Loading 2022 Round 4…
2026-04-10 10:55:31.241 | INFO     | f1_qualifying_dashboard.ingestion.fastf1_loader_multiple_years:load_multiple_years_rounds:47 - ✓ Loaded 79 laps for 2022 Round 4
2026-04-10 10:55:31.242 | INFO     | f1_qualifying_dashboard.ingestion.fastf1_loader_multiple_years:load_multiple_years_rounds:44 - Loading 2022 Round 5…
2026-04-10 10:55:33.841 | INFO     | f1_qualifying_dashboard.ingestion.fastf1_loader_multiple_years:load_multiple_years_rounds:47 - ✓ Loaded 104 laps for 2022 Round 5
2026-04-10 10:55:33.841 | INFO     | f1_qualifying_dashboard.ingestion.fastf1_loader_multiple_years:load_multiple_years_rounds:44 - Loading 2022 Round 6…
2026-04-10 10:55:36.342 | INFO     | f1_qualifying_dashboard.ingestion.fastf1_loader_multiple_years:load_multiple_years_rounds:47 - ✓ Loaded 81 laps for 2022 Round 6
2026-04-10 10:55:36.343 | INFO     | f1_qualifying_dashboard.ingestion.fastf1_loader_multiple_years:load_multiple_years_rounds:44 - Loading 2022 Round 7…
2026-04-10 10:55:38.951 | INFO     | f1_qualifying_dashboard.ingestion.fastf1_loader_multiple_years:load_multiple_years_rounds:47 - ✓ Loaded 111 laps for 2022 Round 7
2026-04-10 10:55:38.951 | INFO     | f1_qualifying_dashboard.ingestion.fastf1_loader_multiple_years:load_multiple_years_rounds:44 - Loading 2022 Round 8…
2026-04-10 10:55:42.107 | INFO     | f1_qualifying_dashboard.ingestion.fastf1_loader_multiple_years:load_multiple_years_rounds:47 - ✓ Loaded 86 laps for 2022 Round 8
2026-04-10 10:55:42.107 | INFO     | f1_qualifying_dashboard.ingestion.fastf1_loader_multiple_years:load_multiple_years_rounds:44 - Loading 2022 Round 9…
2026-04-10 10:55:44.799 | INFO     | f1_qualifying_dashboard.ingestion.fastf1_loader_multiple_years:load_multiple_years_rounds:47 - ✓ Loaded 57 laps for 2022 Round 9
2026-04-10 10:55:44.800 | INFO     | f1_qualifying_dashboard.ingestion.fastf1_loader_multiple_years:load_multiple_years_rounds:44 - Loading 2022 Round 10…
2026-04-10 10:55:47.289 | INFO     | f1_qualifying_dashboard.ingestion.fastf1_loader_multiple_years:load_multiple_years_rounds:47 - ✓ Loaded 154 laps for 2022 Round 10
2026-04-10 10:55:47.290 | INFO     | f1_qualifying_dashboard.ingestion.fastf1_loader_multiple_years:load_multiple_years_rounds:44 - Loading 2022 Round 11…
2026-04-10 10:55:50.213 | INFO     | f1_qualifying_dashboard.ingestion.fastf1_loader_multiple_years:load_multiple_years_rounds:47 - ✓ Loaded 121 laps for 2022 Round 11
2026-04-10 10:55:50.214 | INFO     | f1_qualifying_dashboard.ingestion.fastf1_loader_multiple_years:load_multiple_years_rounds:44 - Loading 2022 Round 12…
2026-04-10 10:55:52.547 | INFO     | f1_qualifying_dashboard.ingestion.fastf1_loader_multiple_years:load_multiple_years_rounds:47 - ✓ Loaded 82 laps for 2022 Round 12
2026-04-10 10:55:52.548 | INFO     | f1_qualifying_dashboard.ingestion.fastf1_loader_multiple_years:load_multiple_years_rounds:44 - Loading 2022 Round 13…
2026-04-10 10:55:55.001 | INFO     | f1_qualifying_dashboard.ingestion.fastf1_loader_multiple_years:load_multiple_years_rounds:47 - ✓ Loaded 116 laps for 2022 Round 13
2026-04-10 10:55:55.001 | INFO     | f1_qualifying_dashboard.ingestion.fastf1_loader_multiple_years:load_multiple_years_rounds:44 - Loading 2022 Round 14…
2026-04-10 10:55:57.789 | INFO     | f1_qualifying_dashboard.ingestion.fastf1_loader_multiple_years:load_multiple_years_rounds:47 - ✓ Loaded 74 laps for 2022 Round 14
2026-04-10 10:55:57.790 | INFO     | f1_qualifying_dashboard.ingestion.fastf1_loader_multiple_years:load_multiple_years_rounds:44 - Loading 2022 Round 15…
2026-04-10 10:56:00.837 | INFO     | f1_qualifying_dashboard.ingestion.fastf1_loader_multiple_years:load_multiple_years_rounds:47 - ✓ Loaded 88 laps for 2022 Round 15
2026-04-10 10:56:00.838 | INFO     | f1_qualifying_dashboard.ingestion.fastf1_loader_multiple_years:load_multiple_years_rounds:44 - Loading 2022 Round 16…
2026-04-10 10:56:03.278 | INFO     | f1_qualifying_dashboard.ingestion.fastf1_loader_multiple_years:load_multiple_years_rounds:47 - ✓ Loaded 84 laps for 2022 Round 16
2026-04-10 10:56:03.279 | INFO     | f1_qualifying_dashboard.ingestion.fastf1_loader_multiple_years:load_multiple_years_rounds:44 - Loading 2022 Round 17…
2026-04-10 10:56:05.671 | INFO     | f1_qualifying_dashboard.ingestion.fastf1_loader_multiple_years:load_multiple_years_rounds:47 - ✓ Loaded 99 laps for 2022 Round 17
2026-04-10 10:56:05.672 | INFO     | f1_qualifying_dashboard.ingestion.fastf1_loader_multiple_years:load_multiple_years_rounds:44 - Loading 2022 Round 18…
2026-04-10 10:56:08.152 | INFO     | f1_qualifying_dashboard.ingestion.fastf1_loader_multiple_years:load_multiple_years_rounds:47 - ✓ Loaded 82 laps for 2022 Round 18
2026-04-10 10:56:08.153 | INFO     | f1_qualifying_dashboard.ingestion.fastf1_loader_multiple_years:load_multiple_years_rounds:44 - Loading 2022 Round 19…
2026-04-10 10:56:10.856 | INFO     | f1_qualifying_dashboard.ingestion.fastf1_loader_multiple_years:load_multiple_years_rounds:47 - ✓ Loaded 82 laps for 2022 Round 19
2026-04-10 10:56:10.856 | INFO     | f1_qualifying_dashboard.ingestion.fastf1_loader_multiple_years:load_multiple_years_rounds:44 - Loading 2022 Round 20…
2026-04-10 10:56:13.337 | INFO     | f1_qualifying_dashboard.ingestion.fastf1_loader_multiple_years:load_multiple_years_rounds:47 - ✓ Loaded 94 laps for 2022 Round 20
2026-04-10 10:56:13.338 | INFO     | f1_qualifying_dashboard.ingestion.fastf1_loader_multiple_years:load_multiple_years_rounds:44 - Loading 2022 Round 21…
2026-04-10 10:56:15.950 | INFO     | f1_qualifying_dashboard.ingestion.fastf1_loader_multiple_years:load_multiple_years_rounds:47 - ✓ Loaded 88 laps for 2022 Round 21
2026-04-10 10:56:15.951 | INFO     | f1_qualifying_dashboard.ingestion.fastf1_loader_multiple_years:load_multiple_years_rounds:44 - Loading 2022 Round 22…
2026-04-10 10:56:18.357 | INFO     | f1_qualifying_dashboard.ingestion.fastf1_loader_multiple_years:load_multiple_years_rounds:47 - ✓ Loaded 94 laps for 2022 Round 22
2026-04-10 10:56:18.358 | INFO     | f1_qualifying_dashboard.ingestion.fastf1_loader_multiple_years:load_multiple_years_rounds:44 - Loading 2023 Round 1…
2026-04-10 10:56:21.120 | INFO     | f1_qualifying_dashboard.ingestion.fastf1_loader_multiple_years:load_multiple_years_rounds:47 - ✓ Loaded 79 laps for 2023 Round 1
2026-04-10 10:56:21.121 | INFO     | f1_qualifying_dashboard.ingestion.fastf1_loader_multiple_years:load_multiple_years_rounds:44 - Loading 2023 Round 2…
2026-04-10 10:56:23.647 | INFO     | f1_qualifying_dashboard.ingestion.fastf1_loader_multiple_years:load_multiple_years_rounds:47 - ✓ Loaded 102 laps for 2023 Round 2
2026-04-10 10:56:23.647 | INFO     | f1_qualifying_dashboard.ingestion.fastf1_loader_multiple_years:load_multiple_years_rounds:44 - Loading 2023 Round 3…
2026-04-10 10:56:29.099 | INFO     | f1_qualifying_dashboard.ingestion.fastf1_loader_multiple_years:load_multiple_years_rounds:47 - ✓ Loaded 127 laps for 2023 Round 3
2026-04-10 10:56:29.110 | INFO     | f1_qualifying_dashboard.ingestion.fastf1_loader_multiple_years:load_multiple_years_rounds:44 - Loading 2023 Round 4…
2026-04-10 10:56:38.928 | INFO     | f1_qualifying_dashboard.ingestion.fastf1_loader_multiple_years:load_multiple_years_rounds:47 - ✓ Loaded 106 laps for 2023 Round 4
2026-04-10 10:56:38.929 | INFO     | f1_qualifying_dashboard.ingestion.fastf1_loader_multiple_years:load_multiple_years_rounds:44 - Loading 2023 Round 5…
2026-04-10 10:56:45.186 | INFO     | f1_qualifying_dashboard.ingestion.fastf1_loader_multiple_years:load_multiple_years_rounds:47 - ✓ Loaded 97 laps for 2023 Round 5
2026-04-10 10:56:45.188 | INFO     | f1_qualifying_dashboard.ingestion.fastf1_loader_multiple_years:load_multiple_years_rounds:44 - Loading 2023 Round 6…
2026-04-10 10:56:51.379 | INFO     | f1_qualifying_dashboard.ingestion.fastf1_loader_multiple_years:load_multiple_years_rounds:47 - ✓ Loaded 140 laps for 2023 Round 6
2026-04-10 10:56:51.380 | INFO     | f1_qualifying_dashboard.ingestion.fastf1_loader_multiple_years:load_multiple_years_rounds:44 - Loading 2023 Round 7…
2026-04-10 10:57:00.184 | INFO     | f1_qualifying_dashboard.ingestion.fastf1_loader_multiple_years:load_multiple_years_rounds:47 - ✓ Loaded 102 laps for 2023 Round 7
2026-04-10 10:57:00.186 | INFO     | f1_qualifying_dashboard.ingestion.fastf1_loader_multiple_years:load_multiple_years_rounds:44 - Loading 2023 Round 8…
2026-04-10 10:57:07.269 | INFO     | f1_qualifying_dashboard.ingestion.fastf1_loader_multiple_years:load_multiple_years_rounds:47 - ✓ Loaded 104 laps for 2023 Round 8
2026-04-10 10:57:07.270 | INFO     | f1_qualifying_dashboard.ingestion.fastf1_loader_multiple_years:load_multiple_years_rounds:44 - Loading 2023 Round 9…
2026-04-10 10:57:14.072 | INFO     | f1_qualifying_dashboard.ingestion.fastf1_loader_multiple_years:load_multiple_years_rounds:47 - ✓ Loaded 118 laps for 2023 Round 9
2026-04-10 10:57:14.072 | INFO     | f1_qualifying_dashboard.ingestion.fastf1_loader_multiple_years:load_multiple_years_rounds:44 - Loading 2023 Round 10…
2026-04-10 10:57:23.850 | INFO     | f1_qualifying_dashboard.ingestion.fastf1_loader_multiple_years:load_multiple_years_rounds:47 - ✓ Loaded 110 laps for 2023 Round 10
2026-04-10 10:57:23.851 | INFO     | f1_qualifying_dashboard.ingestion.fastf1_loader_multiple_years:load_multiple_years_rounds:44 - Loading 2023 Round 11…
2026-04-10 10:57:28.817 | INFO     | f1_qualifying_dashboard.ingestion.fastf1_loader_multiple_years:load_multiple_years_rounds:47 - ✓ Loaded 111 laps for 2023 Round 11
2026-04-10 10:57:28.818 | INFO     | f1_qualifying_dashboard.ingestion.fastf1_loader_multiple_years:load_multiple_years_rounds:44 - Loading 2023 Round 12…
2026-04-10 10:57:33.122 | INFO     | f1_qualifying_dashboard.ingestion.fastf1_loader_multiple_years:load_multiple_years_rounds:47 - ✓ Loaded 33 laps for 2023 Round 12
2026-04-10 10:57:33.123 | INFO     | f1_qualifying_dashboard.ingestion.fastf1_loader_multiple_years:load_multiple_years_rounds:44 - Loading 2023 Round 13…
2026-04-10 10:57:38.885 | INFO     | f1_qualifying_dashboard.ingestion.fastf1_loader_multiple_years:load_multiple_years_rounds:47 - ✓ Loaded 14 laps for 2023 Round 13
2026-04-10 10:57:38.886 | INFO     | f1_qualifying_dashboard.ingestion.fastf1_loader_multiple_years:load_multiple_years_rounds:44 - Loading 2023 Round 14…
2026-04-10 10:57:42.560 | INFO     | f1_qualifying_dashboard.ingestion.fastf1_loader_multiple_years:load_multiple_years_rounds:47 - ✓ Loaded 109 laps for 2023 Round 14
2026-04-10 10:57:42.561 | INFO     | f1_qualifying_dashboard.ingestion.fastf1_loader_multiple_years:load_multiple_years_rounds:44 - Loading 2023 Round 15…
2026-04-10 10:57:46.422 | INFO     | f1_qualifying_dashboard.ingestion.fastf1_loader_multiple_years:load_multiple_years_rounds:47 - ✓ Loaded 89 laps for 2023 Round 15
2026-04-10 10:57:46.425 | INFO     | f1_qualifying_dashboard.ingestion.fastf1_loader_multiple_years:load_multiple_years_rounds:44 - Loading 2023 Round 16…
2026-04-10 10:57:50.607 | INFO     | f1_qualifying_dashboard.ingestion.fastf1_loader_multiple_years:load_multiple_years_rounds:47 - ✓ Loaded 75 laps for 2023 Round 16
2026-04-10 10:57:50.608 | INFO     | f1_qualifying_dashboard.ingestion.fastf1_loader_multiple_years:load_multiple_years_rounds:44 - Loading 2023 Round 17…
2026-04-10 10:57:54.255 | INFO     | f1_qualifying_dashboard.ingestion.fastf1_loader_multiple_years:load_multiple_years_rounds:47 - ✓ Loaded 113 laps for 2023 Round 17
2026-04-10 10:57:54.256 | INFO     | f1_qualifying_dashboard.ingestion.fastf1_loader_multiple_years:load_multiple_years_rounds:44 - Loading 2023 Round 18…
2026-04-10 10:57:56.842 | INFO     | f1_qualifying_dashboard.ingestion.fastf1_loader_multiple_years:load_multiple_years_rounds:47 - ✓ Loaded 95 laps for 2023 Round 18
2026-04-10 10:57:56.842 | INFO     | f1_qualifying_dashboard.ingestion.fastf1_loader_multiple_years:load_multiple_years_rounds:44 - Loading 2023 Round 19…
2026-04-10 10:57:59.516 | INFO     | f1_qualifying_dashboard.ingestion.fastf1_loader_multiple_years:load_multiple_years_rounds:47 - ✓ Loaded 82 laps for 2023 Round 19
2026-04-10 10:57:59.516 | INFO     | f1_qualifying_dashboard.ingestion.fastf1_loader_multiple_years:load_multiple_years_rounds:44 - Loading 2023 Round 20…
2026-04-10 10:58:02.222 | INFO     | f1_qualifying_dashboard.ingestion.fastf1_loader_multiple_years:load_multiple_years_rounds:47 - ✓ Loaded 93 laps for 2023 Round 20
2026-04-10 10:58:02.223 | INFO     | f1_qualifying_dashboard.ingestion.fastf1_loader_multiple_years:load_multiple_years_rounds:44 - Loading 2023 Round 21…
2026-04-10 10:58:04.857 | INFO     | f1_qualifying_dashboard.ingestion.fastf1_loader_multiple_years:load_multiple_years_rounds:47 - ✓ Loaded 105 laps for 2023 Round 21
2026-04-10 10:58:04.857 | INFO     | f1_qualifying_dashboard.ingestion.fastf1_loader_multiple_years:load_multiple_years_rounds:44 - Loading 2023 Round 22…
2026-04-10 10:58:07.347 | INFO     | f1_qualifying_dashboard.ingestion.fastf1_loader_multiple_years:load_multiple_years_rounds:47 - ✓ Loaded 85 laps for 2023 Round 22
2026-04-10 10:58:07.348 | INFO     | f1_qualifying_dashboard.ingestion.fastf1_loader_multiple_years:load_multiple_years_rounds:44 - Loading 2026 Round 1…
2026-04-10 10:58:10.631 | INFO     | f1_qualifying_dashboard.ingestion.fastf1_loader_multiple_years:load_multiple_years_rounds:47 - ✓ Loaded 103 laps for 2026 Round 1
2026-04-10 10:58:10.632 | INFO     | f1_qualifying_dashboard.ingestion.fastf1_loader_multiple_years:load_multiple_years_rounds:44 - Loading 2026 Round 2…
2026-04-10 10:58:13.458 | INFO     | f1_qualifying_dashboard.ingestion.fastf1_loader_multiple_years:load_multiple_years_rounds:47 - ✓ Loaded 105 laps for 2026 Round 2
2026-04-10 10:58:13.458 | INFO     | f1_qualifying_dashboard.ingestion.fastf1_loader_multiple_years:load_multiple_years_rounds:44 - Loading 2026 Round 3…
2026-04-10 10:58:16.071 | INFO     | f1_qualifying_dashboard.ingestion.fastf1_loader_multiple_years:load_multiple_years_rounds:47 - ✓ Loaded 109 laps for 2026 Round 3
2026-04-10 10:58:16.072 | INFO     | f1_qualifying_dashboard.ingestion.fastf1_loader_multiple_years:load_multiple_years_rounds:44 - Loading 2026 Round 4…
2026-04-10 10:58:21.160 | WARNING  | f1_qualifying_dashboard.ingestion.fastf1_loader_multiple_years:load_multiple_years_rounds:50 - Skipping 2026 Round 4: The data you are trying to access has not been loaded yet. See `Session.load`
2026-04-10 10:58:21.161 | INFO     | f1_qualifying_dashboard.ingestion.fastf1_loader_multiple_years:load_multiple_years_rounds:44 - Loading 2026 Round 5…
2026-04-10 10:58:26.050 | WARNING  | f1_qualifying_dashboard.ingestion.fastf1_loader_multiple_years:load_multiple_years_rounds:50 - Skipping 2026 Round 5: The data you are trying to access has not been loaded yet. See `Session.load`
2026-04-10 10:58:26.051 | INFO     | f1_qualifying_dashboard.ingestion.fastf1_loader_multiple_years:load_multiple_years_rounds:44 - Loading 2026 Round 6…
2026-04-10 10:58:31.117 | WARNING  | f1_qualifying_dashboard.ingestion.fastf1_loader_multiple_years:load_multiple_years_rounds:50 - Skipping 2026 Round 6: The data you are trying to access has not been loaded yet. See `Session.load`
2026-04-10 10:58:31.119 | INFO     | f1_qualifying_dashboard.ingestion.fastf1_loader_multiple_years:load_multiple_years_rounds:44 - Loading 2026 Round 7…
2026-04-10 10:58:36.033 | WARNING  | f1_qualifying_dashboard.ingestion.fastf1_loader_multiple_years:load_multiple_years_rounds:50 - Skipping 2026 Round 7: The data you are trying to access has not been loaded yet. See `Session.load`
2026-04-10 10:58:36.034 | INFO     | f1_qualifying_dashboard.ingestion.fastf1_loader_multiple_years:load_multiple_years_rounds:44 - Loading 2026 Round 8…
2026-04-10 10:58:40.985 | WARNING  | f1_qualifying_dashboard.ingestion.fastf1_loader_multiple_years:load_multiple_years_rounds:50 - Skipping 2026 Round 8: The data you are trying to access has not been loaded yet. See `Session.load`
2026-04-10 10:58:40.986 | INFO     | f1_qualifying_dashboard.ingestion.fastf1_loader_multiple_years:load_multiple_years_rounds:44 - Loading 2026 Round 9…
2026-04-10 10:58:45.829 | WARNING  | f1_qualifying_dashboard.ingestion.fastf1_loader_multiple_years:load_multiple_years_rounds:50 - Skipping 2026 Round 9: The data you are trying to access has not been loaded yet. See `Session.load`
2026-04-10 10:58:45.829 | INFO     | f1_qualifying_dashboard.ingestion.fastf1_loader_multiple_years:load_multiple_years_rounds:44 - Loading 2026 Round 10…
2026-04-10 10:58:50.928 | WARNING  | f1_qualifying_dashboard.ingestion.fastf1_loader_multiple_years:load_multiple_years_rounds:50 - Skipping 2026 Round 10: The data you are trying to access has not been loaded yet. See `Session.load`
2026-04-10 10:58:50.928 | INFO     | f1_qualifying_dashboard.ingestion.fastf1_loader_multiple_years:load_multiple_years_rounds:44 - Loading 2026 Round 11…
2026-04-10 10:58:55.866 | WARNING  | f1_qualifying_dashboard.ingestion.fastf1_loader_multiple_years:load_multiple_years_rounds:50 - Skipping 2026 Round 11: The data you are trying to access has not been loaded yet. See `Session.load`
2026-04-10 10:58:55.867 | INFO     | f1_qualifying_dashboard.ingestion.fastf1_loader_multiple_years:load_multiple_years_rounds:44 - Loading 2026 Round 12…
2026-04-10 10:59:00.921 | WARNING  | f1_qualifying_dashboard.ingestion.fastf1_loader_multiple_years:load_multiple_years_rounds:50 - Skipping 2026 Round 12: The data you are trying to access has not been loaded yet. See `Session.load`
2026-04-10 10:59:00.921 | INFO     | f1_qualifying_dashboard.ingestion.fastf1_loader_multiple_years:load_multiple_years_rounds:44 - Loading 2026 Round 13…
2026-04-10 10:59:05.872 | WARNING  | f1_qualifying_dashboard.ingestion.fastf1_loader_multiple_years:load_multiple_years_rounds:50 - Skipping 2026 Round 13: The data you are trying to access has not been loaded yet. See `Session.load`
2026-04-10 10:59:05.873 | INFO     | f1_qualifying_dashboard.ingestion.fastf1_loader_multiple_years:load_multiple_years_rounds:44 - Loading 2026 Round 14…
2026-04-10 10:59:10.990 | WARNING  | f1_qualifying_dashboard.ingestion.fastf1_loader_multiple_years:load_multiple_years_rounds:50 - Skipping 2026 Round 14: The data you are trying to access has not been loaded yet. See `Session.load`
2026-04-10 10:59:10.993 | INFO     | f1_qualifying_dashboard.ingestion.fastf1_loader_multiple_years:load_multiple_years_rounds:44 - Loading 2026 Round 15…
2026-04-10 10:59:15.771 | WARNING  | f1_qualifying_dashboard.ingestion.fastf1_loader_multiple_years:load_multiple_years_rounds:50 - Skipping 2026 Round 15: The data you are trying to access has not been loaded yet. See `Session.load`
2026-04-10 10:59:15.772 | INFO     | f1_qualifying_dashboard.ingestion.fastf1_loader_multiple_years:load_multiple_years_rounds:44 - Loading 2026 Round 16…
2026-04-10 10:59:20.738 | WARNING  | f1_qualifying_dashboard.ingestion.fastf1_loader_multiple_years:load_multiple_years_rounds:50 - Skipping 2026 Round 16: The data you are trying to access has not been loaded yet. See `Session.load`
2026-04-10 10:59:20.739 | INFO     | f1_qualifying_dashboard.ingestion.fastf1_loader_multiple_years:load_multiple_years_rounds:44 - Loading 2026 Round 17…
2026-04-10 10:59:25.623 | WARNING  | f1_qualifying_dashboard.ingestion.fastf1_loader_multiple_years:load_multiple_years_rounds:50 - Skipping 2026 Round 17: The data you are trying to access has not been loaded yet. See `Session.load`
2026-04-10 10:59:25.624 | INFO     | f1_qualifying_dashboard.ingestion.fastf1_loader_multiple_years:load_multiple_years_rounds:44 - Loading 2026 Round 18…
2026-04-10 10:59:30.761 | WARNING  | f1_qualifying_dashboard.ingestion.fastf1_loader_multiple_years:load_multiple_years_rounds:50 - Skipping 2026 Round 18: The data you are trying to access has not been loaded yet. See `Session.load`
2026-04-10 10:59:30.763 | INFO     | f1_qualifying_dashboard.ingestion.fastf1_loader_multiple_years:load_multiple_years_rounds:44 - Loading 2026 Round 19…
2026-04-10 10:59:35.797 | WARNING  | f1_qualifying_dashboard.ingestion.fastf1_loader_multiple_years:load_multiple_years_rounds:50 - Skipping 2026 Round 19: The data you are trying to access has not been loaded yet. See `Session.load`
2026-04-10 10:59:35.798 | INFO     | f1_qualifying_dashboard.ingestion.fastf1_loader_multiple_years:load_multiple_years_rounds:44 - Loading 2026 Round 20…
2026-04-10 10:59:40.868 | WARNING  | f1_qualifying_dashboard.ingestion.fastf1_loader_multiple_years:load_multiple_years_rounds:50 - Skipping 2026 Round 20: The data you are trying to access has not been loaded yet. See `Session.load`
2026-04-10 10:59:40.870 | INFO     | f1_qualifying_dashboard.ingestion.fastf1_loader_multiple_years:load_multiple_years_rounds:44 - Loading 2026 Round 21…
2026-04-10 10:59:45.908 | WARNING  | f1_qualifying_dashboard.ingestion.fastf1_loader_multiple_years:load_multiple_years_rounds:50 - Skipping 2026 Round 21: The data you are trying to access has not been loaded yet. See `Session.load`
2026-04-10 10:59:45.909 | INFO     | f1_qualifying_dashboard.ingestion.fastf1_loader_multiple_years:load_multiple_years_rounds:44 - Loading 2026 Round 22…
2026-04-10 10:59:50.858 | WARNING  | f1_qualifying_dashboard.ingestion.fastf1_loader_multiple_years:load_multiple_years_rounds:50 - Skipping 2026 Round 22: The data you are trying to access has not been loaded yet. See `Session.load`
2026-04-10 10:59:50.866 | INFO     | __main__:run_ingestion_multiple:51 - Loaded 10119 raw laps across all sessions
2026-04-10 10:59:51.744 | INFO     | __main__:run_ingestion_multiple:55 - Validated 10119 laps
2026-04-10 11:08:20.950 | INFO     | __main__:run_ingestion_multiple:40 - Loading qualifying data for years=[2019, 2020, 2021, 2022, 2023, 2026]
2026-04-10 11:08:21.258 | INFO     | __main__:get_valid_rounds:31 - Year 2019: Found 21 valid rounds → [1, 2, 3, 4, 5, 6, 7, 8, 9, 10, 11, 12, 13, 14, 15, 16, 17, 18, 19, 20, 21]
2026-04-10 11:08:21.803 | INFO     | __main__:get_valid_rounds:31 - Year 2020: Found 17 valid rounds → [1, 2, 3, 4, 5, 6, 7, 8, 9, 10, 11, 12, 13, 14, 15, 16, 17]
2026-04-10 11:08:22.315 | INFO     | __main__:get_valid_rounds:31 - Year 2021: Found 22 valid rounds → [1, 2, 3, 4, 5, 6, 7, 8, 9, 10, 11, 12, 13, 14, 15, 16, 17, 18, 19, 20, 21, 22]
2026-04-10 11:08:22.825 | INFO     | __main__:get_valid_rounds:31 - Year 2022: Found 22 valid rounds → [1, 2, 3, 4, 5, 6, 7, 8, 9, 10, 11, 12, 13, 14, 15, 16, 17, 18, 19, 20, 21, 22]
2026-04-10 11:08:23.334 | INFO     | __main__:get_valid_rounds:31 - Year 2023: Found 22 valid rounds → [1, 2, 3, 4, 5, 6, 7, 8, 9, 10, 11, 12, 13, 14, 15, 16, 17, 18, 19, 20, 21, 22]
2026-04-10 11:08:23.835 | INFO     | __main__:get_valid_rounds:31 - Year 2026: Found 22 valid rounds → [1, 2, 3, 4, 5, 6, 7, 8, 9, 10, 11, 12, 13, 14, 15, 16, 17, 18, 19, 20, 21, 22]
2026-04-10 11:08:24.137 | INFO     | f1_qualifying_dashboard.ingestion.fastf1_loader_multiple_years:load_multiple_years_rounds:44 - Loading 2019 Round 1…
2026-04-10 11:08:26.434 | INFO     | f1_qualifying_dashboard.ingestion.fastf1_loader_multiple_years:load_multiple_years_rounds:47 - ✓ Loaded 89 laps for 2019 Round 1
2026-04-10 11:08:26.434 | INFO     | f1_qualifying_dashboard.ingestion.fastf1_loader_multiple_years:load_multiple_years_rounds:44 - Loading 2019 Round 2…
2026-04-10 11:08:28.480 | INFO     | f1_qualifying_dashboard.ingestion.fastf1_loader_multiple_years:load_multiple_years_rounds:47 - ✓ Loaded 78 laps for 2019 Round 2
2026-04-10 11:08:28.481 | INFO     | f1_qualifying_dashboard.ingestion.fastf1_loader_multiple_years:load_multiple_years_rounds:44 - Loading 2019 Round 3…
2026-04-10 11:08:30.623 | INFO     | f1_qualifying_dashboard.ingestion.fastf1_loader_multiple_years:load_multiple_years_rounds:47 - ✓ Loaded 74 laps for 2019 Round 3
2026-04-10 11:08:30.624 | INFO     | f1_qualifying_dashboard.ingestion.fastf1_loader_multiple_years:load_multiple_years_rounds:44 - Loading 2019 Round 4…
2026-04-10 11:08:33.631 | INFO     | f1_qualifying_dashboard.ingestion.fastf1_loader_multiple_years:load_multiple_years_rounds:47 - ✓ Loaded 103 laps for 2019 Round 4
2026-04-10 11:08:33.633 | INFO     | f1_qualifying_dashboard.ingestion.fastf1_loader_multiple_years:load_multiple_years_rounds:44 - Loading 2019 Round 5…
2026-04-10 11:08:35.720 | INFO     | f1_qualifying_dashboard.ingestion.fastf1_loader_multiple_years:load_multiple_years_rounds:47 - ✓ Loaded 89 laps for 2019 Round 5
2026-04-10 11:08:35.721 | INFO     | f1_qualifying_dashboard.ingestion.fastf1_loader_multiple_years:load_multiple_years_rounds:44 - Loading 2019 Round 6…
2026-04-10 11:08:37.943 | INFO     | f1_qualifying_dashboard.ingestion.fastf1_loader_multiple_years:load_multiple_years_rounds:47 - ✓ Loaded 152 laps for 2019 Round 6
2026-04-10 11:08:37.944 | INFO     | f1_qualifying_dashboard.ingestion.fastf1_loader_multiple_years:load_multiple_years_rounds:44 - Loading 2019 Round 7…
2026-04-10 11:08:40.607 | INFO     | f1_qualifying_dashboard.ingestion.fastf1_loader_multiple_years:load_multiple_years_rounds:47 - ✓ Loaded 100 laps for 2019 Round 7
2026-04-10 11:08:40.607 | INFO     | f1_qualifying_dashboard.ingestion.fastf1_loader_multiple_years:load_multiple_years_rounds:44 - Loading 2019 Round 8…
2026-04-10 11:08:43.021 | INFO     | f1_qualifying_dashboard.ingestion.fastf1_loader_multiple_years:load_multiple_years_rounds:47 - ✓ Loaded 99 laps for 2019 Round 8
2026-04-10 11:08:43.022 | INFO     | f1_qualifying_dashboard.ingestion.fastf1_loader_multiple_years:load_multiple_years_rounds:44 - Loading 2019 Round 9…
2026-04-10 11:08:45.398 | INFO     | f1_qualifying_dashboard.ingestion.fastf1_loader_multiple_years:load_multiple_years_rounds:47 - ✓ Loaded 106 laps for 2019 Round 9
2026-04-10 11:08:45.399 | INFO     | f1_qualifying_dashboard.ingestion.fastf1_loader_multiple_years:load_multiple_years_rounds:44 - Loading 2019 Round 10…
2026-04-10 11:08:47.712 | INFO     | f1_qualifying_dashboard.ingestion.fastf1_loader_multiple_years:load_multiple_years_rounds:47 - ✓ Loaded 119 laps for 2019 Round 10
2026-04-10 11:08:47.713 | INFO     | f1_qualifying_dashboard.ingestion.fastf1_loader_multiple_years:load_multiple_years_rounds:44 - Loading 2019 Round 11…
2026-04-10 11:08:50.407 | INFO     | f1_qualifying_dashboard.ingestion.fastf1_loader_multiple_years:load_multiple_years_rounds:47 - ✓ Loaded 89 laps for 2019 Round 11
2026-04-10 11:08:50.407 | INFO     | f1_qualifying_dashboard.ingestion.fastf1_loader_multiple_years:load_multiple_years_rounds:44 - Loading 2019 Round 12…
2026-04-10 11:08:52.832 | INFO     | f1_qualifying_dashboard.ingestion.fastf1_loader_multiple_years:load_multiple_years_rounds:47 - ✓ Loaded 97 laps for 2019 Round 12
2026-04-10 11:08:52.833 | INFO     | f1_qualifying_dashboard.ingestion.fastf1_loader_multiple_years:load_multiple_years_rounds:44 - Loading 2019 Round 13…
2026-04-10 11:08:55.363 | INFO     | f1_qualifying_dashboard.ingestion.fastf1_loader_multiple_years:load_multiple_years_rounds:47 - ✓ Loaded 62 laps for 2019 Round 13
2026-04-10 11:08:55.364 | INFO     | f1_qualifying_dashboard.ingestion.fastf1_loader_multiple_years:load_multiple_years_rounds:44 - Loading 2019 Round 14…
2026-04-10 11:08:57.963 | INFO     | f1_qualifying_dashboard.ingestion.fastf1_loader_multiple_years:load_multiple_years_rounds:47 - ✓ Loaded 79 laps for 2019 Round 14
2026-04-10 11:08:57.964 | INFO     | f1_qualifying_dashboard.ingestion.fastf1_loader_multiple_years:load_multiple_years_rounds:44 - Loading 2019 Round 15…
2026-04-10 11:09:00.456 | INFO     | f1_qualifying_dashboard.ingestion.fastf1_loader_multiple_years:load_multiple_years_rounds:47 - ✓ Loaded 91 laps for 2019 Round 15
2026-04-10 11:09:00.457 | INFO     | f1_qualifying_dashboard.ingestion.fastf1_loader_multiple_years:load_multiple_years_rounds:44 - Loading 2019 Round 16…
2026-04-10 11:09:03.071 | INFO     | f1_qualifying_dashboard.ingestion.fastf1_loader_multiple_years:load_multiple_years_rounds:47 - ✓ Loaded 84 laps for 2019 Round 16
2026-04-10 11:09:03.071 | INFO     | f1_qualifying_dashboard.ingestion.fastf1_loader_multiple_years:load_multiple_years_rounds:44 - Loading 2019 Round 17…
2026-04-10 11:09:05.665 | INFO     | f1_qualifying_dashboard.ingestion.fastf1_loader_multiple_years:load_multiple_years_rounds:47 - ✓ Loaded 80 laps for 2019 Round 17
2026-04-10 11:09:05.666 | INFO     | f1_qualifying_dashboard.ingestion.fastf1_loader_multiple_years:load_multiple_years_rounds:44 - Loading 2019 Round 18…
2026-04-10 11:09:07.993 | INFO     | f1_qualifying_dashboard.ingestion.fastf1_loader_multiple_years:load_multiple_years_rounds:47 - ✓ Loaded 96 laps for 2019 Round 18
2026-04-10 11:09:07.994 | INFO     | f1_qualifying_dashboard.ingestion.fastf1_loader_multiple_years:load_multiple_years_rounds:44 - Loading 2019 Round 19…
2026-04-10 11:09:10.456 | INFO     | f1_qualifying_dashboard.ingestion.fastf1_loader_multiple_years:load_multiple_years_rounds:47 - ✓ Loaded 90 laps for 2019 Round 19
2026-04-10 11:09:10.456 | INFO     | f1_qualifying_dashboard.ingestion.fastf1_loader_multiple_years:load_multiple_years_rounds:44 - Loading 2019 Round 20…
2026-04-10 11:09:13.002 | INFO     | f1_qualifying_dashboard.ingestion.fastf1_loader_multiple_years:load_multiple_years_rounds:47 - ✓ Loaded 85 laps for 2019 Round 20
2026-04-10 11:09:13.003 | INFO     | f1_qualifying_dashboard.ingestion.fastf1_loader_multiple_years:load_multiple_years_rounds:44 - Loading 2019 Round 21…
2026-04-10 11:09:15.486 | INFO     | f1_qualifying_dashboard.ingestion.fastf1_loader_multiple_years:load_multiple_years_rounds:47 - ✓ Loaded 87 laps for 2019 Round 21
2026-04-10 11:09:15.486 | INFO     | f1_qualifying_dashboard.ingestion.fastf1_loader_multiple_years:load_multiple_years_rounds:44 - Loading 2020 Round 1…
2026-04-10 11:09:18.143 | INFO     | f1_qualifying_dashboard.ingestion.fastf1_loader_multiple_years:load_multiple_years_rounds:47 - ✓ Loaded 98 laps for 2020 Round 1
2026-04-10 11:09:18.143 | INFO     | f1_qualifying_dashboard.ingestion.fastf1_loader_multiple_years:load_multiple_years_rounds:44 - Loading 2020 Round 2…
2026-04-10 11:09:22.163 | INFO     | f1_qualifying_dashboard.ingestion.fastf1_loader_multiple_years:load_multiple_years_rounds:47 - ✓ Loaded 217 laps for 2020 Round 2
2026-04-10 11:09:22.164 | INFO     | f1_qualifying_dashboard.ingestion.fastf1_loader_multiple_years:load_multiple_years_rounds:44 - Loading 2020 Round 3…
2026-04-10 11:09:25.250 | INFO     | f1_qualifying_dashboard.ingestion.fastf1_loader_multiple_years:load_multiple_years_rounds:47 - ✓ Loaded 107 laps for 2020 Round 3
2026-04-10 11:09:25.251 | INFO     | f1_qualifying_dashboard.ingestion.fastf1_loader_multiple_years:load_multiple_years_rounds:44 - Loading 2020 Round 4…
2026-04-10 11:09:28.024 | INFO     | f1_qualifying_dashboard.ingestion.fastf1_loader_multiple_years:load_multiple_years_rounds:47 - ✓ Loaded 98 laps for 2020 Round 4
2026-04-10 11:09:28.024 | INFO     | f1_qualifying_dashboard.ingestion.fastf1_loader_multiple_years:load_multiple_years_rounds:44 - Loading 2020 Round 5…
2026-04-10 11:09:31.156 | INFO     | f1_qualifying_dashboard.ingestion.fastf1_loader_multiple_years:load_multiple_years_rounds:47 - ✓ Loaded 89 laps for 2020 Round 5
2026-04-10 11:09:31.156 | INFO     | f1_qualifying_dashboard.ingestion.fastf1_loader_multiple_years:load_multiple_years_rounds:44 - Loading 2020 Round 6…
2026-04-10 11:09:34.129 | INFO     | f1_qualifying_dashboard.ingestion.fastf1_loader_multiple_years:load_multiple_years_rounds:47 - ✓ Loaded 86 laps for 2020 Round 6
2026-04-10 11:09:34.130 | INFO     | f1_qualifying_dashboard.ingestion.fastf1_loader_multiple_years:load_multiple_years_rounds:44 - Loading 2020 Round 7…
2026-04-10 11:09:37.071 | INFO     | f1_qualifying_dashboard.ingestion.fastf1_loader_multiple_years:load_multiple_years_rounds:47 - ✓ Loaded 78 laps for 2020 Round 7
2026-04-10 11:09:37.071 | INFO     | f1_qualifying_dashboard.ingestion.fastf1_loader_multiple_years:load_multiple_years_rounds:44 - Loading 2020 Round 8…
2026-04-10 11:09:39.625 | INFO     | f1_qualifying_dashboard.ingestion.fastf1_loader_multiple_years:load_multiple_years_rounds:47 - ✓ Loaded 90 laps for 2020 Round 8
2026-04-10 11:09:39.626 | INFO     | f1_qualifying_dashboard.ingestion.fastf1_loader_multiple_years:load_multiple_years_rounds:44 - Loading 2020 Round 9…
2026-04-10 11:09:42.371 | INFO     | f1_qualifying_dashboard.ingestion.fastf1_loader_multiple_years:load_multiple_years_rounds:47 - ✓ Loaded 74 laps for 2020 Round 9
2026-04-10 11:09:42.372 | INFO     | f1_qualifying_dashboard.ingestion.fastf1_loader_multiple_years:load_multiple_years_rounds:44 - Loading 2020 Round 10…
2026-04-10 11:09:45.195 | INFO     | f1_qualifying_dashboard.ingestion.fastf1_loader_multiple_years:load_multiple_years_rounds:47 - ✓ Loaded 78 laps for 2020 Round 10
2026-04-10 11:09:45.196 | INFO     | f1_qualifying_dashboard.ingestion.fastf1_loader_multiple_years:load_multiple_years_rounds:44 - Loading 2020 Round 11…
2026-04-10 11:09:47.691 | INFO     | f1_qualifying_dashboard.ingestion.fastf1_loader_multiple_years:load_multiple_years_rounds:47 - ✓ Loaded 104 laps for 2020 Round 11
2026-04-10 11:09:47.691 | INFO     | f1_qualifying_dashboard.ingestion.fastf1_loader_multiple_years:load_multiple_years_rounds:44 - Loading 2020 Round 12…
2026-04-10 11:09:51.000 | INFO     | f1_qualifying_dashboard.ingestion.fastf1_loader_multiple_years:load_multiple_years_rounds:47 - ✓ Loaded 131 laps for 2020 Round 12
2026-04-10 11:09:51.001 | INFO     | f1_qualifying_dashboard.ingestion.fastf1_loader_multiple_years:load_multiple_years_rounds:44 - Loading 2020 Round 13…
2026-04-10 11:09:53.768 | INFO     | f1_qualifying_dashboard.ingestion.fastf1_loader_multiple_years:load_multiple_years_rounds:47 - ✓ Loaded 117 laps for 2020 Round 13
2026-04-10 11:09:53.769 | INFO     | f1_qualifying_dashboard.ingestion.fastf1_loader_multiple_years:load_multiple_years_rounds:44 - Loading 2020 Round 14…
2026-04-10 11:09:57.478 | INFO     | f1_qualifying_dashboard.ingestion.fastf1_loader_multiple_years:load_multiple_years_rounds:47 - ✓ Loaded 50 laps for 2020 Round 14
2026-04-10 11:09:57.478 | INFO     | f1_qualifying_dashboard.ingestion.fastf1_loader_multiple_years:load_multiple_years_rounds:44 - Loading 2020 Round 15…
2026-04-10 11:10:00.388 | INFO     | f1_qualifying_dashboard.ingestion.fastf1_loader_multiple_years:load_multiple_years_rounds:47 - ✓ Loaded 67 laps for 2020 Round 15
2026-04-10 11:10:00.389 | INFO     | f1_qualifying_dashboard.ingestion.fastf1_loader_multiple_years:load_multiple_years_rounds:44 - Loading 2020 Round 16…
2026-04-10 11:10:03.951 | INFO     | f1_qualifying_dashboard.ingestion.fastf1_loader_multiple_years:load_multiple_years_rounds:47 - ✓ Loaded 103 laps for 2020 Round 16
2026-04-10 11:10:03.952 | INFO     | f1_qualifying_dashboard.ingestion.fastf1_loader_multiple_years:load_multiple_years_rounds:44 - Loading 2020 Round 17…
2026-04-10 11:10:06.560 | INFO     | f1_qualifying_dashboard.ingestion.fastf1_loader_multiple_years:load_multiple_years_rounds:47 - ✓ Loaded 88 laps for 2020 Round 17
2026-04-10 11:10:06.561 | INFO     | f1_qualifying_dashboard.ingestion.fastf1_loader_multiple_years:load_multiple_years_rounds:44 - Loading 2021 Round 1…
2026-04-10 11:10:09.407 | INFO     | f1_qualifying_dashboard.ingestion.fastf1_loader_multiple_years:load_multiple_years_rounds:47 - ✓ Loaded 79 laps for 2021 Round 1
2026-04-10 11:10:09.408 | INFO     | f1_qualifying_dashboard.ingestion.fastf1_loader_multiple_years:load_multiple_years_rounds:44 - Loading 2021 Round 2…
2026-04-10 11:10:12.569 | INFO     | f1_qualifying_dashboard.ingestion.fastf1_loader_multiple_years:load_multiple_years_rounds:47 - ✓ Loaded 97 laps for 2021 Round 2
2026-04-10 11:10:12.569 | INFO     | f1_qualifying_dashboard.ingestion.fastf1_loader_multiple_years:load_multiple_years_rounds:44 - Loading 2021 Round 3…
2026-04-10 11:10:15.218 | INFO     | f1_qualifying_dashboard.ingestion.fastf1_loader_multiple_years:load_multiple_years_rounds:47 - ✓ Loaded 113 laps for 2021 Round 3
2026-04-10 11:10:15.219 | INFO     | f1_qualifying_dashboard.ingestion.fastf1_loader_multiple_years:load_multiple_years_rounds:44 - Loading 2021 Round 4…
2026-04-10 11:10:18.131 | INFO     | f1_qualifying_dashboard.ingestion.fastf1_loader_multiple_years:load_multiple_years_rounds:47 - ✓ Loaded 81 laps for 2021 Round 4
2026-04-10 11:10:18.132 | INFO     | f1_qualifying_dashboard.ingestion.fastf1_loader_multiple_years:load_multiple_years_rounds:44 - Loading 2021 Round 5…
2026-04-10 11:10:21.031 | INFO     | f1_qualifying_dashboard.ingestion.fastf1_loader_multiple_years:load_multiple_years_rounds:47 - ✓ Loaded 136 laps for 2021 Round 5
2026-04-10 11:10:21.032 | INFO     | f1_qualifying_dashboard.ingestion.fastf1_loader_multiple_years:load_multiple_years_rounds:44 - Loading 2021 Round 6…
2026-04-10 11:10:24.209 | INFO     | f1_qualifying_dashboard.ingestion.fastf1_loader_multiple_years:load_multiple_years_rounds:47 - ✓ Loaded 66 laps for 2021 Round 6
2026-04-10 11:10:24.210 | INFO     | f1_qualifying_dashboard.ingestion.fastf1_loader_multiple_years:load_multiple_years_rounds:44 - Loading 2021 Round 7…
2026-04-10 11:10:27.112 | INFO     | f1_qualifying_dashboard.ingestion.fastf1_loader_multiple_years:load_multiple_years_rounds:47 - ✓ Loaded 74 laps for 2021 Round 7
2026-04-10 11:10:27.113 | INFO     | f1_qualifying_dashboard.ingestion.fastf1_loader_multiple_years:load_multiple_years_rounds:44 - Loading 2021 Round 8…
2026-04-10 11:10:29.787 | INFO     | f1_qualifying_dashboard.ingestion.fastf1_loader_multiple_years:load_multiple_years_rounds:47 - ✓ Loaded 102 laps for 2021 Round 8
2026-04-10 11:10:29.788 | INFO     | f1_qualifying_dashboard.ingestion.fastf1_loader_multiple_years:load_multiple_years_rounds:44 - Loading 2021 Round 9…
2026-04-10 11:10:32.571 | INFO     | f1_qualifying_dashboard.ingestion.fastf1_loader_multiple_years:load_multiple_years_rounds:47 - ✓ Loaded 98 laps for 2021 Round 9
2026-04-10 11:10:32.572 | INFO     | f1_qualifying_dashboard.ingestion.fastf1_loader_multiple_years:load_multiple_years_rounds:44 - Loading 2021 Round 10…
2026-04-10 11:10:35.232 | INFO     | f1_qualifying_dashboard.ingestion.fastf1_loader_multiple_years:load_multiple_years_rounds:47 - ✓ Loaded 105 laps for 2021 Round 10
2026-04-10 11:10:35.233 | INFO     | f1_qualifying_dashboard.ingestion.fastf1_loader_multiple_years:load_multiple_years_rounds:44 - Loading 2021 Round 11…
2026-04-10 11:10:37.999 | INFO     | f1_qualifying_dashboard.ingestion.fastf1_loader_multiple_years:load_multiple_years_rounds:47 - ✓ Loaded 82 laps for 2021 Round 11
2026-04-10 11:10:38.000 | INFO     | f1_qualifying_dashboard.ingestion.fastf1_loader_multiple_years:load_multiple_years_rounds:44 - Loading 2021 Round 12…
2026-04-10 11:10:41.911 | INFO     | f1_qualifying_dashboard.ingestion.fastf1_loader_multiple_years:load_multiple_years_rounds:47 - ✓ Loaded 98 laps for 2021 Round 12
2026-04-10 11:10:41.912 | INFO     | f1_qualifying_dashboard.ingestion.fastf1_loader_multiple_years:load_multiple_years_rounds:44 - Loading 2021 Round 13…
2026-04-10 11:10:45.075 | INFO     | f1_qualifying_dashboard.ingestion.fastf1_loader_multiple_years:load_multiple_years_rounds:47 - ✓ Loaded 86 laps for 2021 Round 13
2026-04-10 11:10:45.075 | INFO     | f1_qualifying_dashboard.ingestion.fastf1_loader_multiple_years:load_multiple_years_rounds:44 - Loading 2021 Round 14…
2026-04-10 11:10:47.714 | INFO     | f1_qualifying_dashboard.ingestion.fastf1_loader_multiple_years:load_multiple_years_rounds:47 - ✓ Loaded 93 laps for 2021 Round 14
2026-04-10 11:10:47.715 | INFO     | f1_qualifying_dashboard.ingestion.fastf1_loader_multiple_years:load_multiple_years_rounds:44 - Loading 2021 Round 15…
2026-04-10 11:10:50.535 | INFO     | f1_qualifying_dashboard.ingestion.fastf1_loader_multiple_years:load_multiple_years_rounds:47 - ✓ Loaded 92 laps for 2021 Round 15
2026-04-10 11:10:50.535 | INFO     | f1_qualifying_dashboard.ingestion.fastf1_loader_multiple_years:load_multiple_years_rounds:44 - Loading 2021 Round 16…
2026-04-10 11:10:53.526 | INFO     | f1_qualifying_dashboard.ingestion.fastf1_loader_multiple_years:load_multiple_years_rounds:47 - ✓ Loaded 124 laps for 2021 Round 16
2026-04-10 11:10:53.527 | INFO     | f1_qualifying_dashboard.ingestion.fastf1_loader_multiple_years:load_multiple_years_rounds:44 - Loading 2021 Round 17…
2026-04-10 11:10:56.100 | INFO     | f1_qualifying_dashboard.ingestion.fastf1_loader_multiple_years:load_multiple_years_rounds:47 - ✓ Loaded 76 laps for 2021 Round 17
2026-04-10 11:10:56.100 | INFO     | f1_qualifying_dashboard.ingestion.fastf1_loader_multiple_years:load_multiple_years_rounds:44 - Loading 2021 Round 18…
2026-04-10 11:10:59.320 | INFO     | f1_qualifying_dashboard.ingestion.fastf1_loader_multiple_years:load_multiple_years_rounds:47 - ✓ Loaded 87 laps for 2021 Round 18
2026-04-10 11:10:59.320 | INFO     | f1_qualifying_dashboard.ingestion.fastf1_loader_multiple_years:load_multiple_years_rounds:44 - Loading 2021 Round 19…
2026-04-10 11:11:02.194 | INFO     | f1_qualifying_dashboard.ingestion.fastf1_loader_multiple_years:load_multiple_years_rounds:47 - ✓ Loaded 108 laps for 2021 Round 19
2026-04-10 11:11:02.194 | INFO     | f1_qualifying_dashboard.ingestion.fastf1_loader_multiple_years:load_multiple_years_rounds:44 - Loading 2021 Round 20…
2026-04-10 11:11:04.855 | INFO     | f1_qualifying_dashboard.ingestion.fastf1_loader_multiple_years:load_multiple_years_rounds:47 - ✓ Loaded 103 laps for 2021 Round 20
2026-04-10 11:11:04.856 | INFO     | f1_qualifying_dashboard.ingestion.fastf1_loader_multiple_years:load_multiple_years_rounds:44 - Loading 2021 Round 21…
2026-04-10 11:11:07.504 | INFO     | f1_qualifying_dashboard.ingestion.fastf1_loader_multiple_years:load_multiple_years_rounds:47 - ✓ Loaded 118 laps for 2021 Round 21
2026-04-10 11:11:07.505 | INFO     | f1_qualifying_dashboard.ingestion.fastf1_loader_multiple_years:load_multiple_years_rounds:44 - Loading 2021 Round 22…
2026-04-10 11:11:10.333 | INFO     | f1_qualifying_dashboard.ingestion.fastf1_loader_multiple_years:load_multiple_years_rounds:47 - ✓ Loaded 107 laps for 2021 Round 22
2026-04-10 11:11:10.333 | INFO     | f1_qualifying_dashboard.ingestion.fastf1_loader_multiple_years:load_multiple_years_rounds:44 - Loading 2022 Round 1…
2026-04-10 11:11:12.835 | INFO     | f1_qualifying_dashboard.ingestion.fastf1_loader_multiple_years:load_multiple_years_rounds:47 - ✓ Loaded 83 laps for 2022 Round 1
2026-04-10 11:11:12.835 | INFO     | f1_qualifying_dashboard.ingestion.fastf1_loader_multiple_years:load_multiple_years_rounds:44 - Loading 2022 Round 2…
2026-04-10 11:11:16.391 | INFO     | f1_qualifying_dashboard.ingestion.fastf1_loader_multiple_years:load_multiple_years_rounds:47 - ✓ Loaded 1 laps for 2022 Round 2
2026-04-10 11:11:16.391 | INFO     | f1_qualifying_dashboard.ingestion.fastf1_loader_multiple_years:load_multiple_years_rounds:44 - Loading 2022 Round 3…
2026-04-10 11:11:19.463 | INFO     | f1_qualifying_dashboard.ingestion.fastf1_loader_multiple_years:load_multiple_years_rounds:47 - ✓ Loaded 104 laps for 2022 Round 3
2026-04-10 11:11:19.464 | INFO     | f1_qualifying_dashboard.ingestion.fastf1_loader_multiple_years:load_multiple_years_rounds:44 - Loading 2022 Round 4…
2026-04-10 11:11:22.875 | INFO     | f1_qualifying_dashboard.ingestion.fastf1_loader_multiple_years:load_multiple_years_rounds:47 - ✓ Loaded 79 laps for 2022 Round 4
2026-04-10 11:11:22.875 | INFO     | f1_qualifying_dashboard.ingestion.fastf1_loader_multiple_years:load_multiple_years_rounds:44 - Loading 2022 Round 5…
2026-04-10 11:11:25.416 | INFO     | f1_qualifying_dashboard.ingestion.fastf1_loader_multiple_years:load_multiple_years_rounds:47 - ✓ Loaded 104 laps for 2022 Round 5
2026-04-10 11:11:25.417 | INFO     | f1_qualifying_dashboard.ingestion.fastf1_loader_multiple_years:load_multiple_years_rounds:44 - Loading 2022 Round 6…
2026-04-10 11:11:27.860 | INFO     | f1_qualifying_dashboard.ingestion.fastf1_loader_multiple_years:load_multiple_years_rounds:47 - ✓ Loaded 81 laps for 2022 Round 6
2026-04-10 11:11:27.860 | INFO     | f1_qualifying_dashboard.ingestion.fastf1_loader_multiple_years:load_multiple_years_rounds:44 - Loading 2022 Round 7…
2026-04-10 11:11:30.643 | INFO     | f1_qualifying_dashboard.ingestion.fastf1_loader_multiple_years:load_multiple_years_rounds:47 - ✓ Loaded 111 laps for 2022 Round 7
2026-04-10 11:11:30.644 | INFO     | f1_qualifying_dashboard.ingestion.fastf1_loader_multiple_years:load_multiple_years_rounds:44 - Loading 2022 Round 8…
2026-04-10 11:11:33.829 | INFO     | f1_qualifying_dashboard.ingestion.fastf1_loader_multiple_years:load_multiple_years_rounds:47 - ✓ Loaded 86 laps for 2022 Round 8
2026-04-10 11:11:33.830 | INFO     | f1_qualifying_dashboard.ingestion.fastf1_loader_multiple_years:load_multiple_years_rounds:44 - Loading 2022 Round 9…
2026-04-10 11:11:36.578 | INFO     | f1_qualifying_dashboard.ingestion.fastf1_loader_multiple_years:load_multiple_years_rounds:47 - ✓ Loaded 57 laps for 2022 Round 9
2026-04-10 11:11:36.579 | INFO     | f1_qualifying_dashboard.ingestion.fastf1_loader_multiple_years:load_multiple_years_rounds:44 - Loading 2022 Round 10…
2026-04-10 11:11:39.165 | INFO     | f1_qualifying_dashboard.ingestion.fastf1_loader_multiple_years:load_multiple_years_rounds:47 - ✓ Loaded 154 laps for 2022 Round 10
2026-04-10 11:11:39.166 | INFO     | f1_qualifying_dashboard.ingestion.fastf1_loader_multiple_years:load_multiple_years_rounds:44 - Loading 2022 Round 11…
2026-04-10 11:11:42.134 | INFO     | f1_qualifying_dashboard.ingestion.fastf1_loader_multiple_years:load_multiple_years_rounds:47 - ✓ Loaded 121 laps for 2022 Round 11
2026-04-10 11:11:42.135 | INFO     | f1_qualifying_dashboard.ingestion.fastf1_loader_multiple_years:load_multiple_years_rounds:44 - Loading 2022 Round 12…
2026-04-10 11:11:44.407 | INFO     | f1_qualifying_dashboard.ingestion.fastf1_loader_multiple_years:load_multiple_years_rounds:47 - ✓ Loaded 82 laps for 2022 Round 12
2026-04-10 11:11:44.408 | INFO     | f1_qualifying_dashboard.ingestion.fastf1_loader_multiple_years:load_multiple_years_rounds:44 - Loading 2022 Round 13…
2026-04-10 11:11:46.944 | INFO     | f1_qualifying_dashboard.ingestion.fastf1_loader_multiple_years:load_multiple_years_rounds:47 - ✓ Loaded 116 laps for 2022 Round 13
2026-04-10 11:11:46.944 | INFO     | f1_qualifying_dashboard.ingestion.fastf1_loader_multiple_years:load_multiple_years_rounds:44 - Loading 2022 Round 14…
2026-04-10 11:11:49.696 | INFO     | f1_qualifying_dashboard.ingestion.fastf1_loader_multiple_years:load_multiple_years_rounds:47 - ✓ Loaded 74 laps for 2022 Round 14
2026-04-10 11:11:49.696 | INFO     | f1_qualifying_dashboard.ingestion.fastf1_loader_multiple_years:load_multiple_years_rounds:44 - Loading 2022 Round 15…
2026-04-10 11:11:52.545 | INFO     | f1_qualifying_dashboard.ingestion.fastf1_loader_multiple_years:load_multiple_years_rounds:47 - ✓ Loaded 88 laps for 2022 Round 15
2026-04-10 11:11:52.545 | INFO     | f1_qualifying_dashboard.ingestion.fastf1_loader_multiple_years:load_multiple_years_rounds:44 - Loading 2022 Round 16…
2026-04-10 11:11:55.079 | INFO     | f1_qualifying_dashboard.ingestion.fastf1_loader_multiple_years:load_multiple_years_rounds:47 - ✓ Loaded 84 laps for 2022 Round 16
2026-04-10 11:11:55.080 | INFO     | f1_qualifying_dashboard.ingestion.fastf1_loader_multiple_years:load_multiple_years_rounds:44 - Loading 2022 Round 17…
2026-04-10 11:11:58.386 | INFO     | f1_qualifying_dashboard.ingestion.fastf1_loader_multiple_years:load_multiple_years_rounds:47 - ✓ Loaded 99 laps for 2022 Round 17
2026-04-10 11:11:58.387 | INFO     | f1_qualifying_dashboard.ingestion.fastf1_loader_multiple_years:load_multiple_years_rounds:44 - Loading 2022 Round 18…
2026-04-10 11:12:01.408 | INFO     | f1_qualifying_dashboard.ingestion.fastf1_loader_multiple_years:load_multiple_years_rounds:47 - ✓ Loaded 82 laps for 2022 Round 18
2026-04-10 11:12:01.408 | INFO     | f1_qualifying_dashboard.ingestion.fastf1_loader_multiple_years:load_multiple_years_rounds:44 - Loading 2022 Round 19…
2026-04-10 11:12:04.353 | INFO     | f1_qualifying_dashboard.ingestion.fastf1_loader_multiple_years:load_multiple_years_rounds:47 - ✓ Loaded 82 laps for 2022 Round 19
2026-04-10 11:12:04.353 | INFO     | f1_qualifying_dashboard.ingestion.fastf1_loader_multiple_years:load_multiple_years_rounds:44 - Loading 2022 Round 20…
2026-04-10 11:12:07.282 | INFO     | f1_qualifying_dashboard.ingestion.fastf1_loader_multiple_years:load_multiple_years_rounds:47 - ✓ Loaded 94 laps for 2022 Round 20
2026-04-10 11:12:07.282 | INFO     | f1_qualifying_dashboard.ingestion.fastf1_loader_multiple_years:load_multiple_years_rounds:44 - Loading 2022 Round 21…
2026-04-10 11:12:10.535 | INFO     | f1_qualifying_dashboard.ingestion.fastf1_loader_multiple_years:load_multiple_years_rounds:47 - ✓ Loaded 88 laps for 2022 Round 21
2026-04-10 11:12:10.536 | INFO     | f1_qualifying_dashboard.ingestion.fastf1_loader_multiple_years:load_multiple_years_rounds:44 - Loading 2022 Round 22…
2026-04-10 11:12:13.126 | INFO     | f1_qualifying_dashboard.ingestion.fastf1_loader_multiple_years:load_multiple_years_rounds:47 - ✓ Loaded 94 laps for 2022 Round 22
2026-04-10 11:12:13.127 | INFO     | f1_qualifying_dashboard.ingestion.fastf1_loader_multiple_years:load_multiple_years_rounds:44 - Loading 2023 Round 1…
2026-04-10 11:12:15.793 | INFO     | f1_qualifying_dashboard.ingestion.fastf1_loader_multiple_years:load_multiple_years_rounds:47 - ✓ Loaded 79 laps for 2023 Round 1
2026-04-10 11:12:15.794 | INFO     | f1_qualifying_dashboard.ingestion.fastf1_loader_multiple_years:load_multiple_years_rounds:44 - Loading 2023 Round 2…
2026-04-10 11:12:18.386 | INFO     | f1_qualifying_dashboard.ingestion.fastf1_loader_multiple_years:load_multiple_years_rounds:47 - ✓ Loaded 102 laps for 2023 Round 2
2026-04-10 11:12:18.387 | INFO     | f1_qualifying_dashboard.ingestion.fastf1_loader_multiple_years:load_multiple_years_rounds:44 - Loading 2023 Round 3…
2026-04-10 11:12:21.236 | INFO     | f1_qualifying_dashboard.ingestion.fastf1_loader_multiple_years:load_multiple_years_rounds:47 - ✓ Loaded 127 laps for 2023 Round 3
2026-04-10 11:12:21.237 | INFO     | f1_qualifying_dashboard.ingestion.fastf1_loader_multiple_years:load_multiple_years_rounds:44 - Loading 2023 Round 4…
2026-04-10 11:12:24.506 | INFO     | f1_qualifying_dashboard.ingestion.fastf1_loader_multiple_years:load_multiple_years_rounds:47 - ✓ Loaded 106 laps for 2023 Round 4
2026-04-10 11:12:24.507 | INFO     | f1_qualifying_dashboard.ingestion.fastf1_loader_multiple_years:load_multiple_years_rounds:44 - Loading 2023 Round 5…
2026-04-10 11:12:26.934 | INFO     | f1_qualifying_dashboard.ingestion.fastf1_loader_multiple_years:load_multiple_years_rounds:47 - ✓ Loaded 97 laps for 2023 Round 5
2026-04-10 11:12:26.935 | INFO     | f1_qualifying_dashboard.ingestion.fastf1_loader_multiple_years:load_multiple_years_rounds:44 - Loading 2023 Round 6…
2026-04-10 11:12:29.645 | INFO     | f1_qualifying_dashboard.ingestion.fastf1_loader_multiple_years:load_multiple_years_rounds:47 - ✓ Loaded 140 laps for 2023 Round 6
2026-04-10 11:12:29.646 | INFO     | f1_qualifying_dashboard.ingestion.fastf1_loader_multiple_years:load_multiple_years_rounds:44 - Loading 2023 Round 7…
2026-04-10 11:12:32.528 | INFO     | f1_qualifying_dashboard.ingestion.fastf1_loader_multiple_years:load_multiple_years_rounds:47 - ✓ Loaded 102 laps for 2023 Round 7
2026-04-10 11:12:32.529 | INFO     | f1_qualifying_dashboard.ingestion.fastf1_loader_multiple_years:load_multiple_years_rounds:44 - Loading 2023 Round 8…
2026-04-10 11:12:35.330 | INFO     | f1_qualifying_dashboard.ingestion.fastf1_loader_multiple_years:load_multiple_years_rounds:47 - ✓ Loaded 104 laps for 2023 Round 8
2026-04-10 11:12:35.331 | INFO     | f1_qualifying_dashboard.ingestion.fastf1_loader_multiple_years:load_multiple_years_rounds:44 - Loading 2023 Round 9…
2026-04-10 11:12:37.990 | INFO     | f1_qualifying_dashboard.ingestion.fastf1_loader_multiple_years:load_multiple_years_rounds:47 - ✓ Loaded 118 laps for 2023 Round 9
2026-04-10 11:12:37.991 | INFO     | f1_qualifying_dashboard.ingestion.fastf1_loader_multiple_years:load_multiple_years_rounds:44 - Loading 2023 Round 10…
2026-04-10 11:12:40.932 | INFO     | f1_qualifying_dashboard.ingestion.fastf1_loader_multiple_years:load_multiple_years_rounds:47 - ✓ Loaded 110 laps for 2023 Round 10
2026-04-10 11:12:40.933 | INFO     | f1_qualifying_dashboard.ingestion.fastf1_loader_multiple_years:load_multiple_years_rounds:44 - Loading 2023 Round 11…
2026-04-10 11:12:43.648 | INFO     | f1_qualifying_dashboard.ingestion.fastf1_loader_multiple_years:load_multiple_years_rounds:47 - ✓ Loaded 111 laps for 2023 Round 11
2026-04-10 11:12:43.649 | INFO     | f1_qualifying_dashboard.ingestion.fastf1_loader_multiple_years:load_multiple_years_rounds:44 - Loading 2023 Round 12…
2026-04-10 11:12:46.446 | INFO     | f1_qualifying_dashboard.ingestion.fastf1_loader_multiple_years:load_multiple_years_rounds:47 - ✓ Loaded 33 laps for 2023 Round 12
2026-04-10 11:12:46.447 | INFO     | f1_qualifying_dashboard.ingestion.fastf1_loader_multiple_years:load_multiple_years_rounds:44 - Loading 2023 Round 13…
2026-04-10 11:12:50.316 | INFO     | f1_qualifying_dashboard.ingestion.fastf1_loader_multiple_years:load_multiple_years_rounds:47 - ✓ Loaded 14 laps for 2023 Round 13
2026-04-10 11:12:50.317 | INFO     | f1_qualifying_dashboard.ingestion.fastf1_loader_multiple_years:load_multiple_years_rounds:44 - Loading 2023 Round 14…
2026-04-10 11:12:53.642 | INFO     | f1_qualifying_dashboard.ingestion.fastf1_loader_multiple_years:load_multiple_years_rounds:47 - ✓ Loaded 109 laps for 2023 Round 14
2026-04-10 11:12:53.643 | INFO     | f1_qualifying_dashboard.ingestion.fastf1_loader_multiple_years:load_multiple_years_rounds:44 - Loading 2023 Round 15…
2026-04-10 11:12:57.479 | INFO     | f1_qualifying_dashboard.ingestion.fastf1_loader_multiple_years:load_multiple_years_rounds:47 - ✓ Loaded 89 laps for 2023 Round 15
2026-04-10 11:12:57.479 | INFO     | f1_qualifying_dashboard.ingestion.fastf1_loader_multiple_years:load_multiple_years_rounds:44 - Loading 2023 Round 16…
2026-04-10 11:13:00.411 | INFO     | f1_qualifying_dashboard.ingestion.fastf1_loader_multiple_years:load_multiple_years_rounds:47 - ✓ Loaded 75 laps for 2023 Round 16
2026-04-10 11:13:00.412 | INFO     | f1_qualifying_dashboard.ingestion.fastf1_loader_multiple_years:load_multiple_years_rounds:44 - Loading 2023 Round 17…
2026-04-10 11:13:03.165 | INFO     | f1_qualifying_dashboard.ingestion.fastf1_loader_multiple_years:load_multiple_years_rounds:47 - ✓ Loaded 113 laps for 2023 Round 17
2026-04-10 11:13:03.166 | INFO     | f1_qualifying_dashboard.ingestion.fastf1_loader_multiple_years:load_multiple_years_rounds:44 - Loading 2023 Round 18…
2026-04-10 11:13:05.763 | INFO     | f1_qualifying_dashboard.ingestion.fastf1_loader_multiple_years:load_multiple_years_rounds:47 - ✓ Loaded 95 laps for 2023 Round 18
2026-04-10 11:13:05.764 | INFO     | f1_qualifying_dashboard.ingestion.fastf1_loader_multiple_years:load_multiple_years_rounds:44 - Loading 2023 Round 19…
2026-04-10 11:13:08.369 | INFO     | f1_qualifying_dashboard.ingestion.fastf1_loader_multiple_years:load_multiple_years_rounds:47 - ✓ Loaded 82 laps for 2023 Round 19
2026-04-10 11:13:08.370 | INFO     | f1_qualifying_dashboard.ingestion.fastf1_loader_multiple_years:load_multiple_years_rounds:44 - Loading 2023 Round 20…
2026-04-10 11:13:11.182 | INFO     | f1_qualifying_dashboard.ingestion.fastf1_loader_multiple_years:load_multiple_years_rounds:47 - ✓ Loaded 93 laps for 2023 Round 20
2026-04-10 11:13:11.183 | INFO     | f1_qualifying_dashboard.ingestion.fastf1_loader_multiple_years:load_multiple_years_rounds:44 - Loading 2023 Round 21…
2026-04-10 11:13:13.842 | INFO     | f1_qualifying_dashboard.ingestion.fastf1_loader_multiple_years:load_multiple_years_rounds:47 - ✓ Loaded 105 laps for 2023 Round 21
2026-04-10 11:13:13.843 | INFO     | f1_qualifying_dashboard.ingestion.fastf1_loader_multiple_years:load_multiple_years_rounds:44 - Loading 2023 Round 22…
2026-04-10 11:13:16.335 | INFO     | f1_qualifying_dashboard.ingestion.fastf1_loader_multiple_years:load_multiple_years_rounds:47 - ✓ Loaded 85 laps for 2023 Round 22
2026-04-10 11:13:16.336 | INFO     | f1_qualifying_dashboard.ingestion.fastf1_loader_multiple_years:load_multiple_years_rounds:44 - Loading 2026 Round 1…
2026-04-10 11:13:19.459 | INFO     | f1_qualifying_dashboard.ingestion.fastf1_loader_multiple_years:load_multiple_years_rounds:47 - ✓ Loaded 103 laps for 2026 Round 1
2026-04-10 11:13:19.460 | INFO     | f1_qualifying_dashboard.ingestion.fastf1_loader_multiple_years:load_multiple_years_rounds:44 - Loading 2026 Round 2…
2026-04-10 11:13:22.421 | INFO     | f1_qualifying_dashboard.ingestion.fastf1_loader_multiple_years:load_multiple_years_rounds:47 - ✓ Loaded 105 laps for 2026 Round 2
2026-04-10 11:13:22.422 | INFO     | f1_qualifying_dashboard.ingestion.fastf1_loader_multiple_years:load_multiple_years_rounds:44 - Loading 2026 Round 3…
2026-04-10 11:13:25.051 | INFO     | f1_qualifying_dashboard.ingestion.fastf1_loader_multiple_years:load_multiple_years_rounds:47 - ✓ Loaded 109 laps for 2026 Round 3
2026-04-10 11:13:25.052 | INFO     | f1_qualifying_dashboard.ingestion.fastf1_loader_multiple_years:load_multiple_years_rounds:44 - Loading 2026 Round 4…
2026-04-10 11:13:30.220 | WARNING  | f1_qualifying_dashboard.ingestion.fastf1_loader_multiple_years:load_multiple_years_rounds:50 - Skipping 2026 Round 4: The data you are trying to access has not been loaded yet. See `Session.load`
2026-04-10 11:13:30.223 | INFO     | f1_qualifying_dashboard.ingestion.fastf1_loader_multiple_years:load_multiple_years_rounds:44 - Loading 2026 Round 5…
2026-04-10 11:13:35.206 | WARNING  | f1_qualifying_dashboard.ingestion.fastf1_loader_multiple_years:load_multiple_years_rounds:50 - Skipping 2026 Round 5: The data you are trying to access has not been loaded yet. See `Session.load`
2026-04-10 11:13:35.207 | INFO     | f1_qualifying_dashboard.ingestion.fastf1_loader_multiple_years:load_multiple_years_rounds:44 - Loading 2026 Round 6…
2026-04-10 11:13:40.189 | WARNING  | f1_qualifying_dashboard.ingestion.fastf1_loader_multiple_years:load_multiple_years_rounds:50 - Skipping 2026 Round 6: The data you are trying to access has not been loaded yet. See `Session.load`
2026-04-10 11:13:40.191 | INFO     | f1_qualifying_dashboard.ingestion.fastf1_loader_multiple_years:load_multiple_years_rounds:44 - Loading 2026 Round 7…
2026-04-10 11:13:45.252 | WARNING  | f1_qualifying_dashboard.ingestion.fastf1_loader_multiple_years:load_multiple_years_rounds:50 - Skipping 2026 Round 7: The data you are trying to access has not been loaded yet. See `Session.load`
2026-04-10 11:13:45.252 | INFO     | f1_qualifying_dashboard.ingestion.fastf1_loader_multiple_years:load_multiple_years_rounds:44 - Loading 2026 Round 8…
2026-04-10 11:13:50.074 | WARNING  | f1_qualifying_dashboard.ingestion.fastf1_loader_multiple_years:load_multiple_years_rounds:50 - Skipping 2026 Round 8: The data you are trying to access has not been loaded yet. See `Session.load`
2026-04-10 11:13:50.075 | INFO     | f1_qualifying_dashboard.ingestion.fastf1_loader_multiple_years:load_multiple_years_rounds:44 - Loading 2026 Round 9…
2026-04-10 11:13:55.223 | WARNING  | f1_qualifying_dashboard.ingestion.fastf1_loader_multiple_years:load_multiple_years_rounds:50 - Skipping 2026 Round 9: The data you are trying to access has not been loaded yet. See `Session.load`
2026-04-10 11:13:55.225 | INFO     | f1_qualifying_dashboard.ingestion.fastf1_loader_multiple_years:load_multiple_years_rounds:44 - Loading 2026 Round 10…
2026-04-10 11:14:00.069 | WARNING  | f1_qualifying_dashboard.ingestion.fastf1_loader_multiple_years:load_multiple_years_rounds:50 - Skipping 2026 Round 10: The data you are trying to access has not been loaded yet. See `Session.load`
2026-04-10 11:14:00.070 | INFO     | f1_qualifying_dashboard.ingestion.fastf1_loader_multiple_years:load_multiple_years_rounds:44 - Loading 2026 Round 11…
2026-04-10 11:14:05.144 | WARNING  | f1_qualifying_dashboard.ingestion.fastf1_loader_multiple_years:load_multiple_years_rounds:50 - Skipping 2026 Round 11: The data you are trying to access has not been loaded yet. See `Session.load`
2026-04-10 11:14:05.145 | INFO     | f1_qualifying_dashboard.ingestion.fastf1_loader_multiple_years:load_multiple_years_rounds:44 - Loading 2026 Round 12…
2026-04-10 11:14:10.101 | WARNING  | f1_qualifying_dashboard.ingestion.fastf1_loader_multiple_years:load_multiple_years_rounds:50 - Skipping 2026 Round 12: The data you are trying to access has not been loaded yet. See `Session.load`
2026-04-10 11:14:10.102 | INFO     | f1_qualifying_dashboard.ingestion.fastf1_loader_multiple_years:load_multiple_years_rounds:44 - Loading 2026 Round 13…
2026-04-10 11:14:15.128 | WARNING  | f1_qualifying_dashboard.ingestion.fastf1_loader_multiple_years:load_multiple_years_rounds:50 - Skipping 2026 Round 13: The data you are trying to access has not been loaded yet. See `Session.load`
2026-04-10 11:14:15.129 | INFO     | f1_qualifying_dashboard.ingestion.fastf1_loader_multiple_years:load_multiple_years_rounds:44 - Loading 2026 Round 14…
2026-04-10 11:14:20.055 | WARNING  | f1_qualifying_dashboard.ingestion.fastf1_loader_multiple_years:load_multiple_years_rounds:50 - Skipping 2026 Round 14: The data you are trying to access has not been loaded yet. See `Session.load`
2026-04-10 11:14:20.056 | INFO     | f1_qualifying_dashboard.ingestion.fastf1_loader_multiple_years:load_multiple_years_rounds:44 - Loading 2026 Round 15…
2026-04-10 11:14:25.062 | WARNING  | f1_qualifying_dashboard.ingestion.fastf1_loader_multiple_years:load_multiple_years_rounds:50 - Skipping 2026 Round 15: The data you are trying to access has not been loaded yet. See `Session.load`
2026-04-10 11:14:25.062 | INFO     | f1_qualifying_dashboard.ingestion.fastf1_loader_multiple_years:load_multiple_years_rounds:44 - Loading 2026 Round 16…
2026-04-10 11:14:29.918 | WARNING  | f1_qualifying_dashboard.ingestion.fastf1_loader_multiple_years:load_multiple_years_rounds:50 - Skipping 2026 Round 16: The data you are trying to access has not been loaded yet. See `Session.load`
2026-04-10 11:14:29.918 | INFO     | f1_qualifying_dashboard.ingestion.fastf1_loader_multiple_years:load_multiple_years_rounds:44 - Loading 2026 Round 17…
2026-04-10 11:14:35.107 | WARNING  | f1_qualifying_dashboard.ingestion.fastf1_loader_multiple_years:load_multiple_years_rounds:50 - Skipping 2026 Round 17: The data you are trying to access has not been loaded yet. See `Session.load`
2026-04-10 11:14:35.108 | INFO     | f1_qualifying_dashboard.ingestion.fastf1_loader_multiple_years:load_multiple_years_rounds:44 - Loading 2026 Round 18…
2026-04-10 11:14:40.262 | WARNING  | f1_qualifying_dashboard.ingestion.fastf1_loader_multiple_years:load_multiple_years_rounds:50 - Skipping 2026 Round 18: The data you are trying to access has not been loaded yet. See `Session.load`
2026-04-10 11:14:40.264 | INFO     | f1_qualifying_dashboard.ingestion.fastf1_loader_multiple_years:load_multiple_years_rounds:44 - Loading 2026 Round 19…
2026-04-10 11:14:45.205 | WARNING  | f1_qualifying_dashboard.ingestion.fastf1_loader_multiple_years:load_multiple_years_rounds:50 - Skipping 2026 Round 19: The data you are trying to access has not been loaded yet. See `Session.load`
2026-04-10 11:14:45.206 | INFO     | f1_qualifying_dashboard.ingestion.fastf1_loader_multiple_years:load_multiple_years_rounds:44 - Loading 2026 Round 20…
2026-04-10 11:14:50.192 | WARNING  | f1_qualifying_dashboard.ingestion.fastf1_loader_multiple_years:load_multiple_years_rounds:50 - Skipping 2026 Round 20: The data you are trying to access has not been loaded yet. See `Session.load`
2026-04-10 11:14:50.194 | INFO     | f1_qualifying_dashboard.ingestion.fastf1_loader_multiple_years:load_multiple_years_rounds:44 - Loading 2026 Round 21…
2026-04-10 11:14:55.064 | WARNING  | f1_qualifying_dashboard.ingestion.fastf1_loader_multiple_years:load_multiple_years_rounds:50 - Skipping 2026 Round 21: The data you are trying to access has not been loaded yet. See `Session.load`
2026-04-10 11:14:55.065 | INFO     | f1_qualifying_dashboard.ingestion.fastf1_loader_multiple_years:load_multiple_years_rounds:44 - Loading 2026 Round 22…
2026-04-10 11:15:00.070 | WARNING  | f1_qualifying_dashboard.ingestion.fastf1_loader_multiple_years:load_multiple_years_rounds:50 - Skipping 2026 Round 22: The data you are trying to access has not been loaded yet. See `Session.load`
2026-04-10 11:15:00.084 | INFO     | __main__:run_ingestion_multiple:51 - Loaded 10119 raw laps across all sessions
2026-04-10 11:15:01.003 | INFO     | __main__:run_ingestion_multiple:55 - Validated 10119 laps
2026-04-10 11:15:01.351 | INFO     | __main__:run_ingestion_multiple:59 - Saved validated qualifying data to DuckDB
